Date,QQQ,SPY,GLD,TLT
2005-01-03,-0.010576895207501371,-0.004726935993807122,-0.017968665483389802,0.0021422170459728667
2005-01-04,-0.018395584583020652,-0.01229522301891356,-0.006529845317733264,-0.010536430249215698
2005-01-05,-0.006208416768835461,-0.006924792971266669,-0.0016392348746523818,0.005339144901567465
2005-01-06,-0.00494250847312406,0.005071854085813245,-0.012261333638891793,0.0006798052435961341
2005-01-07,0.005201471146579339,-0.0014342104304379925,-0.007381897245418499,0.0022610796969724086
2005-01-10,-0.0005191515465466817,0.004716750618634286,0.002625627696485633,0.0015800822262913932
2005-01-11,-0.007032018515887507,-0.006914581406968708,0.006178687004495116,0.005846647458542336
2005-01-12,0.008329508146760672,0.0032949374100658094,0.009197079351984367,0.0013445532640084332
2005-01-13,-0.013308045722391504,-0.00804487460192657,0.0,0.009581776018305838
2005-01-14,0.009412142437189571,0.005257740203477709,-0.0065944371176744334,-0.00011004468107319038
2005-01-18,0.007519043949065883,0.010348795715110284,0.0,0.003321148303021297
2005-01-19,-0.016667619508505652,-0.010518192827778371,-0.0014188078686102948,0.002869631331418324
2005-01-20,-0.019356484927569428,-0.006108801567210569,-0.00023661866710279286,0.001982228496485962
2005-01-21,-0.008064458658692465,-0.0061466365827081235,0.011530935359385552,0.0010987660002268267
2005-01-24,-0.014134580214527478,-0.0019715085951385173,0.0007016437791639085,0.004277004871938029
2005-01-25,0.004914845138768316,0.002827108304249186,-0.012469253807297102,-0.009454173169258463
2005-01-26,0.011915641533428094,0.0029905690153517843,0.010596989466519383,0.0018754267805796794
2005-01-27,-0.0013475864492426717,0.0017044804310890353,-0.0016410669918453088,-0.001875426780579742
2005-01-28,-0.004863959690717092,0.0,0.001641066991845344,0.0100003115621184
2005-01-31,0.012917894379810651,0.006196994836675205,-0.011070597267868664,0.00283974015165461
2005-02-01,0.003203403549517863,0.006327271110804649,-0.0028463668889051274,-0.0015891333724803588
2005-02-02,0.001597921223117844,0.0030233647173901128,0.0014241961696689009,0.0022997875949753673
2005-02-03,-0.011507673012486539,-0.0026025707777793793,-0.011450495846862259,-0.0005475473819717535
2005-02-04,0.016021319117968523,0.010618948469564142,-0.005051101072885615,0.01380258283672528
2005-02-07,-0.0021224308174580095,-0.0013317483246075986,-0.0048344488376878625,0.007420786007657505
2005-02-08,0.0018573879783578787,0.0011656216159991737,-0.00024238789355093634,0.005661325940473103
2005-02-09,-0.016834067737866696,-0.007515407277887051,0.001211167689359154,0.002659682988284422
2005-02-10,0.0010777914589985259,0.003598078722686901,0.010594816644642752,-0.013585535571634005
2005-02-11,0.014695520350323878,0.0085647899696113,0.007873160646245932,-0.0006454657581472173
2005-02-14,0.004499548335234061,-0.0007455113846279554,0.011107225145850637,0.0031204910284138273
2005-02-15,0.006579675597305374,0.003722566908807748,0.0007048653790649931,-0.005062853492712846
2005-02-16,-0.003679687861117883,0.0006600370756213265,-0.0014101382284351636,-0.0037862541450899984
2005-02-17,-0.013518521195577886,-0.008118427305604064,0.004926674703408775,-0.0063060779865181825
2005-02-18,-0.0032079830251438837,0.0013301634205095119,0.000467956439769851,-0.00898427338420353
2005-02-22,-0.012392417684316117,-0.014980083675574895,0.018999637742317513,-0.004412596154981059
2005-02-23,0.0013543455222448815,0.0071418040412595165,-0.0034487108457084453,0.0033109015283583417
2005-02-24,0.012642783002604244,0.006591495635924675,-0.0020748442692022466,-0.00220621388274719
2005-02-25,0.005597957442333991,0.00984781438611851,0.003915660084462377,0.004846802823907466
2005-02-28,-0.010689121015398638,-0.006609887048659011,0.0006893894267664206,-0.010827047189076983
2005-03-01,0.010954534526694239,0.004961506766686151,-0.007146948198724407,-0.00031252900704540465
2005-03-02,-0.0005311349804823118,-0.0004946279399638992,0.0006938540552079055,-0.0013386923918267248
2005-03-03,-0.008277313221976758,0.0004124844613467689,-0.006495007182720466,-0.000557543150287337
2005-03-04,0.005881565996641398,0.012379498416565347,0.009496303825856959,0.01077449577196797
2005-03-07,0.01428949022038407,0.0004885251497603374,0.002072543061182761,0.003969616083243678
2005-03-08,-0.010033514395601744,-0.0037528172298777994,0.012800118961104523,-0.009509460248938693
2005-03-09,-0.002925009857341743,-0.011179981078100535,-0.00022710554600360026,-0.01646606920084123
2005-03-10,-0.0013309659674406115,0.002229887384231073,0.004080719847417438,0.006080774744872016
2005-03-11,-0.009371741933869877,-0.007035619269716241,0.005190117471778481,-0.007324205820246499
2005-03-14,0.004562720397383525,0.006210246144049887,-0.009043731773192292,0.005975956580247105
2005-03-15,-0.0080672906845355,-0.008289177246958119,0.0006811804995411508,-0.006315388511643312
2005-03-16,-0.011403209806517297,-0.00852639153976607,0.005658043661345511,0.006090043873137955
2005-03-17,0.0024541287047424895,0.0020126329302947027,-0.011120089001181777,0.003255666039331769
2005-03-18,-0.005462956406601315,-0.0029733076916622562,0.001596162590733232,-0.0062958004507572655
2005-03-21,0.0019153672387170195,-0.0037185878473646075,-0.018395534624859662,-0.0028224319417900026
2005-03-22,-0.012378010382825233,-0.010213000114911268,-0.010263645454440903,-0.00851956357026064
2005-03-23,0.0035919412423841947,0.0008551978861044945,-0.005407403742805499,0.004779040927648118
2005-03-24,0.0002757363541985168,0.0011958971110521902,-0.0007074350055783737,0.0020414299825304142
2005-03-28,0.0019277213112566288,0.0014498734329611391,0.0035323603275894165,-0.006135818366620241
2005-03-29,-0.008012173310990101,-0.006670827417751169,0.00047004600690944275,0.005909385651388538
2005-03-30,0.01868695272531158,0.014060012501200403,0.0011741045353950623,0.004973066212177339
2005-03-31,-0.004364956700567154,-0.001863134283745173,0.004916294198632268,0.00719017038577
2005-04-01,-0.010169420428690464,-0.004502990845957243,-0.004681674425482663,0.003366110940905919
2005-04-04,0.007156534152028832,0.0017011948293363828,-0.005175203383487659,-0.00022440356512703488
2005-04-05,0.0027399620025368404,0.004749424108315087,0.0011785325043955194,-0.0025801093218206384
2005-04-06,-0.0016429660274252364,0.003462916865585551,0.004231325102584404,0.003475267156676531
2005-04-07,0.011982389803046637,0.0053814284261979985,-0.0014084831613397084,-0.008089006805185957
2005-04-08,-0.00815469943663824,-0.010453032243704337,0.002814895929692614,0.0034908106871516065
2005-04-11,-0.00437600732251531,0.0007622923794330705,0.0021060065188699692,0.005381940917449873
2005-04-12,0.004922661682965799,0.00515187980938432,0.0014015740215325113,0.009237241291259548
2005-04-13,-0.01650279835439449,-0.011864291808439648,0.0013996123608867256,-0.0024398014955641176
2005-04-14,-0.014244086453033065,-0.013129377438096983,-0.013848364312432566,-0.0015559081651293479
2005-04-15,-0.02304818697768227,-0.01409155739951829,0.0021249010358104564,0.013149786625691008
2005-04-18,0.00028747774342271815,0.003061334005119561,0.006816270375332937,-0.0007685620693303281
2005-04-19,0.006882957544377232,0.00791551631472148,0.01372593773248563,0.009621433575240965
2005-04-20,-0.008322653525178166,-0.014048271953520063,0.0027688699314186373,-0.0025054111030970105
2005-04-21,0.02616725617236689,0.019233977492249893,-0.004850521088753664,-0.01052779898651383
2005-04-22,-0.014990775830750105,-0.0037996457528239875,0.004620030567512913,0.008343679418643876
2005-04-25,0.008231037970088744,0.006554001977047356,0.0011516582685481746,0.0029467497429823924
2005-04-26,-0.009371884630991903,-0.009761367527436294,0.004593502966645929,-0.0015266507672180851
2005-04-27,0.0014255210752154657,0.0038992410460080233,-0.010133634068112189,0.0034872773651368183
2005-04-28,-0.010021458775128049,-0.012617380995382711,-0.004640397217137494,0.007370420457554185
2005-04-29,0.006596941283287071,0.013481625122823943,0.008106552333935738,-0.0017291142781746334
2005-05-02,0.003994449900540531,0.005599837646915279,-0.010901126355548211,-0.000217341140044354
2005-05-03,0.0051120437972174745,0.0017168108781765138,-0.0028024947683054522,0.002711497257661931
2005-05-04,0.012108203315707097,0.007689001537489554,0.003268814598599033,-0.00881130920935662
2005-05-05,0.0008386182158146119,-0.00034076409832347904,0.00023303394519147896,0.002291128461180049
2005-05-06,0.0027922145605594442,-0.0031549138642674476,-0.009130331207844171,-0.007438560426859949
2005-05-09,0.00473006660952701,0.006215532772918523,0.0007052728493703425,0.0009871375309706573
2005-05-10,-0.007242315316099849,-0.010408856347817132,0.0021129284545669176,0.007106193251593658
2005-05-11,0.0050193820242636095,0.005473576074541755,0.0011719030574265017,0.003045104655654273
2005-05-12,-0.0027850885517477783,-0.011063973876041112,-0.012492767987104848,0.003902641840283009
2005-05-13,0.010819704111472645,-0.001985677205291389,-0.004993449513758401,0.0038861188026248546
2005-05-16,0.006600712408179353,0.009289656597782048,-0.001670039593571195,-0.0011856711802640226
2005-05-17,0.006011789049636565,0.006656219986933993,-0.00047767990788377847,0.0028008971700834006
2005-05-18,0.01353240973198661,0.010237921996344714,0.004528636676695042,0.0066481799262849885
2005-05-19,0.008298992821065597,0.0042004522311698605,-0.0016660647871720412,-0.0025678915258376994
2005-05-20,0.0039907917310397015,-0.0014263531758130844,-0.007891898239560196,0.0011780189219565466
2005-05-23,0.005032246513895034,0.005525590445598436,-0.0007206099466198394,0.0077825450463658635
2005-05-24,0.003165733209952913,-0.002340510179820924,0.0026394883318275482,0.002756623756976267
2005-05-25,-0.004222696767912063,-0.0007538559027982602,0.0033492708869692074,-0.007013100855409915
2005-05-26,0.009999664921753046,0.00534586119506188,-0.004308295568608848,-0.00032092562843736915
2005-05-27,0.000524005961480465,0.001664377830771121,0.004547152554352749,0.0010666523349396938
2005-05-31,-0.0034076733241032667,-0.0064237121262715365,-0.005507006257920899,0.012285106121389403
2005-06-01,0.00810745625643483,0.008500875786855475,-0.0028853769992222954,0.012171383364138156
2005-06-02,0.007008170650528789,0.0021552760221901497,0.013631676194803669,0.0023972656211615896
2005-06-03,-0.014590811424539534,-0.005064049913032893,0.0016613198934977114,-0.008259937969882208
2005-06-06,0.00026207011158336347,-0.0009162313984175972,0.007324341820024229,0.005236238926271962
2005-06-07,-0.008432315985341226,0.0007493428253462424,-0.002356788114264282,0.007905035026832449
2005-06-08,-0.0021181701276690563,-0.0018328640902266927,-0.0009443087328481455,-0.004776402072546465
2005-06-09,0.0063433337717202125,0.0047424936042377245,-0.001654643902374655,-0.0008347242698104074
2005-06-10,-0.010595441468505964,-0.002326895842727968,0.008245976200893991,-0.011316282509186057
2005-06-13,0.004781952630380845,0.003156321885786117,0.003747073510715156,-0.006025438847246615
2005-06-14,-0.0039836085306989705,0.0023200335880873947,-0.004216457663253803,-0.006595857561370348
2005-06-15,0.003187847337837321,0.0019008471447970897,0.0032810717059978092,0.00181401043408525
2005-06-16,0.005290677870932872,0.0025568878323890707,0.01670566459973835,0.004993348632898187
2005-06-17,0.0001329134151182781,0.0036983608483584026,0.0039040578544222043,-0.00010558930158745505
2005-06-20,0.0,0.0003294058845507821,0.0006873360101561252,-0.001696879572148082
2005-06-21,-0.0005290483176084741,0.000576428295209637,0.0034297855454410334,0.0073005117345150495
2005-06-22,-0.0010565768462444324,0.0008228407418862486,-0.002056441943057124,0.012049396522027486
2005-06-23,-0.011171470778982756,-0.014165675366752301,0.006838395268039535,-0.0010422257060422719
2005-06-24,-0.011295873476304072,-0.007369165299622422,-0.0027297316581218743,0.004992272579887062
2005-06-27,-0.004609196148445905,0.0014278961256221558,0.00022772625942488032,0.0026942179754967
2005-06-28,0.009466260362303872,0.008357892572663448,-0.010531211828189758,-0.006853006020619809
2005-06-29,-0.0021552951039008152,-0.0026673527406240816,0.0041341423463071925,-0.001563037411034887
2005-06-30,-0.007854490974385215,-0.00543921993447092,-0.004364367604562605,0.008932807753385669
2005-07-01,-0.0013600170498984266,0.002932651141076261,-0.017181705910153004,-0.012194194825280112
2005-07-05,0.010292525824846547,0.007999649980608006,-0.00988480597185764,-0.00949951768475001
2005-07-06,-0.0048628558870269685,-0.008417728109217013,-0.0007097783269727351,0.005499848845106875
2005-07-07,0.0035144596657817493,0.003926074355165127,0.002600181338699863,0.00210746428490866
2005-07-08,0.018976723427208013,0.011356146027250031,-0.002363562671597049,-0.004113158919353524
2005-07-11,0.009223975128348641,0.005097687385813963,0.0066038588233694575,0.0
2005-07-12,0.004710940685722115,0.0026205298831124936,0.0023479342498727383,-0.005615938273629829
2005-07-13,0.0023474064897678988,0.0013898880329310888,-0.006824380475663703,-0.0014884700488077976
2005-07-14,0.009849484193995419,0.003912758851820628,-0.01068252172261526,-0.00255882768207238
2005-07-15,0.0030905151833359773,-0.0005694919778589833,0.003573504930082332,0.002664780561674929
2005-07-18,-0.004122352241189498,-0.003997096547860529,-0.0009517230480238243,-0.007477327223398553
2005-07-19,0.011551416436727477,0.005461095204617855,-0.0028605248387047126,0.003531808160646172
2005-07-20,0.007120909315678867,0.00340864615144567,0.007373118732496952,0.00543390937330174
2005-07-21,0.00025382281890336744,-0.005850410127574486,0.00614219559189617,-0.01369475622608168
2005-07-22,-0.0012681741775544028,0.006660034166002597,-0.00023550398297923907,0.007726917092097775
2005-07-25,-0.0038117010717160183,-0.002837233867964855,0.001412372156634946,-0.0036416820207756297
2005-07-26,0.00381170107171606,0.0012172395709648771,-0.006134949083469094,0.0016086540936068093
2005-07-27,0.007581774947231832,0.0036416855400939582,0.004486927584186658,-0.0016086540936067334
2005-07-28,0.004772291804069763,0.006281198877363016,0.007277913995399496,0.008865447109245472
2005-07-29,-0.008302820195853697,-0.0066850664292187716,0.001636080651822505,-0.009939165261935713
2005-08-01,0.0017668785408507322,-0.0007276068092942453,0.007213559390177959,-0.0037250247134895473
2005-08-02,0.010787059853162043,0.005966367814398063,0.00023179138808199025,-0.0032512479669717076
2005-08-03,-0.0004997580375421187,0.0026500681598580897,0.008999700708553276,0.0048723646243890644
2005-08-04,-0.009782714816676665,-0.00805058372484432,0.003440010901869789,-0.0020552491800265873
2005-08-05,-0.004801457618841475,-0.0068127190750879646,-0.0018332230655092423,-0.007822898795134503
2005-08-08,-0.007372517510611745,-0.001873304757587669,-0.005750447330267251,-0.0018575407638154878
2005-08-09,0.006612745071122513,0.006015227621097896,-0.00023066839856781824,0.0037090145974438327
2005-08-10,-0.008656361261938354,-0.0004867192347969301,0.007127317613814467,-0.0010893236002939841
2005-08-11,0.008148620122075626,0.003965218093216395,0.01816166188116084,0.006952739090520739
2005-08-12,-0.005594950918968112,-0.00615653773201497,0.0008995034208769364,0.010125626876791097
2005-08-15,0.006102692058830912,0.006156537732014954,-0.00812463505949221,-0.002575352086039123
2005-08-16,-0.016356615966183048,-0.013088027397759406,0.009472289306063036,0.006959749866642045
2005-08-17,0.0059093010739651375,-8.184105788363177e-05,-0.01447005569274202,-0.006638114683786416
2005-08-18,-0.00513631469018928,-8.18477563906989e-05,-0.0018235248916069417,0.007383752739799608
2005-08-19,-0.0005152578603773832,0.0022888453747334013,-0.005261440849239186,-0.00010615213915087134
2005-08-22,0.0005152578603775004,0.0,0.0022910042023477372,-0.0010664267211629465
2005-08-23,-0.0028358268482594805,-0.0018796735668877877,0.0013720001974238192,0.004579332729505293
2005-08-24,-0.005956508501116422,-0.00895702328274145,-0.003892350006710497,0.000955800615408214
2005-08-25,0.0023346478061992268,0.0036254181684549137,0.0032065852060479284,0.003179806404062134
2005-08-26,-0.0033741887764106825,-0.0068492874509797005,-0.0027478591065202046,-0.0003172556141630767
2005-08-29,0.007769710487945685,0.007671590821881943,-0.0009176627252673096,0.0012691906147997867
2005-08-30,-0.003618245865183576,-0.00527332432930786,-0.012936225354478486,0.006322362316744043
2005-08-31,0.00927808505623929,0.012560200139190845,0.00902686849425043,0.008369507786655994
2005-09-01,-0.001540439173323976,-0.0007344042370434871,0.018717726769667944,-0.006039143511535888
2005-09-02,-0.0038612239764961205,-0.0017979290575255505,0.0006781684194120493,0.0008409604327422475
2005-09-06,0.01459525002964186,0.011627820256763958,0.0004518856303791501,-0.007065885756380511
2005-09-07,0.0017778745427086831,0.0016965407406411587,0.0013544329777345609,-0.009463491353662569
2005-09-08,-0.00025432252173184823,-0.003314888363453587,0.006072134751433877,0.0010672742542308313
2005-09-09,0.0055684963384902185,0.008867692839087586,0.005366776793414331,0.0031970170656570227
2005-09-12,0.002772887729511589,-0.0020083566550159115,0.001114437590335973,-0.006939107276277127
2005-09-13,-0.0025205402406148756,-0.005563998807252339,-0.007378412759289671,0.005235308701425766
2005-09-14,-0.011420066499131758,-0.003645880980921556,0.008936558784336007,-0.003843240771010119
2005-09-15,-0.000510215745522316,-0.0004872498024684752,0.010179311141287253,-0.008270608141728966
2005-09-16,0.0061094384172671636,0.007085809568273097,0.008768174001461274,-0.006602344004682798
2005-09-19,-0.007898673164713509,-0.003325471071329488,0.009340793593402948,0.002169695695231429
2005-09-20,-0.004101675459437216,-0.008485181324691013,-0.00043253586017500794,0.002596665821537428
2005-09-21,-0.011106798985437887,-0.009384056427260914,0.01779448438266131,0.009250432358310428
2005-09-22,0.0036295026672383307,0.003549856366004081,-0.014986380843891567,-0.0009640647846488888
2005-09-23,0.002842884727461818,0.0008241544978109585,-0.0017271556880254209,-0.007529689318014998
2005-09-26,0.00025778212303432743,0.0011521843544093256,0.006246674492227192,-0.004545841640366692
2005-09-27,-0.00232451180769844,-0.00024722758719218456,-0.006895086482796446,0.0014083103028579849
2005-09-28,0.0002586614388867612,0.000986904961838193,0.011821722663041578,0.006694823404141476
2005-09-29,0.01335378899856525,0.008103615171821957,0.006389782004315867,-0.004530606231581538
2005-09-30,0.00661072610603508,0.0030935964678903043,-0.008528787613907051,-0.003464368199062856
2005-10-03,0.002531160452962612,-0.0035820410418308576,-0.006013819610977734,-0.007849247393885223
2005-10-04,-0.006592937412800998,-0.011320411662852931,0.0006461202839017118,0.0032874210554804228
2005-10-05,-0.013836887775950121,-0.013203375109751305,-0.001939450047779739,0.004365379593893604
2005-10-06,-0.013245071724640931,-0.0036011534134669366,0.018168683528509144,-0.003818960866934781
2005-10-07,0.00234988954669075,0.0034338094602705126,0.003172288297702827,0.004037180055641945
2005-10-10,-0.005491963151790011,-0.008480068124686714,0.00021109092407153046,-0.0006536953668428
2005-10-11,-0.004995278309005856,-0.0014347051204622904,0.000422128712852118,-0.002072252515923582
2005-10-12,-0.011932401530979011,-0.007882958972274298,-0.011460246985187512,-0.009765054363005836
2005-10-13,0.007705782665004197,-0.0005960245715928379,0.003622076732456221,-0.003644761677895249
2005-10-14,0.007384285217761924,0.01050402206109087,-0.004689866225957319,-0.0015493238317504888
2005-10-17,0.003147726872325078,0.00370063583523523,0.009781049621695053,-0.00022211317407932912
2005-10-18,-0.007096958716717577,-0.010889350920592443,-0.005516634533112237,0.0011069442308940436
2005-10-19,0.019849477323652876,0.016498825521907,-0.01414207941303838,0.0004438460980804166
2005-10-20,-0.009353392316035528,-0.017772809742273573,-0.007799012917697535,0.00265230978012613
2005-10-21,0.006245266830673122,0.003901496583814226,0.011675828111288618,0.009229698737691612
2005-10-24,0.015700176967647982,0.015372974032912606,-0.0027984318839231513,-0.007796485200830408
2005-10-25,-0.003837969510942404,-0.002002685181744973,0.014339506874232317,-0.008634605375930525
2005-10-26,-0.005140390715779044,-0.0029278101473359857,-0.0027662761718075758,-0.007364306242144804
2005-10-27,-0.020302771029760486,-0.010696271029354883,0.005312944138745386,0.003576789914997371
2005-10-28,0.007597477929457852,0.014292026995332361,0.0008474770609084391,0.00011157638114236142
2005-10-31,0.014250668821383788,0.0027505125953083474,-0.017518065391236633,0.0018950576038115764
2005-11-01,-0.0007723893373053836,0.002992984126777792,-0.014544964457705811,-0.0011520985569627936
2005-11-02,0.013045403521731998,0.01040277444789095,0.008708993064364326,-0.004715541426711129
2005-11-03,0.014882388214954008,0.004261544065843904,-0.0036920876637241665,-0.006774432500035244
2005-11-04,0.003499540758270602,-0.0013094157809399518,-0.009839387913189087,-0.0015887014427965911
2005-11-07,0.0012461909268154125,0.000982562408647192,0.00569681951966618,0.0033998066995048625
2005-11-08,0.0002491408627635613,0.0,0.0030540902705580722,0.009678868670038223
2005-11-09,0.000497984484533414,0.001307949645324566,0.014058877980764004,-0.010358118179332184
2005-11-10,0.010896459540413211,0.007732221764221478,-0.001719730223224147,0.012148954706047647
2005-11-11,0.0027057182328893074,0.003399483336478747,0.0068610839264361964,0.0005571709212888603
2005-11-14,0.0,-0.0005658681898407477,-0.003853575924959696,-0.0075138988900173235
2005-11-15,-0.004678071719602442,-0.00364497895616422,0.0008576526265601306,0.006509137883752988
2005-11-16,0.0061509376558709986,0.002026638285125839,0.02371985302617489,0.010459097026019963
2005-11-17,0.013158210472063479,0.009269338592563044,0.014544215969487923,0.0024324788913259515
2005-11-18,0.0033833561326731053,0.003923757878330483,-0.0004126358227933849,-0.004648256766131827
2005-11-21,0.002409570934901737,0.005021672402634673,0.010877533415953692,0.0029912027253067497
2005-11-22,0.003603558444795883,0.004284974645876634,0.006713442196576113,0.0013252732500082251
2005-11-23,0.002395569616487661,0.005763404786555321,-0.003452794469951524,-0.003872879463581092
2005-11-25,0.0021502115762862236,0.000786817217788931,0.005478285871055113,0.0036527998866352114
2005-11-28,-0.00838970264486257,-0.0071044438319273345,0.006454308610487604,0.004959381996815338
2005-11-29,-0.004826880147498328,-0.0011100688465802639,0.0012054965904707295,-0.009499171509014206
2005-11-30,-0.0024217184436909614,-0.005407152608538207,-0.01415596498702683,-0.0011114273420377177
2005-12-01,0.018499493040883018,0.010154539637877383,0.0215581982756461,-0.0015637432971163893
2005-12-02,0.0023767466938680497,0.001262370673296786,0.002985404328326618,0.0003349785352939116
2005-12-05,-0.007388150074985173,-0.0021307710722381907,0.009099945909995211,-0.004478749745950738
2005-12-06,0.0033433344002811198,0.0018944272214059623,0.002163876369716232,0.010161549277188668
2005-12-07,-0.0019091687723124366,-0.005852488065014621,0.008414105193713344,-0.0037839547609554887
2005-12-08,-0.007192451632104285,-0.000634753132059671,0.011238285771298415,0.006447075151174636
2005-12-09,0.003842182680896811,0.002615610298543363,0.009587800874615747,-0.007897879001930383
2005-12-12,0.003589007907600542,0.0009496683119823994,0.0030487798575956843,-0.001901122102639157
2005-12-13,0.00405167035768916,0.006777878617760773,-0.0174651751961011,0.003686477410536943
2005-12-14,-0.003335475803188792,0.003919808493812743,-0.02549163624918632,0.010203837331114999
2005-12-15,0.0016693412023326504,-0.0028989497706810407,-0.0021870332902152977,-0.0024312024895350487
2005-12-16,-0.006926105517905291,-0.0032238884521228464,-0.0029901651531156147,0.003313164872481137
2005-12-19,-0.016000919773524924,-0.005157076606198475,0.0025919876207500217,0.0009918522605962068
2005-12-20,0.0007330095523211449,0.0009537858817669541,-0.023777067739602628,-0.0012125471288237778
2005-12-21,0.004385835653064103,0.001588294680689473,0.006706620338919612,-0.0017643791352783427
2005-12-22,0.006542950134574487,0.005223345673681775,0.015476149921333452,0.007921641871736298
2005-12-23,0.0,0.0005526023908264521,-0.0003989718404908519,0.006119113361329877
2005-12-27,-0.008733083906073406,-0.010229299937081283,0.010321657066455383,0.008136336931518554
2005-12-28,-0.0012189736823266253,0.002229417866352541,0.016257371598287152,-0.002791832052001337
2005-12-29,-0.006609482263106292,-0.004463465057399632,0.0,0.0021735906515469453
2005-12-30,-0.007641581292705287,-0.005446362398028465,0.00213489857106166,-0.002283312591360288
2006-01-03,0.022027393832885146,0.017435211729946856,0.02941944910807375,-0.0013063042769212209
2006-01-04,0.010355243266653092,0.0047250950932263185,0.003382831797150453,0.0023943535728898676
2006-01-05,0.004303322290313525,0.0006282484044602777,-0.018175416840417152,-0.0011958375332010375
2006-01-06,0.017967242022615168,0.008287328587188274,0.02602449436115473,-0.0018520357387697983
2006-01-09,0.0039753537653088285,0.002565563681971558,0.016248460425883546,0.0006535196990809482
2006-01-10,0.000699382531390515,0.0010091856069049242,-0.009939288552968184,-0.00809536922489828
2006-01-11,0.007666350659662358,0.0031755451278781197,0.008656420300679264,-0.0016493144398971235
2006-01-12,-0.004871734829883891,-0.00395148151043859,-0.001835508499204341,0.0066894146289287505
2006-01-13,-0.00046521002824559757,-0.000932038988848588,0.018385852058020367,0.005775519148700702
2006-01-17,-0.006535871489327143,-0.0027239704225679334,-0.003252040989607987,0.004445215949874252
2006-01-18,-0.011541873155368207,-0.003981803369792433,-0.02176979137145157,-0.0003249925821966255
2006-01-19,0.007317638342464326,0.0038260266330928964,0.02772383396043182,-0.0029260478750627594
2006-01-20,-0.030323825859809854,-0.018405171493850285,-0.007040364605841864,0.00260149155668111
2006-01-23,0.00024298072296266842,0.003565833531016681,0.010273131505108786,-0.0003252812257520474
2006-01-24,0.0043522015794478135,0.0010275869423110662,-0.0007175052420346415,-0.004884331659456746
2006-01-25,-0.00435220157944781,0.0008691611888875566,0.007329966694290513,-0.010941148291758653
2006-01-26,0.007004168744183707,0.005511382427999076,-0.004642006558574431,-0.004299348963846045
2006-01-27,0.013387194180095957,0.009222462380243388,-0.004483910215659325,0.0
2006-01-30,0.001897819429666337,-0.0007782817348072497,0.018698776919120332,-0.0009947575449734906
2006-01-31,-0.004512884871627225,-0.007345695416259419,0.00035280398276080644,0.0027611088082517663
2006-02-01,0.0035644781738093643,0.006956284371080777,0.0,-0.0034254110917916174
2006-02-02,-0.017229425070361307,-0.01167334208317529,0.004926096846573146,0.0018859690868000792
2006-02-03,-0.012386416853135844,-0.004977106092573922,-0.008459682883606469,0.007069642875329513
2006-02-06,-0.0026916535664183155,0.002610555089806055,0.0038862655930409257,0.001979090936023844
2006-02-07,-0.004420301460608214,-0.008886691338221977,-0.03809304894107721,-0.004735491651104149
2006-02-08,0.011501866090073627,0.009044484916089706,0.00420366800672235,-0.0023203606909216403
2006-02-09,-0.0095354217398211,-0.0016598627328064258,0.02432330429712352,0.00452531959299098
2006-02-10,0.006122628721859262,0.0018179794714110933,-0.025053114848127972,-0.005521579559604099
2006-02-13,-0.01154108461565913,-0.0018179794714111579,-0.019722317881601545,0.0001104026307724364
2006-02-14,0.010074994863740786,0.010544441044424717,0.014231835019739241,-0.003549080325898832
2006-02-15,0.006336652675109843,0.0035165810056407344,-0.013487564404801337,0.00244205619241211
2006-02-16,0.009191126698586308,0.007460165552772701,0.01403795023117115,0.00022211893975981813
2006-02-17,-0.007976319477629158,-0.0027132352414865643,0.008038016031443143,0.007947067110746123
2006-02-21,-0.011225405636087303,-0.002487576895276093,0.0029069760713780913,-0.0016509849881875772
2006-02-22,0.01243798371422263,0.006052246677077971,0.0039833697886547965,0.006805861982542129
2006-02-23,-0.0026695503968442755,-0.0014707660755048388,-0.012729773023942181,-0.002519488921446655
2006-02-24,0.0026695503968442343,0.0025530297571795734,0.018136151993469803,-0.0015354871723674388
2006-02-27,0.011086561769665012,0.00038659777290879,-0.007577127477402215,-0.0016497957595480867
2006-02-28,-0.01497171697398697,-0.00954634734270286,0.015275676084631486,0.004938123684339051
2006-03-01,0.013532674082988623,0.008850687381152085,0.0005348806365655907,-0.0060600126040187855
2006-03-02,0.0007199938405022681,-7.73443626098509e-05,0.011343673633042218,-0.006987786802056722
2006-03-03,-0.005773336873410929,-0.004648904759376273,-0.008140248406057845,-0.005804072062009672
2006-03-06,-0.008723041084871513,-0.004592893441815803,-0.01883293493158655,-0.008769363717341999
2006-03-07,-0.005857995268019193,-0.0015616689331969895,-0.005082580890901775,0.0006771986395270227
2006-03-08,0.0004892431160309116,0.0021074625796806295,-0.017995335485148433,-0.0003381812286823397
2006-03-09,-0.008600514390709904,-0.006728430019995733,0.004990315328593799,0.00033818122868238456
2006-03-10,0.0009868686236695573,0.009454309925311773,-0.007587707988952681,-0.003730642502974274
2006-03-13,0.0029542287313662173,0.0018644276568105188,0.00887743074453615,-0.0007942044819113944
2006-03-14,0.016819154507237644,0.01042459590115142,0.010258334271688237,0.0066673418301626914
2006-03-15,0.008424441689203258,0.004445453268395012,0.004545875722809695,-0.00542123183987996
2006-03-16,-0.00842444168920328,0.002062626306896914,0.0039833697886547965,0.00901819764668629
2006-03-17,0.002633267778612813,0.0008349189599861392,-0.003983369788654952,-0.0030349230713276566
2006-03-20,0.0024095902607723985,-0.0016093466489125715,0.0009066867676153741,0.0015751534295124824
2006-03-21,-0.01064596589067516,-0.00630713541477037,-0.006181771283939387,-0.005183473157675112
2006-03-22,0.002429494318608881,0.006077341882825939,-0.0014601541144710205,0.0021446701249044223
2006-03-23,-0.002916188881603898,-0.002072967853157849,-0.0009136453209700005,-0.003162000868945504
2006-03-24,0.005097709365534314,0.0007684574457923377,0.01829592422327758,0.0073242483473724175
2006-03-27,0.00024262407586293322,-0.001460008821336242,0.012132179396417623,-0.003711542451950516
2006-03-28,-0.004123986819526341,-0.006172443037352494,-0.005869256761886151,-0.009394977095205708
2006-03-29,0.01878157731850671,0.006248921167176964,0.017856008967773458,-0.004788249761885192
2006-03-30,0.003096569425371689,-0.0017703718462646406,0.026456091342854822,-0.006994590166300865
2006-03-31,-0.002857957608159117,0.00023124291393179672,-0.008569032949188241,-0.00034540911502576325
2006-04-03,0.0011917819672741753,-0.0007706229326563418,0.006348185470116209,0.00032211859334769615
2006-04-04,0.005463808199949004,0.0063776962901234465,-0.00239725090815688,-0.0010389820301653664
2006-04-05,0.009432138846040952,0.0034407385380617445,0.005641488791230979,0.001386403957895427
2006-04-06,0.0028119951110393607,-0.0010690795317261728,0.010513899447593818,-0.007650312104909794
2006-04-07,-0.009641359336118717,-0.01021502445982063,-0.011707924234642699,-0.009821976666142132
2006-04-10,-0.0014185778831921018,0.0015426566677354992,0.01709151230827808,0.001877720673241107
2006-04-11,-0.008078398722205305,-0.008514427188671419,-0.009948655844000452,0.003512987617786187
2006-04-12,0.00023861181721267162,0.0018639078574173968,0.0070922618883069175,-0.006096179505888168
2006-04-13,0.004046340395812232,-0.0013200441170182805,0.0011771580379689472,-0.007081299390399441
2006-04-17,-0.010506152433196005,-0.00038859015870103676,0.026371876607847133,0.0036645855520776142
2006-04-18,0.01902105041681534,0.015731395088917258,0.012363885008428301,0.001769315153625703
2006-04-19,0.0044646316736833445,0.0019113364766327428,0.030257109870676136,-0.006143966393981356
2006-04-20,-0.0035227593620337613,0.001373398150370166,-0.044751287678637945,-0.0008301385806577217
2006-04-21,-0.01183431436063409,0.00015215796939152567,0.03608641686474083,0.005794881628662685
2006-04-24,-0.0009537263356891821,-0.0018311145057744384,-0.024831058863613812,0.004001770969730403
2006-04-25,-0.002146533317814991,-0.0041337395034375885,0.018163277608642465,-0.01193350337140594
2006-04-26,-0.0002395912361868237,0.00022997945607011833,0.013762817006708136,-0.0016652325077796046
2006-04-27,0.009510841464236766,0.004819485126183768,-0.010899759408640247,0.0013080294651736672
2006-04-28,-0.00974910838701807,0.003352700982691214,0.03327128175431663,0.0007135219775469188
2006-05-01,-0.009844875327251633,-0.008172186108874957,0.0010749686135923268,-0.007544301037020896
2006-05-02,0.0026503215053568056,0.007487289839790831,0.02110775076209168,0.0026413119828749086
2006-05-03,-0.0014449929841486076,-0.0037367213527314926,-0.0013533415469022937,-0.002160000109152598
2006-05-04,0.0081616728649829,0.003584662703919098,0.015231058274022213,-0.0016834860338943928
2006-05-05,0.00785792340608379,0.008791838412231842,0.007529296693737569,0.005998999292801939
2006-05-08,0.000948360411098465,-0.0012082159981915246,-0.006344548315854382,0.0005979674510079232
2006-05-09,-0.003798955746618506,0.0019626207157838146,0.030897281121183933,-0.0005979674510079448
2006-05-10,-0.008840484443965822,-0.000528156025921391,0.009995755944479651,0.0017926624407639748
2006-05-11,-0.022569997123584033,-0.01214399986150054,0.009193212955575812,-0.004907515128743507
2006-05-12,-0.013592853821309632,-0.013144733395083052,0.0012663240006524636,-0.008314146398304809
2006-05-15,-0.0007470168253440992,0.00200952909542353,-0.053575200633378034,0.0039851408113057525
2006-05-16,-0.007497562174119881,-0.0014683592979648653,0.017644876407503035,0.007443858274978469
2006-05-17,-0.013640480466640613,-0.019207120406349868,-0.0067271250662083795,-0.00623952282786616
2006-05-18,-0.006889856898228307,-0.005058088901612609,-0.010176364470453626,0.013509807713766687
2006-05-19,0.007652260984425843,0.007027206216159409,-0.028264016724660453,0.0026088371722275596
2006-05-22,-0.009703226122435446,-0.007661117736225945,-0.0042787163206261586,0.0021295886693004154
2006-05-23,-0.009799224142316225,-0.007640377739215636,0.016403681898370586,-0.0005910976371700038
2006-05-24,0.0067153829180988224,0.00795716624942858,-0.035575658845409586,0.00047307265230148003
2006-05-25,0.013041713323155974,0.012288378806452937,0.009941048269267854,-0.00390834619846549
2006-05-26,0.003297977297853153,0.005076278989531283,0.0061633714364872465,-0.0007120546581939299
2006-05-30,-0.021759748134312754,-0.017919212364663387,0.00015363084740756304,-0.00047459423502995595
2006-05-31,0.004647150631520108,0.011119160014164938,-0.013607713088968276,-0.005958501545119034
2006-06-01,0.023422722354402983,0.00952259401307599,-0.026344325345324347,0.004453629026749428
2006-06-02,-0.0025194758193035098,0.002095251905372369,0.014913787710007854,0.012819436573436397
2006-06-05,-0.02193433685131524,-0.01468105369275667,-0.003312552645839676,-0.0012980141711419913
2006-06-06,-0.0007734994728988507,-0.002441362318307533,-0.011761128537159677,0.004712094785900708
2006-06-07,-0.007512333594254059,-0.007519977201336219,-0.004325897350092141,0.0002354229176521971
2006-06-08,-0.001561295023888203,-0.0008739281425163741,-0.02224296502229821,0.001995403005254343
2006-06-09,-0.006531509966831543,-0.003186348407205849,-0.007580772661454671,0.00526290624852023
2006-06-12,-0.019855056895128086,-0.010909082725617648,-0.0069721727529347115,0.0008165269560091559
2006-06-13,-0.004018617034489399,-0.011681470250402662,-0.07092235174749513,0.0006998522188338147
2006-06-14,0.010149710616481003,0.007722036448798128,-0.005379235579350925,-0.010068549167727524
2006-06-15,0.026744829479673115,0.020992581308164653,0.030106768033878732,-0.005782249943768826
2006-06-16,-0.007380185727237036,-0.007313765577809697,0.006260900631636242,-0.0022513443621197775
2006-06-19,-0.00811778073916594,-0.007893344049363085,-0.023150800407539796,-0.001424039358944743
2006-06-20,0.0013139693846538208,0.003390544074050452,0.016540912545872956,-0.001663960257978352
2006-06-21,0.01563304202383783,0.007386687249608648,0.017815961750979315,0.00023738918105290903
2006-06-22,-0.012749396650205313,-0.004409113209716034,-0.010339611013396036,-0.005725799214612249
2006-06-23,-0.001047519939708047,-0.0001607733208961834,0.004493649688969512,-0.002035716893474457
2006-06-26,0.0026171520277092465,0.004409645719714782,0.004988349549092548,-0.0019192263497900105
2006-06-27,-0.0190021893772813,-0.008677864769507397,-0.010348462113978564,0.004912151896381082
2006-06-28,0.007432478048987301,0.0067562105706818025,-0.002430124232988146,-0.005273281672411698
2006-06-29,0.02996234413561472,0.019999168048039143,0.033832024181210556,0.0033587036853360295
2006-06-30,-0.004888894686916957,7.838776042246751e-05,0.0283248597979711,0.00965223951876205
2006-07-03,0.005914989138854655,0.004077039438083988,0.015396151524819567,-0.0009882389880578855
2006-07-05,-0.02203587928696769,-0.005728085984820655,0.005133147203806899,-0.008016356983565096
2006-07-06,-0.0010494348622612812,0.0029071596446859664,0.008285586850556694,0.006108408788766655
2006-07-07,-0.011081828227729924,-0.006533895642515772,-0.006207730001220553,0.006425991546912103
2006-07-10,-0.00879410480128107,0.001893622570836436,-0.009787492538485095,0.0009484842789272525
2006-07-11,0.007466647113490967,0.004405215085411067,0.028453018348612674,0.003195913225619758
2006-07-12,-0.019042628596168697,-0.010731776455324629,0.017245775039784833,0.0002364722579216161
2006-07-13,-0.016930990747032762,-0.01639707254322869,0.009657542324286587,0.003890079692396992
2006-07-14,-0.010242683699403936,-0.003878400107432003,0.004566148251357566,0.0005881902718329851
2006-07-17,0.002500804691833084,-0.0014584751138296272,-0.02927786506214761,0.0015272506661836243
2006-07-18,0.0033252197565028516,0.005094854799056337,-0.016555351989900366,-0.008608140090255307
2006-07-19,0.0129174706165322,0.01377903387894413,0.01780551650096022,0.009429950853436349
2006-07-20,-0.01485589461780391,-0.006866047022463793,-0.023545337797397207,0.002928077023218613
2006-07-21,-0.010587752378639344,-0.007074131257109676,-0.013360389171752314,-0.0018728174668988032
2006-07-24,0.01969248940860075,0.0180685132931267,-0.009279671017174801,-0.0005859447444482463
2006-07-25,0.0057511575878424785,0.0035595316881085926,0.0066835337551839295,-0.002936775999576021
2006-07-26,-0.0008190770474094897,0.0013412682567799233,0.007284544810071161,0.003639721033709023
2006-07-27,-0.006581038741380366,-0.0009468140211006636,0.014411802920109096,-0.0015247803073476166
2006-07-28,0.020692495499198698,0.009973111669119529,0.0033330573021811403,0.005734797522171498
2006-07-31,-0.00026918674498699433,-0.0010163344350871805,0.0007919417041651264,0.0012822489630136687
2006-08-01,-0.016852808249990688,-0.004939767233001115,0.018199433154515745,-9.321682974679488e-05
2006-08-02,0.011175913615917169,0.0067372344834791195,0.006663080453584655,0.0037373369682863573
2006-08-03,0.006215255557007587,0.002650888319654367,-0.009777330003267252,0.000233292912646984
2006-08-04,-0.004589994513709384,-0.0017141120328312727,0.0024921513025285714,0.006041669543200583
2006-08-07,-0.006516953372951129,-0.0023430328351860246,0.003416701922818477,0.0005794030294759321
2006-08-08,-0.006284221286264119,-0.0038384733316743514,-0.008250981257249518,-0.002201806664066765
2006-08-09,0.0013691518896222037,-0.0033807865357200796,0.010264414233311715,-0.003255319493944541
2006-08-10,0.0070926935464889025,0.0030668323505509687,-0.021583529170159283,-0.0015145557369070418
2006-08-11,-0.00709269354648884,-0.0028305482499173425,-0.008574217652083825,-0.004322930293896479
2006-08-14,0.0065487772482069355,0.0007869241315026739,-0.007362374610728818,-0.00175760101387939
2006-08-15,0.024977868724528108,0.011887411007525175,-0.003862900050710145,0.008410639968531397
2006-08-16,0.02333264539661287,0.008283843267469029,0.007710935506649349,0.006722927012400924
2006-08-17,0.0036216355554063236,0.0025410132382363945,-0.023641044246042624,-0.0003461220821853599
2006-08-18,0.0015477631746454747,0.005063239564497843,0.0001638754202975384,0.0028848968348595175
2006-08-21,-0.009584045380463663,-0.004294416961752581,0.02267667167844972,0.003566746987233065
2006-08-22,0.0002598238533838602,-7.65869303601694e-05,-0.006265574298403905,0.0003449358628608063
2006-08-23,-0.007574790181027966,-0.00277081192521223,-0.003551786170239269,0.0004590103193265845
2006-08-24,0.0028794657868824406,-0.0008479645631795635,-0.0012947376767310466,0.0018344955922430031
2006-08-25,0.0018291342896274909,0.00123333379009942,0.0003238416104977378,0.0014872223584630232
2006-08-28,0.007539341160030684,0.004764789696131645,-0.012543952945273145,0.0009141890505095056
2006-08-29,0.003103307296921772,0.0011492271990588105,-0.0009841131508817223,0.0013712282097578196
2006-08-30,0.004636464020411569,0.0006129670023412908,0.007845734178219533,0.002620255413584974
2006-08-31,-0.001028583543590578,-0.00015314379525528644,0.014065428763227219,0.0023869172801876666
2006-09-01,0.005388213465785438,0.005952303960338823,-0.002411019821175847,0.000341810727457619
2006-09-05,0.009676215215234985,0.0019008175032652506,0.01944286299654392,-0.006286654148277823
2006-09-06,-0.020223046367272516,-0.008848835156944186,-0.007922716060125687,-0.0013772940974934277
2006-09-07,-0.004665537887879702,-0.0046080014292092806,-0.025946191654282313,0.0019506536170439143
2006-09-08,0.005958119772347545,0.0028441152744876205,-0.010009118155884447,0.000800610591738024
2006-09-11,0.006179005385704028,0.0009969679321250834,-0.035927977031141096,-0.0009150813035377944
2006-09-12,0.01831163411098344,0.009767699318945182,-0.0030816717701889667,0.005028865035167537
2006-09-13,0.006781077445957328,0.004016235612709314,0.0051308345941207655,0.00045708957790185835
2006-09-14,0.0010011246527820098,7.594908571988669e-05,-0.024696883147300203,-0.0022824684493609015
2006-09-15,0.0035714945830902533,0.002344144991431136,0.0036652959943343877,-0.0008002073640974324
2006-09-18,0.00024873473222595925,0.0013630663584739855,0.014356348078949017,-0.0016014645108698743
2006-09-19,-0.00675169631662483,-0.002500651114273599,-0.022753936934990223,0.0111601417647498
2006-09-20,0.014449526758961566,0.005296761471177976,0.005955529304156023,0.0014713110012384504
2006-09-21,-0.006202850064972873,-0.0048414897623700655,0.011978312594347288,0.009118679212478675
2006-09-22,-0.007745133323101346,-0.0030379914120504743,0.009446171286572042,0.004917849625590467
2006-09-25,0.017404627716868182,0.007652847477059711,0.0,0.007000212290036701
2006-09-26,0.004917630561369106,0.008269250327613878,0.004094200107174069,-0.004215994419984319
2006-09-27,-0.0012278242109123327,0.0011968752764214645,0.018051939672373406,-0.002896063584343415
2006-09-28,0.0026980074297657964,-0.00037370690463598436,-0.00033445581216309524,-0.0016739197792016518
2006-09-29,-0.004417924208872669,-0.0008231683717854393,-0.0053664339603248755,-0.0012295468464887517
2006-10-02,-0.01262575228697204,-0.0037503125353348394,-0.005395388023705695,0.0027365256173657393
2006-10-03,0.004226210834802043,0.0021020217611155178,-0.0350973728570958,-0.0013460610514319724
2006-10-04,0.0242636346389977,0.011629850695607838,-0.013042160218877828,0.0072625422454002855
2006-10-05,0.004830595493573394,0.001924985011078754,0.009709657907544174,-0.007038059965428072
2006-10-06,-0.0021711811669772006,-0.001258413682393494,0.0012291022461254299,-0.0104804425546861
2006-10-09,0.0033750858659615216,0.0005921977099915693,0.0036780684249936844,0.002715354809682267
2006-10-10,0.001683227450068452,0.0013316666800914099,-0.003502643889304294,-0.007939933694337445
2006-10-11,-0.0019236144057852393,-0.0011835713774737144,-0.0021074635611676128,-0.0029654543597073236
2006-10-12,0.015763192350232928,0.00862279174795351,0.010667244557621159,0.0005712390943136927
2006-10-13,0.005435653583143176,0.0025646971454868135,0.018611566060242047,-0.0050352216943513484
2006-10-16,0.0009423041434221135,0.0015356510301997761,0.010192010851696898,0.004463982600037585
2006-10-17,-0.011128234637271773,-0.003147037615721228,-0.0088270246267677,0.0007988233655481966
2006-10-18,-0.004773268630627017,0.0013187088895461239,-0.0010235649551442205,0.002052934236821557
2006-10-19,0.0023893232827732593,0.001609105696398852,0.013898523638232187,-0.0018249287618102683
2006-10-20,0.002383945347853841,0.00021922302977617718,-0.01066091957581257,-0.001026828840559535
2006-10-23,0.010185930493849854,0.004593962231416544,-0.017505174698208014,-0.004005538998103723
2006-10-24,-0.0068582844803906085,0.0029775517261544015,0.007073260919781201,0.0
2006-10-25,0.0068582844803905555,0.003403284642318665,0.01009159629586728,0.007880731200907442
2006-10-26,0.009149496748225787,0.003102897995368528,0.008979350419899177,0.006465534192082404
2006-10-27,-0.014348627736595582,-0.00628842402776783,0.0018535788960060886,0.004624696466585199
2006-10-30,0.0063769770728386525,-0.0007254938883058167,0.008382278538378779,0.0028085267882701384
2006-10-31,0.002351121019610987,-0.00014495666878953434,0.005660080759457596,0.007712755351621521
2006-11-01,-0.013714897597929685,-0.006772541029173881,0.018421555651427647,0.005517059725935651
2006-11-02,0.0009516298236677209,-0.0005846160276228707,0.009085032704114484,-0.0041212071287868675
2006-11-03,-0.0026199323794160335,-0.0017562202638778891,0.0061182138370136285,-0.01190205330859874
2006-11-06,0.014442913697883997,0.011215637769697017,-0.0066028076577951044,0.002932199897770117
2006-11-07,0.006793914411686168,0.0038310996094139526,0.0024207471759942175,0.004606787608931585
2006-11-08,0.004659058131465804,0.00216189532113703,-0.015103824170810666,0.003582357217173121
2006-11-09,-0.004659058131465802,-0.005268919151912873,0.029665243715548233,-0.0005597586301517025
2006-11-10,0.004659058131465804,0.00043405228153911167,-0.0073342018093687155,0.0043503860428297245
2006-11-13,0.010173602866054487,0.0024564697805026744,-0.0048123777671425306,-0.00022358565221697901
2006-11-14,0.010526322560209958,0.007476409526665048,-0.009045410728369615,0.0038887240139698328
2006-11-15,0.004088837342878841,0.0028612975139491433,0.0034016244413848868,-0.003776963237374204
2006-11-16,0.004298452053683112,0.002567891992283643,-0.008607422572897042,-0.004572920122430369
2006-11-17,0.0,0.0002843895790619857,0.007636683557831217,0.005685939372740713
2006-11-20,0.0020296831496665886,0.0005696981694971471,-0.00016185061297892278,0.0015551097377618183
2006-11-21,0.001350570512206868,0.0009958627284876046,0.008061959117047567,0.002437616290446338
2006-11-22,0.006279384475318644,0.0019890639760575127,0.0036867805067237296,0.0016605335780981768
2006-11-24,-0.0017898482880728895,-0.004053096146162439,0.015873349156290163,0.001766996835002252
2006-11-27,-0.02288071561800823,-0.013846566546451498,0.003144668656543143,0.003634684980236078
2006-11-28,0.002974754913859283,0.0043254333955155,-0.0020429184074974753,0.0020870771211512064
2006-11-29,0.0068312712536861865,0.01037579094430241,-0.006470469176144637,-0.0023065450304129327
2006-11-30,-0.0006812831539450015,0.0004265906255564435,0.019287145099564598,0.006576634231424433
2006-12-01,-0.008666238082746497,-0.002208250148333191,-0.004201961494731662,0.002541898763753972
2006-12-04,0.013648959637525215,0.0076026096737189745,0.0,0.0017478437879961816
2006-12-05,0.003608557598734457,0.004307453233262124,-0.004846431174560282,-0.004706310939045663
2006-12-06,-0.003608557598734476,-0.0008456578392674448,-0.017708016022004423,-0.0019769088054068886
2006-12-07,-0.012732884955741354,-0.004382395372761039,0.0006378714314723856,-0.0007700598879070312
2006-12-08,0.004566309682351414,0.0018401224383751166,-0.010899295456230593,-0.007286828314507499
2006-12-11,0.0036379932261094384,0.0028947364577920943,0.008345425777865432,0.004311937943235435
2006-12-12,-0.005919048813128485,-0.0007759829980085435,-0.0007994122577706783,0.00209500114733595
2006-12-13,0.0018246530764237502,0.0010579257480111454,-0.0006400146702843091,-0.008959192293531051
2006-12-14,0.011104858814461356,0.008772032286224087,-0.005778517118766663,-0.003673260942524138
2006-12-15,0.0025698169958045603,9.159709886097188e-05,-0.018194116912789278,0.0005574319994963428
2006-12-18,-0.00995261284856169,-0.002743642352413618,0.0006555378016999935,0.00033455454840381236
2006-12-19,-0.003187539230005891,0.0019003281034874347,0.012373950143335283,-0.0013375134719091023
2006-12-20,-0.003655865673592521,-0.0005627317207712775,-0.0029168762837298865,-0.00011168049476579234
2006-12-21,-0.0071207786287372865,-0.003665227882849594,-0.0039024092413447,0.005007606558305916
2006-12-22,-0.010427173705622168,-0.006161811382057154,0.004389187767752673,-0.007689079121049245
2006-12-26,0.004183534493900645,0.005879254773154987,0.005338490612910114,0.0030160178034698074
2006-12-27,0.005091238273043702,0.0065473981310597085,0.0038647661146999175,-0.007379733433733291
2006-12-28,-0.004859166283374203,-0.002107329698654306,0.01086967687656617,-0.002257080071086012
2006-12-29,0.0009276469522171056,-0.004157511823503124,0.004916314035106273,-0.0007911251653247157
2007-01-03,0.0018510744328501928,-0.0017667160801420779,-0.014822174634752381,0.007099229891336865
2007-01-04,0.018787147971493393,0.002119532310048512,-0.010167073004529946,0.006044139728513963
2007-01-05,-0.004777657832178895,-0.008008160945309215,-0.02429939556012064,-0.004361318770492447
2007-01-08,0.0006839072032264196,0.004614703553936466,0.005138865501529681,0.0017914037789163778
2007-01-09,0.005000910915268291,-0.0008501091896784219,0.006099070055031333,0.0
2007-01-10,0.0117221831314282,0.0033255572725371645,-0.004281928882199839,-0.004485846652287146
2007-01-11,0.010256889822014227,0.004371000394795738,0.0006599722253165242,-0.005861530415277888
2007-01-12,0.005088869652805301,0.00756805815238809,0.02508270112828025,-0.004646777119344452
2007-01-16,-0.0006625118610111059,-0.0019562569658855096,-0.003222122156554715,0.002156333897043107
2007-01-17,-0.008204969269898683,0.00041948778614866365,0.010753625266441386,-0.003065088532135717
2007-01-18,-0.018653938751026194,-0.0033619024645167046,-0.006084903884278258,0.003065088532135755
2007-01-19,0.0020394320935801244,0.001962849218290675,0.011815588337062208,-0.002724878578925056
2007-01-22,-0.010926638609979214,-0.00308594905511223,-0.004454330886639369,0.0023848972742344207
2007-01-23,-0.002520540392399085,0.0029454889974336075,0.023790048029069068,-0.006598523447587164
2007-01-24,0.016386024526502698,0.008021351666390094,0.0015556703524108786,-0.00011301131049340774
2007-01-25,-0.01295023858373136,-0.011810146186935721,-0.0042060078166053835,-0.0072173869560869745
2007-01-26,-0.0036654079691249863,-0.0009137435253624093,0.0017156771582206524,-0.0008057421586446723
2007-01-29,0.0009177649323674496,-0.0005635450903539586,-0.006252915722453849,-0.0021883340084036572
2007-01-30,0.0004585667996419647,0.005196300335390632,0.007031840163978631,0.0011526954852599167
2007-01-31,0.010034322110556937,0.006700223434864856,0.009453779761331271,0.008373016667490017
2007-02-01,-0.0015901608278240961,0.0059653016190044485,0.005997701647027386,-0.0012051236741379098
2007-02-02,0.0036296529563963117,0.001382195958393805,-0.014517667198963751,0.0012624891718662848
2007-02-05,-0.0009061286031787792,0.00027595612547464093,0.0004665803047738857,0.0013750841803644729
2007-02-06,-0.0013603314434356543,0.0002762533594693554,0.007436182408872659,0.00548228092756969
2007-02-07,0.009036977597365305,0.002206017154110994,-0.00247262781476593,0.0029562235671430036
2007-02-08,-0.0002247772399153968,-0.0013098208675342352,0.01367673153177363,0.0007950896451313556
2007-02-09,-0.012905950986402445,-0.007474668579362239,0.009115926182613185,-0.005688991421853876
2007-02-12,-0.003882045392334269,-0.0034095384890517025,-0.006829142171961048,-0.002285125610637501
2007-02-13,0.0034263952852925986,0.008399202590087643,0.0025853284272528386,-0.0021759897670065803
2007-02-14,0.016730751746997844,0.006545465092295727,0.008017687793249467,0.009467845270820164
2007-02-15,0.005812756114284059,0.0013041456007299144,0.0006025141558484927,0.002948410771871662
2007-02-16,-0.0033498883992343002,-0.00048030810115581434,-0.0007532281767395391,0.0035036076552534758
2007-02-20,0.007576318485537315,0.002125160191411965,-0.01594934798707457,0.002254581938722221
2007-02-21,0.003102960704498327,-0.00041103356326462124,0.030757753667661307,-0.0016896540145626756
2007-02-22,0.005076220148259572,-0.0007539635247992556,-0.002973934507727785,-0.005427269309718964
2007-02-23,-0.003528882183053364,-0.003915220443537122,0.008452629597989566,0.00711692332428159
2007-02-26,-0.00487252573052655,-0.0008945427310429645,0.005595615458346798,0.006618806561724443
2007-02-27,-0.04194241466738763,-0.0398415973932603,-0.040301982788906086,0.012556017605708908
2007-02-28,0.0032374014434322558,0.0101989891163162,0.016225993082467267,-0.004537337603390249
2007-03-01,-0.004627456774448636,-0.002984861562818986,-0.009977462163909176,-0.0006359970612048381
2007-03-02,-0.015184884580067842,-0.013181072861615205,-0.03258221712050644,0.005002202586401362
2007-03-05,-0.007799111709425151,-0.00956518680329558,-0.012318519369876343,0.0016621309618983964
2007-03-06,0.016470985531660237,0.016965000862748082,0.019201112459463956,-0.0029933309919304464
2007-03-07,-0.003975338950514876,-0.0010027459930047002,0.002335563857059509,0.0038785425498035248
2007-03-08,0.006772783936817821,0.008419470310360477,0.002795471555182954,-0.0008852115578732651
2007-03-09,-0.0009317502209658288,0.00028462709143360924,-0.003573426484667515,-0.010570657255447813
2007-03-12,0.0065006021065885135,0.0014903746438271793,0.0018660049578603111,0.003906323707148053
2007-03-13,-0.019631017281038658,-0.019625433785780452,-0.010149224534042496,0.006000473425153629
2007-03-14,0.014527147474006692,0.007422292843478843,0.0034466179547404147,-0.004551907154080964
2007-03-15,-0.0023296618516297904,0.0013640747484190508,0.0006254052126911442,-0.00011096490559549167
2007-03-16,-0.0007695823688027737,-0.002804535360226133,0.00995347553336337,-0.00022340042166285956
2007-03-19,0.010220542596820318,0.011983290530717148,0.0018552126010832166,-0.00211583634667118
2007-03-20,0.007139018384391764,0.005476822913383125,0.008153245714605661,0.0005570582058951917
2007-03-21,0.019091106588802108,0.016323310832039067,0.008391277663042266,0.000444577196961452
2007-03-22,-0.003608397818950808,-0.0007677220085954051,-0.0009119556454928486,-0.007942478463666632
2007-03-23,-0.003168278031419761,0.0014655636223643632,-0.009319456241314986,-0.002810636297934282
2007-03-26,0.0040716739690745815,-0.0013258039688522107,0.0105351737556021,0.001238428146067549
2007-03-27,-0.007021977704486671,-0.002376990523617237,-0.002128621706794342,-0.0016891114590108739
2007-03-28,-0.010741986212230116,-0.00730646494702245,0.005313198131411976,-0.0020298650524124455
2007-03-29,0.0011481781814158289,0.001057345799286894,-0.006074453180646416,-0.0013560215249660544
2007-03-30,-0.000918640794009498,0.0002110011450466475,0.0013699117494945744,-0.001923703629135211
2007-04-02,0.001377441464159075,0.0011260537273597839,0.0016718692763152765,0.0016586115475651796
2007-04-03,0.012991472067747856,0.010705091465292837,-0.00030371572256647657,-0.0012492854330598204
2007-04-04,0.004067893531119371,0.0011128170889034333,0.014777044100175683,0.0010228512720800076
2007-04-05,0.004949634718166049,0.002707529674194154,0.0007481567258945134,-0.003754708211190448
2007-04-09,-0.0024717051214052533,0.0013856402529690247,-0.004947934715117107,-0.006630444823485638
2007-04-10,0.005160944721794035,0.0011764243615467638,0.009424931331835548,0.002977402438812269
2007-04-11,-0.010574919219910084,-0.004088572084425811,-0.0011919224858818033,-0.0006859020659366399
2007-04-12,0.007885679619521248,0.00443384713959496,-0.0013426416202099607,0.0002277330116261524
2007-04-13,0.002017508083462575,0.004552514655043862,0.012608614870701874,-0.0030933563155158337
2007-04-16,0.009140453915483685,0.009451108583850409,0.008220909434594505,0.005494381244963422
2007-04-17,0.002216886910517712,0.0026554390337159037,-0.0058651417605689645,0.005577696473682605
2007-04-18,-0.0033270775445623027,0.001222492518079454,0.005572638868595165,0.004983378307122726
2007-04-19,0.003105924163971829,-0.0002713732226174391,-0.012508418534408147,-0.0016964795483021954
2007-04-20,0.00552144249592116,0.009396654251251552,0.017177229296498005,-0.0026053745420310157
2007-04-23,0.00154097378850656,-0.0037750175406525747,-0.006425180032736332,0.003622798286833033
2007-04-24,0.005045658059206722,0.0004048964287476934,-0.0077947119837775795,0.0037238268911712062
2007-04-25,0.013259897617587724,0.009139840492196048,0.0023594765329765753,-0.0034978562700547352
2007-04-26,0.00516919570770598,0.0011369977440890498,-0.015138262183911516,-0.007258276259978116
2007-04-27,0.00042914997535719397,-0.0008025372131881361,0.010265578663396079,-0.00022761693245268937
2007-04-30,-0.01318499541076347,-0.008327596378620742,-0.006981108812969409,0.01042001562594271
2007-05-01,-0.0008708488874741069,0.0025598119940176828,-0.005979893737274426,0.0007236123474697164
2007-05-02,0.010829186843987962,0.00583466306921661,-0.00044992543576865114,-0.0005650134360969831
2007-05-03,0.0036559088740786747,0.005402014794491538,0.012374279286040058,-0.0022635566458581247
2007-05-04,0.00085823575468505,0.003783823063490778,0.010318555232789657,0.004070598593022066
2007-05-07,0.0,0.00019913203772918778,0.0008794717295128392,0.0027055155705265677
2007-05-08,0.0021425147595973246,-0.0013258421644159635,-0.005436034161360725,-0.0022533537371887537
2007-05-09,0.0021379342022654034,0.0027159481101428165,-0.006354862494686028,-0.003956390737891533
2007-05-10,-0.01376151056218574,-0.010507533775734306,-0.02173179538259684,0.0023752864547995052
2007-05-11,0.012692830430951072,0.008520841366551133,0.006794997207202193,-0.0035095677931902443
2007-05-14,-0.006864058460451276,-0.0021896508508928085,-0.002561565092633459,-0.0026104806348548524
2007-05-15,-0.0077794307115235115,0.00026535324008161325,0.003915110208388489,-0.0003410736368337893
2007-05-16,0.009715083191475186,0.006817433339118279,-0.014227611659689022,-0.0006828794193860199
2007-05-17,-0.004737726395812341,-0.0019806359614377243,-0.008265789169946459,-0.004104483603308461
2007-05-18,0.008168913306456351,0.008686240538326263,0.007045504789815029,-0.006650648539702946
2007-05-21,0.006401266280190172,-0.0005242814725430383,0.00228678401065233,0.002986460806455617
2007-05-22,0.0008510428569518426,-0.000787185414747583,-0.007182750193709896,-0.005174776327517595
2007-05-23,-0.004686409936051863,0.00013178259736550065,0.005201235113149631,-0.0028866531794827853
2007-05-24,-0.014410891166970653,-0.00909417973636594,-0.012126956660007309,0.0009249220227309665
2007-05-25,0.006262424324079597,0.004161792641472417,0.0029301036898510342,-0.002312586408564637
2007-05-29,0.00772065817471369,0.003619229586969739,0.0019998045474331656,-0.00011610882105786207
2007-05-30,0.008085016590332748,0.008111558208769262,-0.005393317205398538,0.0020820663667567687
2007-05-31,0.004651212818269754,-0.001042325700744536,0.01259036562812169,-0.0018499401161510703
2007-06-01,0.0006324517120202254,0.004944284529615577,0.013638664251469168,-0.005267677633521563
2007-06-04,0.0029465989153558366,0.0001302929729905592,0.0015039628582593058,0.0045459538015274375
2007-06-05,0.0,-0.0039670240243682145,-0.002558095808665873,-0.0063006031049904244
2007-06-06,-0.0107763766986526,-0.010808143552398489,0.0006025141558484927,-0.000468128630831568
2007-06-07,-0.015629907391376596,-0.018209609116858986,-0.017468378797244048,-0.018077614519714753
2007-06-08,0.012224816494833677,0.012927385953288316,-0.016064616229808024,-0.0008348129624306661
2007-06-11,-0.0019204061386714022,0.001720181989229048,0.007446446669522527,-0.0028679767494389848
2007-06-12,-0.005998280622835465,-0.010965224670550066,-0.009316814217075012,-0.014586920134279905
2007-06-13,0.01089909292495307,0.014857096574750359,0.0066858729089560335,0.011830327058138124
2007-06-14,0.006566972506059523,0.006365988839810789,0.0010841741372225324,-0.0025239252125970097
2007-06-15,0.009191788483704638,0.005673150754682484,0.003862500064954589,0.006834492624476408
2007-06-18,0.00020974054262779874,-0.0011762168498712564,0.0015408088972500085,-0.0020334400331745443
2007-06-19,-0.00020974054262763768,0.0024819084009795574,0.008127107639137423,0.009295681631960772
2007-06-20,-0.009466539357841947,-0.013994235923315898,-0.011829068848465286,-0.008098370089135802
2007-06-21,0.009047854384418488,0.0055422706442360215,-0.0023207487754052505,-0.0047955355407906545
2007-06-22,-0.009470803605763798,-0.009453710157150874,0.00340190875374527,0.0064678143058582195
2007-06-25,-0.00423813694661375,-0.004793346645105969,-0.005417527012256908,0.0054765469047256725
2007-06-26,-0.005749942036900728,-0.01033201534478186,-0.012651498355086123,0.00023741096255360943
2007-06-27,0.015260965112053238,0.014128590539527358,0.0007855957384052849,0.0009497961388675615
2007-06-28,-0.00042108896538986545,-0.00013242614782196313,0.009223921660842944,-0.00023766268207856697
2007-06-29,0.0016820828920631546,0.0003321737958691215,0.00015552022019765682,0.010267616940894607
2007-07-02,0.008993532796596993,0.009000264163927931,0.011601956095053004,0.005243163773044147
2007-07-03,0.005812611210249692,0.0036167803233418745,-0.004315647745486389,-0.006116197715746353
2007-07-05,0.0072187765257270085,-0.0010509788378695207,-0.004955100021671941,-0.011269636951794325
2007-07-06,0.004101492348878847,0.005243041620013608,0.00834756628035994,-0.004064465671297282
2007-07-09,0.0006137528513005103,0.0007843044170517376,0.006444677526836182,0.003587440488774048
2007-07-10,-0.008421346503235692,-0.014341716050303389,0.0035117733729580895,0.01680637569251641
2007-07-11,0.006783773876712533,0.007065121350719243,-0.0025944030574640994,-0.010381617365127016
2007-07-12,0.015249027429662828,0.015667124885725234,0.008823945975780085,-0.00344592507013484
2007-07-13,0.00683704145706468,0.0029748317601765197,0.00015149014155740927,0.00273454714933042
2007-07-16,-0.001002648404610088,-0.00012882821745236752,-0.0031854268407077637,0.009566855976309395
2007-07-17,0.007593922406278888,-0.0005170043808891498,-0.001064067820799445,-0.002118378391719816
2007-07-18,-0.0011952828798113056,-0.0018105811900747768,0.013145202935248576,0.0037623953612400734
2007-07-19,0.002985444592257974,0.003876304915226705,0.005837019871235102,-0.00023412302868387153
2007-07-20,-0.005380216483404162,-0.010176084411834223,0.008470214516410005,0.008997591214255649
2007-07-23,0.0003998958447662053,0.0030577057140716373,-0.0016290356489017837,-0.0016303612591580677
2007-07-24,-0.014889686369030876,-0.017493473927978495,0.0,0.0037220880861858546
2007-07-25,0.0014177252649585261,0.0020466035622858803,-0.008484082789328835,0.0019716178546666154
2007-07-26,-0.008538377211336413,-0.02396393685754326,-0.018861365951098222,0.00830740712765858
2007-07-27,-0.020419479217979007,-0.019856000755293642,-0.003662416031323392,0.0028684416064182136
2007-07-30,0.011601606835441968,0.015522652516371742,0.005488548312644498,-0.0028684416064181256
2007-07-31,-0.021232942780655337,-0.011327236563720837,0.00030410874105093354,0.007212796608456278
2007-08-01,0.007754361730013647,0.004860576428301636,0.0021257127401822437,-0.002167184372556637
2007-08-02,0.009144171675108012,0.007958901446467725,-0.0006069020914542221,0.0025224298182171655
2007-08-03,-0.019215946974151955,-0.026082904893314062,0.012068377589956174,0.006617770943808863
2007-08-06,0.011532071644254242,0.01662026951494421,-0.002552449392796444,-0.007304992448945201
2007-08-07,0.007062862341789597,0.010613379227433706,-0.0006014028171162535,-0.0008024701812403236
2007-08-08,0.010910649006269545,0.013844561397421509,0.004352626551117794,-0.012227611526414328
2007-08-09,-0.023407854302755837,-0.030082055133788352,-0.019814572506723634,0.0013925954145322002
2007-08-10,-0.009054313619384928,-0.0046881576776902105,0.016814765941351804,-0.0023218906124817806
2007-08-13,0.006745374909024421,0.0035874286086897363,-0.004667591916457224,0.002900500908780317
2007-08-14,-0.01716295026349277,-0.015404103441701388,0.0004526409523711157,0.002659516991869986
2007-08-15,-0.019204356039483405,-0.013871851731665696,-0.002416609910743651,-0.003586749937296545
2007-08-16,-0.009852237184721486,0.007488481860524425,-0.0221704207263521,0.010266100645420318
2007-08-17,0.018745414988850923,0.018200044704152905,0.005089097649259215,-0.004024818561428554
2007-08-20,0.004738547133945468,-0.000483580701945468,0.0016906267951208541,0.0005756713543806475
2007-08-21,0.01047576955946288,0.0020028899438753137,-0.0007681550545950952,0.004825024520953616
2007-08-22,0.013519868410965743,0.011798026647621638,0.0050586729777030584,-0.0016059851984139527
2007-08-23,-0.002731433015694113,-0.0008867737559374463,-0.0013771552618831308,0.0034380811516639877
2007-08-24,0.013998117495797619,0.012277359785289717,0.012174904045098961,0.00490591719925969
2007-08-27,-0.006661494252303813,-0.009347282412926218,-0.001968313899368514,0.0052228005709026885
2007-08-28,-0.024097808890147072,-0.02222515921088206,-0.005928527206188511,0.0016966391047981988
2007-08-29,0.02826607153084886,0.019431582295098962,0.007291591950524386,-0.0027157948809705735
2007-08-30,0.005186655479388448,-0.00266563948214162,-0.00409489671224921,0.006664933789470987
2007-08-31,0.01111108562570642,0.009805290502547425,0.010882719149130153,0.0007881842704632725
2007-09-04,0.016438789908598556,0.010044686015694778,0.013735746035060996,0.00047416854253807666
2007-09-05,-0.010115670071788466,-0.008690837982883157,0.0017777059079792377,0.007985467286703784
2007-09-06,-0.0008138934486874525,0.002298444545757439,0.019059410971297826,-0.0025795426087998766
2007-09-07,-0.018691857401731744,-0.014004420215568851,0.0076672893414621345,0.01405206595385758
2007-09-10,-0.0006218784798839611,-0.0019189379312434085,0.0033091657188421245,0.007721609283202195
2007-09-11,0.015031296996284464,0.011593089825615575,0.012844388092752193,-0.0007699569766741165
2007-09-12,0.00020427307469420575,0.002573459748488868,-0.0008511500075774832,-0.0037456352125851346
2007-09-13,0.0048920592593245825,0.007008287181007146,-0.005407687163316696,-0.008981684801210532
2007-09-14,0.0008128714757147515,-6.73057979371027e-05,-0.001285128576689731,0.0014471025435660954
2007-09-17,-0.008364648785419006,-0.00538665995447897,0.01390492555765156,0.004770351724020924
2007-09-18,0.024887811492794402,0.029013744010533797,0.010233435305542457,-0.00755433514269574
2007-09-19,0.00259424851579028,0.005886110234087134,-0.0037727516034467587,-0.009300026119713844
2007-09-20,-0.0027942963277958447,-0.007066824823922777,0.01789851321631325,-0.019094151763775682
2007-09-21,0.007094496566555185,0.002694813121202892,-0.00523929075519364,0.008455504293360372
2007-09-24,0.004556172287707506,-0.0018443835128654192,-0.0008297270648809739,0.002840270556936076
2007-09-25,0.00944387229954258,-0.0019789248214439896,0.0006915573409805822,-0.003523578072269899
2007-09-26,0.004883613543552816,0.0052698585851708125,-0.004572887160420416,0.0009100937603973191
2007-09-27,0.005052908747458803,0.005896665033411454,0.009675223546006088,0.006915702381582065
2007-09-28,-0.0033014741697135336,-0.003337345994045831,0.011080137884340773,0.0022560166498355842
2007-10-01,0.011411085370810868,0.0112098438819148,0.0052913681556413985,0.005697917591069798
2007-10-02,0.00019211435359395686,-0.0013618109158627582,-0.02119741661479163,0.0031457064146678633
2007-10-03,-0.006945648416947569,-0.002014114463011559,-0.006239146038013328,-0.002920016552559697
2007-10-04,0.0023207515814796147,0.0015596957217431096,0.013400783424484728,0.0038173450133251745
2007-10-05,0.020078770900335902,0.011810924277613998,0.00724688703528734,-0.010816519355260946
2007-10-08,0.006228385449922075,-0.005339077223149694,-0.011923703864010008,-0.0007931457549954129
2007-10-09,0.004318269082440127,0.009373731422770485,0.007691255843188692,-0.001247152055243935
2007-10-10,0.002432019250844898,-0.0016631936112503454,0.003687327879970425,0.0005668759491776484
2007-10-11,-0.016012439353150547,-0.004812097418981875,0.007469350076860184,-0.0010212077113286202
2007-10-12,0.016386288115574556,0.005516128033413871,0.009158214525531264,-0.004894813045731009
2007-10-15,-0.007688556612070333,-0.008479536101800569,0.007346631152413257,0.00022823105258956244
2007-10-16,-0.004717740993052678,-0.0079665751003591,-0.0002661605603641906,0.0003425876314657501
2007-10-17,0.012779841256585886,0.0030518825285889076,-0.008287746077086587,0.010888783553614764
2007-10-18,0.004286082179674897,-0.0036370834642717982,0.01993421490081733,0.005512723369196244
2007-10-19,-0.025232395135138447,-0.026504515231119463,-0.003955220156770456,0.014810867664566603
2007-10-22,0.011942359931668815,0.005795822569349398,-0.014637633373986493,0.00011131801489302208
2007-10-23,0.02069996297646505,0.008071612195032118,0.008409645438828075,-0.0013274315947230607
2007-10-24,-0.007596542245250435,-0.0018473604971036882,0.0038473451919205023,0.00738850422500397
2007-10-25,-0.013480510535554085,0.00237395873224119,0.0067305057984769715,-0.0034111202457417556
2007-10-26,0.016451906508293094,0.011654950027070269,0.02159859720250343,-0.0023179685710977764
2007-10-29,0.0040715415011815075,0.0033139575381444615,0.005519560779674641,0.0038593086103734086
2007-10-30,0.0020291221346718036,-0.006966332831091887,-0.00990558387484408,-0.000550387597556922
2007-10-31,0.014091174556332646,0.010334329356148914,0.016285597636482487,-0.009071901594685539
2007-11-01,-0.018894403270905608,-0.02368569272918953,-0.008815163157122153,0.012910014885018521
2007-11-02,0.007747910761253864,0.0011248979479390531,0.024088404823137864,0.0031898472470899006
2007-11-05,-0.006452730330046757,-0.0076347617493571236,-0.0010026549296778963,-0.00043968068673384066
2007-11-06,0.011218652094858329,0.01337238752878099,0.020847017561792937,-0.004846605362120644
2007-11-07,-0.02462402762566185,-0.02773719521909046,0.009898016504542712,0.00176493659628124
2007-11-08,-0.030836211548081898,-0.005083360241181208,-0.00012153592477733841,-0.001764936596281169
2007-11-09,-0.03401504126300068,-0.013821729469267558,-0.0006082726377443839,0.008466781859082258
2007-11-12,-0.025728086755984113,-0.009970991455874321,-0.04836432519681577,0.0036072614411262953
2007-11-13,0.04041990673073043,0.030025271139210177,0.010418080056634612,-0.003716472729969716
2007-11-14,-0.012893303062467333,-0.0027727893719799116,0.014554786693980836,0.0010938763651500106
2007-11-15,-0.005404661667874349,-0.014529482785368732,-0.02945295236897934,0.009363593628004626
2007-11-16,0.009190745641849378,0.0017164230728241765,-0.0025690052942447775,0.0014077648948815596
2007-11-19,-0.01160208706920034,-0.014022279495927867,-0.006581121156079224,0.0064723122160875715
2007-11-20,0.004016151439995139,0.006103081039651538,0.02846217740937644,-0.0010767920499929412
2007-11-21,-0.0118945342993774,-0.020677044380001335,-0.0013851366451013488,0.005794763585385261
2007-11-23,0.010691168299639512,0.01714482620710164,0.023536350542307537,0.0029930404054052144
2007-11-26,-0.017405948892244907,-0.022310532651931985,0.0006152328809138596,0.019545284391617807
2007-11-27,0.019810702685783263,0.0114281499387642,-0.014870219066121595,-0.009566780020059094
2007-11-28,0.029970858914723734,0.031483295018045795,-0.006638701470507684,-0.006783002715501777
2007-11-29,0.004264126067300975,0.00033972148173134635,-0.01634500662031746,0.008576896560564273
2007-11-30,-0.007572282754216914,0.010005667000385332,-0.012339476540602861,-0.004861381445967093
2007-12-03,-0.00841554824575828,-0.006614061550437342,0.012339476540602936,0.007903586573968079
2007-12-04,-0.004135626983763854,-0.008978656881801132,0.014206260536894314,-0.00010498789195335815
2007-12-05,0.01779990344345086,0.016601056386900057,-0.009745116397743728,-0.011999020881199836
2007-12-06,0.014244539606002221,0.014212248890989218,0.009367226634607144,-0.008797692994767129
2007-12-07,0.00019119335050696545,-0.00019926494229262183,-0.009748817685628595,-0.011272372591941698
2007-12-10,0.004004784871921266,0.007723380356124157,0.017654954651938483,-0.0060123183554621215
2007-12-11,-0.023493426575889126,-0.027802927305663423,-0.01460619883925386,0.019437158917015574
2007-12-12,0.008922277593738284,0.009822838853530256,0.020712490730692895,-0.010377747600017907
2007-12-13,-0.005422040638186919,-0.00207811203779618,-0.025034301776957927,-0.01092529474741701
2007-12-14,-0.010344254111505132,-0.012760234454946867,0.00025470186730374784,-0.004624059031829631
2007-12-17,-0.024628796659647647,-0.014371808411801756,-0.004979255801014288,0.008898894328195895
2007-12-18,0.0032123107117626483,0.005568217719956582,0.01423334190273785,0.006432416518486664
2007-12-19,-0.00020063386163200668,0.0,-0.00012621788603144562,0.013173030303693892
2007-12-20,0.02024319953829,0.006286481102668009,-0.007219329805340328,-0.0021472734557357602
2007-12-21,0.01953339191759812,0.01431279598222045,0.01801396995862084,-0.01472721494177494
2007-12-24,0.007493476549909643,0.0073981347986519725,0.0004992625672929884,-0.004701435026774602
2007-12-26,0.004964214744474881,0.00214187525337513,0.017073250143272604,-0.008806027275335065
2007-12-27,-0.012072362892274643,-0.012650657221934637,0.0004905680371817453,0.010841928731721323
2007-12-28,-0.0009639837189268278,-0.002508658046954498,0.01750169202421168,0.015474450198382061
2007-12-31,-0.01164631627670654,-0.007427713734714522,-0.006527291620528274,0.006036553813902588
2008-01-02,-0.01594025458839113,-0.008792818978960582,0.028689530790562096,0.014299220940196134
2008-01-03,0.004157051342905077,-0.00048323515543081204,0.008331903896944106,-0.00137780939080682
2008-01-04,-0.044846818570610646,-0.024811684785171158,-0.005155283230996526,0.0002115251918034821
2008-01-07,-0.004763359437044692,-0.0008493397933852578,-0.004237800612756689,0.004340375861239929
2008-01-08,-0.02629306503370128,-0.01627979764518457,0.023434499283740494,-0.0011628617128331075
2008-01-09,0.021089522744243656,0.010455213428144353,-0.0026538494212900304,0.0019018109700212906
2008-01-10,0.0014596237091360998,0.006532805936277991,0.019451378931132805,-0.013602204979777245
2008-01-11,-0.019781671907949286,-0.008101538141395909,0.003732423352843317,0.007780304679534879
2008-01-14,0.0172779162606936,0.00803070845885701,0.010779343871355922,0.0037084769666098673
2008-01-15,-0.027961934304789427,-0.02225930715818718,-0.017462315658241516,0.011148611869814407
2008-01-16,-0.010798727655835247,-0.008649833308259929,-0.014769298791920495,-0.0072428675428967415
2008-01-17,-0.01399618584801599,-0.02625775699524846,-0.002309434649609837,0.012875715531348954
2008-01-18,-0.001322320945537794,-0.010320591625428093,0.010579654551845074,-0.006888412018286847
2008-01-22,-0.026137628437416165,-0.0101990164612802,0.008542679841935765,0.010624607872794851
2008-01-23,-0.0038551247024002917,0.023737330962044213,-0.003180722699554567,-0.0022816167415675476
2008-01-24,0.020243050080551984,0.008406167191778011,0.02461215908630366,-0.02024748776954927
2008-01-25,-0.020697714780212345,-0.014551237400522905,0.0024393095003429448,0.016710087123847344
2008-01-28,0.0076995294596414274,0.016401503971451886,0.015929992715972913,-0.003758109430004534
2008-01-29,0.0018027954935455291,0.0049417858891485054,-0.0065609690697016314,-0.006824202969512412
2008-01-30,-0.0009013404610340545,-0.007384817438648648,0.009933994004387969,-0.006551848232337668
2008-01-31,0.016983953997067164,0.018069589228177276,-0.007195016714744232,0.007078828783316305
2008-02-01,0.010140819002623539,0.01596007300342217,-0.022684270626732738,0.005992587765156031
2008-02-04,-0.01413714133686301,-0.01268887787547877,-0.0028019071765902166,-0.010343991186189238
2008-02-05,-0.028889987095865422,-0.027139325838961923,-0.01606549067103019,0.007609995724415912
2008-02-06,-0.019889449345326854,-0.00808439509168584,0.014380553122886813,-0.0030579075663887414
2008-02-07,0.006983248754014835,0.006592072333577366,0.010067216443898174,-0.021782443169037862
2008-02-08,0.011302779156505986,-0.006441895911927371,0.012717910269796405,0.01137722124448015
2008-02-11,0.010721609856701035,0.005096993977363555,0.0036198342355131343,0.004153524130947868
2008-02-12,-0.005688423173086145,0.009228531154084568,-0.022141942540969888,-0.00596950641454496
2008-02-13,0.02167106467127797,0.010171090869862157,0.0012306384919769915,-0.010640806193618886
2008-02-14,-0.018254028651942908,-0.008839085229291388,0.0030141986624117353,-0.014804751182485662
2008-02-15,-0.0034170360193350366,-0.00022181225734926822,-0.006261873940772848,0.007647215790677351
2008-02-19,-0.0018277980885699943,0.002808083455740708,0.026892565797985494,-0.010173891509584221
2008-02-20,0.004561937490680815,0.0029472474749799673,0.01796386403346683,0.006903620833732481
2008-02-21,-0.00960405052846195,-0.00834856898428086,0.000107267267463442,0.010536173181014415
2008-02-22,0.0036694738230789803,0.006138928532683904,0.0015002080621885686,-0.005743748438556149
2008-02-25,0.005023892899860926,0.012529891342127774,-0.00698441065741686,-0.010267301403168949
2008-02-26,0.003864967576497302,0.00747254596665569,0.010405041437242168,0.0003290640482088181
2008-02-27,0.004980143931725731,-0.001012553762476406,0.011353506294170987,0.000877996059208031
2008-02-28,-0.0038466328086916766,-0.009815138146228364,0.012685593460616694,0.017609232335841368
2008-02-29,-0.026875982706421445,-0.022535636967150392,0.001977441901755274,0.015183476400501269
2008-03-03,-0.006540717575387604,-0.002394581165573318,0.010960688456801523,-0.00258051710305542
2008-03-04,0.005609032888543652,-0.003827336477247159,-0.02141228858001734,-0.009765365814926515
2008-03-05,0.004882278984984163,0.0062965369198245275,0.02633641998211893,-0.012041770501045724
2008-03-06,-0.022278306648763603,-0.020915185702088876,-0.012563250536444711,0.005333212224104156
2008-03-07,-0.00237405796626524,-0.010354220364426769,-0.004257794167007869,0.0013019274160453497
2008-03-10,-0.01944139401169065,-0.013270633732484752,-0.0022920784400025053,0.014638124927918024
2008-03-11,0.03734519223332922,0.03530669653793851,0.0012508613827964979,-0.008584915000870321
2008-03-12,-0.002805511968381231,-0.00939549054860677,0.010570090873189882,0.019106967438346688
2008-03-13,0.007696374989524702,0.0022050451260119002,0.013616736750610736,-0.007854711790017717
2008-03-14,-0.01852523906581683,-0.015617009025903251,0.0037554244103494877,0.012285960401982692
2008-03-17,-0.018392615443925817,-0.010158461895237522,0.004649281579360488,0.007655004109713631
2008-03-18,0.04363421808365008,0.04070366866522015,-0.027292522389296952,-0.003872938927111858
2008-03-19,-0.02500456810810665,-0.025081779614640337,-0.03651349029438361,0.016433813672613366
2008-03-20,0.020230546812046595,0.01835361469487917,-0.03422030732304092,0.002472336174339304
2008-03-24,0.033994400009502844,0.019790111982329762,0.002110936951383417,-0.019535637354749186
2008-03-25,0.005592395504862143,0.0009645929895626445,0.0287719333343951,0.004189117891449145
2008-03-26,-0.0029037348305011035,-0.012311410213205008,0.011472807533615594,-0.004189117891449064
2008-03-27,-0.022396771661607508,-0.0031578673232923586,-0.0036313610705569657,-0.007054788792939879
2008-03-28,-0.005045900543580385,-0.009610881933511803,-0.01705017954859946,0.009674467560628515
2008-03-31,0.005274334089599911,0.0034917854310060298,-0.01612842667290047,0.003553105539110077
2008-04-01,0.04188279532223012,0.034555139714380685,-0.04005728712133439,-0.016409366023098802
2008-04-02,-0.002195607291016917,0.0006588355697147136,0.027367813453476903,0.002126655448751217
2008-04-03,0.0021956072910168296,0.002484073054308914,0.0016789027418238158,0.0022283636157347186
2008-04-04,0.00590510753363843,-0.0010949564066566372,0.009239246884171022,0.00907493298871773
2008-04-07,-0.002183052490997155,0.0005116228317305464,0.010142278299860375,-0.0052661528200371455
2008-04-08,-0.0076782876420179984,-0.0010231212450872332,-0.009034875363145666,-0.00349045728298561
2008-04-09,-0.011293880380086737,-0.007262283327624637,0.02124480304789454,0.010331434987129011
2008-04-10,0.014153057523924322,0.0013979301326097263,-0.005650392946536727,-0.0033619832492735157
2008-04-11,-0.02805766474460231,-0.019599736403491674,-0.005134589224534746,0.006712364648537223
2008-04-14,-0.0045270947355971905,-0.0033794979974861414,-0.002083246601698784,-0.005870520643340284
2008-04-15,0.0013603317241883714,0.0023292179591103152,0.00601854460933773,-0.012484637693233333
2008-04-16,0.02748416389786116,0.026733538034680954,0.017412357713036033,-0.009842871252953293
2008-04-17,-0.002206363275542196,0.001460564861030958,-0.007641420238254219,-0.0017217674506433342
2008-04-18,0.03131362125062949,0.010379717050440027,-0.021182086961172856,-0.0008619966840544819
2008-04-21,0.007040149787728235,0.0005058264012161135,-0.004091372334785702,0.003980494694568713
2008-04-22,-0.014992770958521043,-0.00441299261918012,0.00022154490937352197,0.003430087994901182
2008-04-23,0.01094540961902027,-0.0015961187286416476,-0.011699898740300238,-0.0033227864795119006
2008-04-24,0.008924997025074113,0.004347502430717824,-0.02267156697176417,-0.00851709844998
2008-04-25,-0.002542015340928735,0.009211191812847934,0.0005730462988536478,-0.005864880592249635
2008-04-28,0.0019073977744566784,0.00021495578213685432,0.004801172923441089,0.0030457546127617705
2008-04-29,0.0075914660616798755,-0.0039467469788425245,-0.021672374264867317,0.0037935494474926647
2008-04-30,-0.008226861164848134,-0.005913354829814281,0.009741512403569545,0.007113538237700519
2008-05-01,0.031073394318561487,0.02047434632798718,-0.031179315068104025,6.415388075228098e-05
2008-05-02,0.0014361385124914432,0.002760137309987613,0.007000134989940103,-0.012690691715244111
2008-05-05,-0.0028748878927958898,-0.0048167483965259805,0.01978402048340779,0.0
2008-05-06,0.006150062771968055,0.00862545680185749,0.004164270020763222,-0.007230585429951263
2008-05-07,-0.01835666902923489,-0.01797128538930419,-0.00939406818992347,0.0042789126471206055
2008-05-08,0.007465977047358079,-0.0025835754671382385,0.0164108408392243,0.00893749002580359
2008-05-09,-0.003933592743985363,-0.0018703588410092793,0.0020611516430740643,0.00368268524460431
2008-05-12,0.018089308139088385,0.011168982893493216,-0.004930923527425635,-0.0015147699537900391
2008-05-13,0.002644583352366945,0.00014253190417175496,-0.018564154190549235,-0.01099582186401729
2008-05-14,-0.002237372738953103,0.0020621801032702698,-0.0022275927551882613,0.0004380029958651794
2008-05-15,0.017359706967760787,0.012424899828377134,0.020906720638068043,0.009040542033158983
2008-05-16,0.0008000989408486561,0.00091146521609088,0.023851198696715047,-0.00412948591784588
2008-05-19,-0.007224219256529597,0.0027303083777672965,0.003249494920499919,0.0013062919224024843
2008-05-20,-0.007683050058413226,-0.008142090863311417,0.016751205697980824,0.005205739247209553
2008-05-21,-0.022371478903375267,-0.01705901374702573,0.01159367196948849,0.00021703349057789037
2008-05-22,0.00352232105509651,0.00014306833560691505,-0.010713950899921191,-0.011858992885187655
2008-05-23,-0.0031070538377040336,-0.013494689160499503,0.002744088114413663,0.0043681561631954465
2008-05-27,0.01748127508420947,0.007383430097390815,-0.02071066556256065,-0.006778493767985378
2008-05-28,0.004069317843200873,0.004605136012485216,-0.0024650009199021954,-0.00892715305975579
2008-05-29,0.008894011121406501,0.00501262036607709,-0.029948121785563844,-0.007220066686242188
2008-05-30,0.006418876952108798,0.0024968438572786893,0.010807127681703298,0.006555741390980653
2008-06-02,-0.012271976126218784,-0.010385673221172674,0.005814988710672287,0.00384999005489311
2008-06-03,-0.005480874898098784,-0.005848392589363437,-0.01235433070599784,0.007172955346826359
2008-06-04,0.012741342375527374,-0.0005068226871168973,-0.00265079080081508,-0.00894612137640446
2008-06-05,0.015751439884635145,0.01979972136616885,-0.002310856942839816,-0.006008522210784691
2008-06-06,-0.03053038690395427,-0.032413478802220376,0.029744095652049107,0.01286355904044926
2008-06-09,-0.005316759146312041,0.00241818733270551,-0.01208712510114185,0.0
2008-06-10,-0.00472707885791033,-0.004989662753523113,-0.028122111368949234,-0.006522656756096478
2008-06-11,-0.024399237933412622,-0.01482144025449199,0.01703690270554308,-0.0023310461876465314
2008-06-12,0.0010551624819613175,0.0038006616551554432,-0.016452673393949773,-0.010054986322896389
2008-06-13,0.019835292399312983,0.012564488270809028,0.0026833517416247226,-0.002136444412820956
2008-06-16,0.008850667266504707,0.0005872688573919017,0.013654462065851207,0.00022586911117845605
2008-06-17,-0.0053418842143661835,-0.004856522287663639,0.0027544819530526043,0.002023275213465843
2008-06-18,-0.010770605674424838,-0.00978422243981131,0.011736006478369521,0.00838580117356945
2008-06-19,0.015497684532335224,0.0012653560852019738,0.0015846001285877345,-0.005918782029038128
2008-06-20,-0.027374292637365273,-0.01636454840407744,0.0059762121136616485,0.005806738364229922
2008-06-23,-0.007832765339702535,-0.0009885351531003887,-0.02113235514821951,0.002113322401326671
2008-06-24,-0.005114100636376427,-0.001980086927001869,0.004353866732505198,0.0066438921452031206
2008-06-25,0.016105628417732477,0.004714724364558008,-0.0005718228977623296,0.00044172292139448536
2008-06-26,-0.04119885690520766,-0.02753560042682143,0.03584052048031919,0.006707635009101901
2008-06-27,0.0,-0.005473964081088426,0.009446474043668393,0.011657889868654181
2008-06-30,-0.01057025329897356,0.003522432501780212,-0.0007655678590445136,0.00021535058992828762
2008-07-01,0.014068858508861833,0.0031204775940087076,0.013691424355889053,-0.0023712026755412243
2008-07-02,-0.024305252225982607,-0.017285270325827155,0.0054888422989871725,0.005216014276210764
2008-07-03,-0.0017911085449903558,0.001029800996166119,-0.011985249940131814,-0.0021696126817098245
2008-07-07,0.006031981199528399,-0.010265189926014535,-0.009056684715605397,0.00455096221359586
2008-07-08,0.023550979393263734,0.017600918971854135,-0.004063960105008701,0.0064664677113951425
2008-07-09,-0.026897795508429096,-0.019442615179614663,0.007019105232723836,0.004394519756084226
2008-07-10,0.011773911672307503,0.004078827777869084,0.021943255113523116,-0.00010731483564946644
2008-07-11,-0.016028437007648638,-0.011720821789932341,0.017277496523462485,-0.014327653952607218
2008-07-14,-0.007433023906649298,-0.009084709005219033,0.007850566004166892,0.008750002714559012
2008-07-15,0.0002260900766872829,-0.014197701015108564,0.0027071497619921858,-0.0003227862094012469
2008-07-16,0.024560020066826994,0.024251137008860824,-0.01815270161590802,-0.01824150247810233
2008-07-17,0.0065947299279661455,0.009953369595175735,-0.0023322518409360084,-0.0051633778384446985
2008-07-18,-0.023275016514570656,0.006210715264128826,-0.0005308461499447085,-0.0037514535042143227
2008-07-21,0.0042526564067787995,0.0005558219527992429,0.010037641179610729,0.003861819186833344
2008-07-22,0.0,0.011280959729349541,-0.021894861075694584,-0.004968747210350325
2008-07-23,0.013088761857153304,0.005397733762459745,-0.027121391164392418,-0.001993485023587658
2008-07-24,-0.0151010278948915,-0.020972186501676603,0.008356311735007812,0.009711332120128752
2008-07-25,0.012894545370963734,-0.00023920846419195227,0.0039340079361909145,-0.01004463814063246
2008-07-28,-0.01895485842124396,-0.01477185669560414,0.0004361674288188628,0.010044638140632474
2008-07-29,0.020500209267844384,0.021127277869038088,-0.01250572486127245,-0.0040715511212776855
2008-07-30,0.00505973839874469,0.017661068166673972,-0.01188176475168946,0.0009920199040448227
2008-07-31,-0.0024167613269082968,-0.013314992720180684,0.006236158213952812,0.009866376758006437
2008-08-01,-0.012840501089136067,-0.0052967466212245715,-0.0056777456383802685,0.002208419979567951
2008-08-04,-0.010077164291701617,-0.009317558935581515,-0.016093986590938986,-0.0022965968212015526
2008-08-05,0.03320350813631171,0.026605543877446694,-0.023649334804024327,-0.00747356582627266
2008-08-06,0.01512555464797297,0.004430654302485296,0.006484477963029264,-0.004089276563105094
2008-08-07,-0.007750016512950143,-0.015003419401786044,-0.006368377516337615,0.016151673680265842
2008-08-08,0.022438678758908037,0.01841018979202552,-0.01947042583576133,0.0027215340557293485
2008-08-11,0.009046556397675813,0.010304935001003117,-0.039870019743063895,-0.009611691040809757
2008-08-12,0.0010465947309567616,-0.010459344471074345,-0.007547213471977264,0.00928523257367384
2008-08-13,-0.0020942859701441816,-0.006048005198729989,0.012833356691477001,-0.0034855447313207944
2008-08-14,0.01146421386719645,0.007515679180652547,-0.027470488029696195,0.0064165361805533045
2008-08-15,-0.001867415372688922,0.004852129298557368,-0.021914512705522013,0.008635906552867955
2008-08-18,-0.011695479704876303,-0.013769304278516458,0.014959120554555644,0.003968753522043024
2008-08-19,-0.01247313397258037,-0.01096405502641446,0.020474209118556685,-0.0038615832578798425
2008-08-20,0.0017006942543248233,0.004635005281055353,-0.0046109216405604905,0.0027909115503382
2008-08-21,-0.004682331640249235,0.0017232721484378105,0.027594821694200418,-0.0018240316131111617
2008-08-22,0.013140639760674313,0.014371841586907262,-0.014934800596812396,-0.0006439368555947491
2008-08-25,-0.021281255220922845,-0.02049408586299897,-0.00185175688863645,0.009941410864321902
2008-08-26,-0.0012919556933834498,0.0029087334005056054,0.00370009111066845,0.0008504291674678592
2008-08-27,0.0064408826386525295,0.009687159044206578,0.0015990808530273566,0.0016994329906104952
2008-08-28,0.008098507749467356,0.012054547320932476,0.010028207926600663,0.00010579445683297886
2008-08-29,-0.02123837425445566,-0.010811725786459146,-0.005735584976745511,-0.004465418112957392
2008-09-02,-0.012435894788119087,-0.006231008638558182,-0.031200121903938532,0.009261832175847065
2008-09-03,-0.009484886972880252,-0.0008599858903672248,-0.003921790917827457,0.004229174771400495
2008-09-04,-0.03289317601336168,-0.030568614547893943,-0.006358108955715176,0.007987878449984252
2008-09-05,-0.004821621848957472,0.003139387164373749,0.007498337947551977,-0.0005236693109947286
2008-09-08,-0.0018428923169637394,0.020445474779858516,-0.001520562172927079,0.0041803760483441355
2008-09-09,-0.021440818753812287,-0.03013678364696921,-0.03051415078362391,0.009859988992514756
2008-09-10,0.008210639248337261,0.00404933092168356,-0.03012631332599945,-0.006216210479140471
2008-09-11,0.018519139615883938,0.014364467050706757,-0.015478915514254269,-0.0005188064489807865
2008-09-12,-0.003906523428931941,0.0046103710480152405,0.0332399725473417,-0.012977226683754683
2008-09-15,-0.0315779315607141,-0.048754227629154025,0.026257069784174,0.031926182418200576
2008-09-16,0.007811114576736306,0.016598657348700772,-0.009977363631870767,-0.00020313258144689778
2008-09-17,-0.05326790045775219,-0.04600523098749291,0.10697398423801134,0.004987075992041505
2008-09-18,0.033262900032553964,0.02923988075899958,-0.03162032125475302,-0.014729162905816892
2008-09-19,0.03216679450314156,0.03894556094442796,0.03768665186313431,-0.03225068245554759
2008-09-22,-0.04823098958524403,-0.022899785737555876,0.036542052510024896,-0.00010640998970865037
2008-09-23,-0.007611678681560153,-0.023014216022439825,-0.009690223547907538,-0.003838793663175251
2008-09-24,0.0068779680607434475,0.0032005058078160746,-0.018397372242872228,0.004370730416992912
2008-09-25,0.015786812296376823,0.01551833955653254,-0.0030030300021146434,-0.0020234738278490363
2008-09-26,-0.010172612881213348,0.000496492450374498,0.0021954188195928825,0.007222338019296675
2008-09-29,-0.08268258546268147,-0.0816022377516985,0.033258843431934,0.028685631743513493
2008-09-30,0.02841250026861966,0.04055626716477178,-0.051545995679539464,-0.024671538886183546
2008-10-01,-0.01059266055066933,0.0006031796546835358,0.010523968985084205,0.012501802469625066
2008-10-02,-0.04652029955875157,-0.03694884800541452,-0.04326282883476272,0.008006489495763328
2008-10-03,-0.015631586475741758,-0.013592167813451458,0.003152979931026516,0.00876567216767922
2008-10-06,-0.03716642107964379,-0.05227575610029608,0.02025601097029596,0.018008903822893094
2008-10-07,-0.06549506704368487,-0.04582027467819891,0.03486214825706517,-0.0030298867625544695
2008-10-08,-0.0079952960860239,-0.025515593143437532,0.02433762761966628,-0.014466265611159766
2008-10-09,-0.0272275175947757,-0.07239753526548623,0.005353608121824253,-0.008450327885882085
2008-10-10,-0.006365386980690117,-0.024554536982273608,-0.07721024022746184,-0.007062215344551193
2008-10-13,0.11479875704594376,0.13557708723020329,-0.014890455669864109,-0.01290152532010142
2008-10-14,-0.044232188437881535,-0.014910612400600312,0.0025580023828085247,-0.006460794330330683
2008-10-15,-0.09382336195687241,-0.1036372041087625,0.01341329574561084,0.009517576987755865
2008-10-16,0.05282784698536486,0.04081317931196771,-0.04945653185086193,-0.005170858553607156
2008-10-17,0.0012388010262624877,-0.005990041622111415,-0.0265830583677772,-0.006900331966703296
2008-10-20,0.027482995604400075,0.05834338063271317,0.016569654325264915,0.007958061934185426
2008-10-21,-0.053197429564588776,-0.0303100568551303,-0.03197064160356307,0.005270009270885723
2008-10-22,-0.028025221655894165,-0.05599255296501609,-0.058497788057396756,0.02008711262456741
2008-10-23,-0.00392816017829101,0.011517696684631274,-0.014892064399146903,0.007392097845700937
2008-10-24,-0.032669388943144535,-0.052046056867327835,0.021840397056156174,-0.010694422483401581
2008-10-27,-0.02818074155909518,-0.03614605657354036,-0.00041552434178707896,0.0007235175826002084
2008-10-28,0.1048025966612261,0.11051661631243723,0.022060230034850928,-0.014673466844003405
2008-10-29,-0.0025140432258874083,-0.007278772657806139,0.0028418597266937724,-0.005044440708702195
2008-10-30,0.03281006273549718,0.034009232820822445,-0.01758617913369578,-0.009102128112541331
2008-10-31,0.0015214576849964699,0.0054885830855386135,-0.019021785472914204,-0.013058046626610708
2008-11-03,-0.002130850911191733,0.0028869380022686227,-0.0033698132493902304,0.0027010802920538063
2008-11-04,0.027942228834603552,0.03341803596454027,0.05978044962665676,0.018594030639256538
2008-11-05,-0.05355702768276062,-0.04293675451432371,-0.03615176785243687,0.01178836845341869
2008-11-06,-0.045731154515642775,-0.05700554494436079,-0.007998964370514715,-0.007245373472701822
2008-11-07,0.020405638223467817,0.03248480239383805,0.003869529108754129,-0.006556525617974409
2008-11-10,-0.013557388893331775,-0.013191807662849655,0.014786712701221597,0.0048682983440775564
2008-11-11,-0.02201492866314615,-0.031361904003434034,-0.021012909760209354,0.0029518850477612017
2008-11-12,-0.047280119058167286,-0.04499831008525432,-0.02886512275228242,0.006400530969201324
2008-11-13,0.05916885931587171,0.06047316248889599,0.030252064319223424,-0.024243573707811623
2008-11-14,-0.0498083368108251,-0.05119506159018234,0.015813344157826127,0.01963049552662549
2008-11-17,-0.021273314258356355,-0.013365085903512557,-0.008907239506966189,0.004402936487265641
2008-11-18,-0.001058274098633174,0.018661214746958796,-0.0019288981747573384,0.01278621442536856
2008-11-19,-0.05363587104534807,-0.06622341250152367,-0.003453757562079425,0.025291724902891746
2008-11-20,-0.049609629679571506,-0.07713317797733157,0.016334105788500954,0.05037187437407329
2008-11-21,0.042510822626619316,0.052537935701365154,0.07094243298627406,-0.014565262362247264
2008-11-24,0.05932226554790422,0.06699572812493879,0.025790177023884007,-0.01576751901003197
2008-11-25,-0.004604441211078772,0.007382286753031324,-0.0004945100106059737,0.028990684255943665
2008-11-26,0.04103516396857616,0.03791305958609041,-0.006077606219572271,0.0013420971163356638
2008-11-28,-0.00786696231806408,0.012510332785003391,-0.0008712390504950196,0.012275941100752207
2008-12-01,-0.07818482189940516,-0.09274974444845416,-0.059776655395983355,0.03758158716901733
2008-12-02,0.03287407616793137,0.037763142370442274,0.01703836022130856,0.003830917491234813
2008-12-03,0.027990896725170866,0.02375725171325145,-0.01005685556947555,0.0028191186038010125
2008-12-04,-0.028709953884460244,-0.023405570802417713,-0.008966308801461867,0.019512716972604777
2008-12-05,0.03982914927459696,0.030366615078230033,-0.01306515556901043,-0.016339115093393
2008-12-08,0.0386355326398782,0.03431818109599944,0.022293921957316113,-0.0021751731022733914
2008-12-09,-0.002330216084125807,-0.016620657171371348,0.0017046471557575096,0.019582125381916938
2008-12-10,-0.003337157467349652,0.006792706708332522,0.043830671865911774,-0.0024044904755675806
2008-12-11,-0.027798205535866885,-0.02437665532066246,0.0112220818260269,0.00195894447933695
2008-12-12,0.020078437386603885,0.011869233527985005,0.001981866542690083,0.0
2008-12-15,-0.017675146256841894,-0.01403199525248678,0.021908972020150932,0.011327312669063236
2008-12-16,0.046893925287951346,0.045991203340201174,0.022268376612201064,0.024424254465387134
2008-12-17,-0.012181253762031545,-0.009733476889810728,0.011419292069736266,0.02677276549710359
2008-12-18,-0.01771152436691442,-0.018860187196145507,-0.01842931699135299,0.020765115562425322
2008-12-19,0.00817146935017605,-0.004310475453437085,-0.014895236270839864,0.001063997602546962
2008-12-22,-0.02200885199162612,-0.012896397579086793,0.009994686720185789,-0.0077180735803653
2008-12-23,-0.005148535062524194,-0.010391637242457638,-0.009994686720185745,-0.0013200175046950537
2008-12-24,0.002749138304347315,0.005786671041871933,0.009994686720185789,-0.0021481689557110648
2008-12-26,-0.00034329546123522024,0.005753080497672195,0.025317801128255938,0.00330360222109218
2008-12-29,-0.008272891419514039,-0.0028724030126399975,0.008723521599817628,-0.0012003012887857887
2008-12-30,0.020555487548674475,0.02342568631539882,-0.005224940168183113,0.009478645446321706
2008-12-31,0.008441770878564377,0.014173474456702013,0.007191715531704658,-0.02114068554721725
2009-01-02,0.04246182130614354,0.029696390793438703,-0.003357378391118624,-0.0254572570327817
2009-01-05,-0.0003225244112867976,-0.0011838044623829983,-0.020503324199848343,-0.02612262628939982
2009-01-06,0.009944221762889643,0.00665558860653769,0.00766460793819893,-0.010108381648125234
2009-01-07,-0.028818363858636405,-0.030414216664362045,-0.028355453375407055,0.003913784591248032
2009-01-08,0.01045744687118309,0.004073074706755307,0.020454024408850847,-0.000799876363918658
2009-01-09,-0.02268713155269524,-0.021652621518599702,-0.006414096397031772,0.0015098609826791345
2009-01-12,-0.018460568223560382,-0.02431378131628784,-0.03838212237276427,0.010325065084563424
2009-01-13,0.0003391340617942121,0.0018386601743776124,0.001484720857258964,0.0010530540001878982
2009-01-14,-0.030951655349809766,-0.031960280022637344,-0.013568345959084955,0.016354082072782678
2009-01-15,0.01628318850533217,0.00035619620573112693,0.007491587953086663,0.001637698438630368
2009-01-16,0.010936296269533763,0.007789142973423456,0.028450719887202026,-0.015538885616643343
2009-01-20,-0.050899537315742725,-0.054230531258325464,0.021647650395541167,-0.00017465626266560886
2009-01-21,0.04167962681799777,0.04228570830914622,-0.0043872142605711085,-0.03209959699778185
2009-01-22,-0.01346929276590201,-0.015588888608817603,0.005096914923472842,-0.019434015304257778
2009-01-23,0.004855997456877152,0.004342100563882951,0.04564361014124338,-0.00786184809771145
2009-01-26,0.007240331594084943,0.0068348466482653384,0.004732915968779248,-0.008766837480993531
2009-01-27,0.007187909936930289,0.010106380806632396,-0.006428711177525445,0.023240955031639476
2009-01-28,0.03452681767936043,0.03327467441928912,-0.01092160013595116,-0.025304563052046213
2009-01-29,-0.02569826892731752,-0.03303858635808231,0.023514556791130875,-0.023266742983942202
2009-01-30,-0.01773565970801317,-0.02055247063793795,0.02002165860988255,-0.0031752041286266307
2009-02-02,0.0119722724167384,-0.003022725784282679,-0.027423326085868636,0.01843529970271796
2009-02-03,0.015519797344174448,0.01394937727316571,-0.004173432511596273,-0.024106143202614803
2009-02-04,0.0013382013367602412,-0.004908161988526202,0.007993277328123664,-0.003504755434348371
2009-02-05,0.02182664262492002,0.014770872118172459,0.010485343419634507,0.0008770377722685846
2009-02-06,0.025832554010267374,0.02809877728139043,-0.005898480307817772,-0.003122871620894418
2009-02-09,0.0041354030059900775,0.001379000154857007,-0.014277086659724235,0.0032212635439069037
2009-02-10,-0.03752040342199638,-0.0468919839329433,0.021173696446258473,0.021497465285559868
2009-02-11,-0.00462527873068133,0.005877790238156871,0.022795527677897713,0.012887279496305259
2009-02-12,0.012177725136420387,0.0007177696669523636,0.009489958611898299,-0.009459682703624642
2009-02-13,-0.004590543003419902,-0.010815566025153019,-0.00667668981583939,-0.026974060029712556
2009-02-17,-0.0405755557272481,-0.043716551086809545,0.030853446205778977,0.030674109375045007
2009-02-18,0.0006841332151169959,-0.0024007851050590373,0.015180232335787214,-0.008560267134985155
2009-02-19,-0.015509458257537512,-0.01081413131440645,-0.011833302053734346,-0.017146912187806663
2009-02-20,0.0027748082258761547,-0.009768564547476375,0.02097515976334867,0.009669815300676387
2009-02-23,-0.035610761957484464,-0.03643496485800071,-0.000715999545035443,0.009196185882285497
2009-02-24,0.03248833095486509,0.03720960572628262,-0.031177833375502513,-0.0010504672338109945
2009-02-25,-0.006623425654254584,-0.007904235916349414,-0.01681966189582418,-0.011615337552906084
2009-02-26,-0.028380714588573577,-0.016394989198406484,-0.0009666932467289369,-0.010581174470496849
2009-02-27,-0.00939956814983974,-0.022602109127162713,-0.004631386566918853,-0.005774271185446001
2009-03-02,-0.03286280760401513,-0.04608834322288401,-0.01852305052084567,0.0164188568557464
2009-03-03,-0.0007512590894763948,-0.007535617287876708,-0.009835956887444822,-0.0067023130638484175
2009-03-04,0.026322399734753688,0.02341461996925516,-0.011730046343054587,-0.004591926459698696
2009-03-05,-0.030462656114991823,-0.04170513656164936,0.033155872403161146,0.027430183291292456
2009-03-06,-0.007953515214210064,0.0017426234905341298,0.003255950930954496,-0.006691245054697069
2009-03-09,-0.021522616291642004,-0.011822585684965614,-0.01881277418024431,-0.0058677331963970045
2009-03-10,0.05993878762084371,0.057900157784996756,-0.02719657652831088,-0.019386489680932397
2009-03-11,0.015251112005178055,0.006491552316556302,0.01217879089301902,0.01076235940883814
2009-03-12,0.0326151066012123,0.03861680353459371,0.02085254413435487,0.004757484049900221
2009-03-13,0.0024385296038270266,0.00778413485848193,0.002193033510109556,-0.005048993282249392
2009-03-16,-0.016842554357527583,-0.0030273709700600095,-0.005491501809613432,-0.01589488929016719
2009-03-17,0.03716379709031902,0.030124419694130926,-0.008405293010376257,-0.005455348249753094
2009-03-18,0.012536167829033659,0.022137542779130825,0.03331270158240966,0.03718771963594499
2009-03-19,-0.0006738304866489161,-0.012463283558418579,0.013444527853073575,0.001244885603849231
2009-03-20,-0.015337337189302918,-0.02152393595661178,-0.008087754602137932,-0.005565128117875104
2009-03-23,0.05727275047963882,0.06936652664726396,-0.016265716740780103,-0.008698391317321542
2009-03-24,-0.018619057872855935,-0.01990020816313703,-0.012347912889209464,0.009467818387702106
2009-03-25,0.0046051337954337804,0.010490884909112756,0.011261327198225552,-0.01355307460983907
2009-03-26,0.030383669719518808,0.020176148481227188,-0.0005437774128025601,0.011531152434788
2009-03-27,-0.018962592626454992,-0.018213819676048015,-0.013580296815494405,0.00739163613180259
2009-03-30,-0.024968721267209136,-0.03516538020321272,-0.00785966365924459,0.0038182371464065517
2009-03-31,0.008612940753601611,0.009222040048987721,0.00332847770745487,0.007119710108248392
2009-04-01,0.014732295368108628,0.019181600445476368,0.008273170679264967,0.009085508160248366
2009-04-02,0.031667453934907885,0.02881827156434492,-0.02480242474253235,-0.01229640235298229
2009-04-03,0.01840655542788331,0.00989909234371241,-0.013719889999443402,-0.02067526378244786
2009-04-06,-0.0024762815397652974,-0.007864144194001362,-0.02684414097964916,-0.004284135128436924
2009-04-07,-0.02669309512780776,-0.023601467354665125,0.017092460393572564,0.0025342944218340133
2009-04-08,0.01672749843685523,0.0107200975328035,-0.0014998243891666274,0.008817760967560833
2009-04-09,0.030515279171601274,0.03897444828362368,-0.003469851444995191,-0.01262107088279827
2009-04-13,-0.0015187853040504497,0.00023241414035902276,0.01802677831754674,0.009141656677519051
2009-04-14,-0.012236416010051742,-0.01739360487603457,-0.00582021051641387,0.005213846763322063
2009-04-15,-0.002773810056512351,0.01061283989779664,0.0014867876173518325,-0.001734432558042692
2009-04-16,0.025595452306251324,0.014556514971129513,-0.019503271995841835,-0.007942277289441892
2009-04-17,0.0021037185662115803,0.006682333469428282,-0.006899358971822021,-0.0110499659381315
2009-04-20,-0.03264986865042197,-0.04281852421415216,0.020097043306539473,0.015029169398104891
2009-04-21,0.013861263679834349,0.019348721493853582,-0.0006902618757463332,-0.009928927759535746
2009-04-22,0.0030543465954572064,-0.006131869666278139,0.0056234482639747705,-0.0060845737881486655
2009-04-23,0.009711872457642686,0.009769992453990468,0.016120292274093014,-9.796863147299486e-05
2009-04-24,0.017365519290039252,0.014997573959544335,0.010307038892938492,-0.010091132484401756
2009-04-27,0.0011871436500061469,-0.009507100731306457,-0.007944976286971623,0.00426628970891006
2009-04-28,-0.007439802523351596,-0.00315084759817457,-0.014256884624757573,-0.016471137325563403
2009-04-29,0.013646064493472804,0.021046465425995243,0.0065879591407686485,-0.008898072546217977
2009-04-30,0.009967602321344726,0.0003432715366332992,-0.012073098777590854,-0.003967557475907626
2009-05-01,0.0026221437190067365,0.005361421452463354,-0.0036735170067088633,-0.006906167993096494
2009-05-04,0.019591134018606356,0.03345385990644338,0.019250010410794313,0.003289979805498434
2009-05-05,-0.0008557274039810392,-0.003416772147886772,-0.004409520299832408,-0.0012330609393608279
2009-05-06,0.00028534477720551515,0.017186417773099146,0.01451176722419934,-0.002365485037232346
2009-05-07,-0.02368696146216601,-0.013989653799613077,-0.0011174263342352655,-0.02471701594294329
2009-05-08,0.0005845648118213337,0.023064791795717896,0.006019424017208001,0.0024261046050010567
2009-05-11,0.003499462263388068,-0.01889097200579889,-0.0032281533701712588,0.014119364676851504
2009-05-12,-0.012302591946581181,-0.002963410988737074,0.011198016123960024,0.003628721051446983
2009-05-13,-0.02718582779347603,-0.02549551740784868,0.004290665079152016,0.010805798716865052
2009-05-14,0.011142850135131386,0.008533392208846446,-0.0006588794462207963,0.003882293687790854
2009-05-15,-0.000598945620513378,-0.008195577691350178,0.005696195347549881,-0.00030535648498313894
2009-05-18,0.025737367934155576,0.028011493468720665,-0.013083606100380167,-0.015625563235078892
2009-05-19,0.0046618738175179105,-0.0012063922054317193,0.006618141022648309,-0.00529778985068764
2009-05-20,-0.003494687250115304,-0.006717456385743794,0.014082443543520349,0.010464625326779815
2009-05-21,-0.01854864710690062,-0.014467134631804598,0.017195463853182144,-0.025470954085973996
2009-05-22,-0.003274102958282995,-0.0021315281327009576,0.0031915245362349074,-0.011164092830290953
2009-05-26,0.03659087581577877,0.025289489184780647,-0.004150922697323314,-0.015189712393913682
2009-05-27,-0.006923123419629796,-0.01801455497017963,-0.00331184736774341,-0.017853378407557824
2009-05-28,0.011511592330933506,0.013843710269219357,0.00841819599030902,0.014373964251101294
2009-05-29,0.012228013221492471,0.01755292325123364,0.020584628713310075,0.02548810276756515
2009-06-01,0.02814768034542599,0.02392025981618392,-0.004897561923661561,-0.030008987664977012
2009-06-02,0.0013726875445065731,0.0008435697000071161,0.006559420055802069,0.005364370133061714
2009-06-03,-0.003022864020259183,-0.012732178959473806,-0.02044414554689964,0.0093474031643555
2009-06-04,0.011222468287747247,0.009352532485878313,0.01909415571894292,-0.020878868387282132
2009-06-05,0.0010874484766354234,0.00021223009787873568,-0.02653629688685098,-0.007650535130058096
2009-06-08,-0.002995358637282518,-0.004134053565326447,-0.0016019817445124753,-0.00256378984974847
2009-06-09,0.007607335990694391,0.005084831708122783,0.0028817381951294313,-0.00011141241747876782
2009-06-10,-0.003524455157055963,-0.0025385838173805847,0.00031966305250262516,-0.015862216417625554
2009-06-11,0.0,0.004438735968485142,-0.0017061601941360273,0.011051079376080486
2009-06-12,-0.0046277581362882325,0.0027385102672855197,-0.016463478535408964,0.008931851992851568
2009-06-15,-0.020676761566193063,-0.023194971298275663,-0.011676890623094857,0.008963094964259257
2009-06-16,-0.009796694853590401,-0.013655438925610993,0.009069633678898644,0.01725492639116907
2009-06-17,0.009518449918340475,-0.0009831558202043926,0.0045582689271499,-0.0056459981374700815
2009-06-18,-0.0019523425021831253,0.007292083257370681,-0.008045247432850396,-0.015251010742015077
2009-06-19,0.010676098818832858,0.0036788337106786998,0.003160603275712481,0.013616480363462363
2009-06-22,-0.03032216988857608,-0.030445537546029345,-0.01490929384566157,0.009659718391956527
2009-06-23,-0.002283055967725227,0.0007839076867404765,0.004188226725490046,0.011705006041692405
2009-06-24,0.0167165598215043,0.008580282296215986,0.0058123626209368685,-0.010085977042819168
2009-06-25,0.01947796287127128,0.021516240150958984,0.00936011008805884,0.01816678100267541
2009-06-26,0.0022015657218771908,-0.0026103011787855664,-0.00021664835655369304,0.001693141698342575
2009-06-29,0.0021976338763832785,0.009320709771878597,-0.002712528083375162,0.001477519595848136
2009-06-30,-0.0019223104731124518,-0.008123471234988874,-0.009387696981969475,-0.0016894039824264984
2009-07-01,0.000549272354782738,0.004123730935377644,0.013183162944147444,-0.001985099583894759
2009-07-02,-0.02222301467555065,-0.027672315681317835,-0.012415748613801528,0.002335159391249324
2009-07-06,-0.005351354335275594,-0.00011131061878295659,-0.005384309013824143,-0.001910007420710103
2009-07-07,-0.025166020018095522,-0.01956660875900758,-0.0005510889148283001,0.006671261567544003
2009-07-08,0.005199379587286541,-0.0006817957320286034,-0.01600214694695305,0.018300069334344488
2009-07-09,0.001727473479139671,0.0019303936626901203,0.0026849271616822263,-0.011988826561608375
2009-07-10,0.0043044456777319665,-0.0023853377885448912,0.000781726470917072,0.009187755966942239
2009-07-13,0.0190049659335615,0.024037971323303067,0.006786482027611023,-0.00562790410273593
2009-07-14,0.003645569294752003,0.0056447968186980075,0.00685080156975785,-0.01675513764636961
2009-07-15,0.033043446859812385,0.028826821114164188,0.01562446798435957,-0.02605437455506917
2009-07-16,0.011847089645460641,-0.0016099774576827483,-0.0028226541932032975,0.010740994470934058
2009-07-17,0.005339245331256449,0.010895181711080804,-0.0005437774128025601,-0.01555173291985547
2009-07-20,0.009538319056576898,0.010567509529190956,0.014578288320425086,0.005247352202664602
2009-07-21,0.006833843123241949,0.004615112122126499,-0.0016093724740910249,0.01975592949275078
2009-07-22,0.008346466294242929,-0.0002096428426758468,0.003323208166328789,-0.00902012765900096
2009-07-23,0.02183766364852208,0.021842366862535257,-0.0019282309216242279,-0.018507272218247234
2009-07-24,-0.007653054384083654,0.004087411323653504,0.0016071308030831514,0.00482340375182459
2009-07-27,0.007653054384083697,0.002953257702141737,0.003206452276499924,-0.011547627774156244
2009-07-28,-0.006884916743582432,-0.004688581043049834,-0.0172213757394612,0.008810439298353772
2009-07-29,0.006630767476161102,-0.0024545558055002617,-0.009928658008449049,0.005467172648774547
2009-07-30,0.0058290423665113165,0.010391882048995712,0.004594754818541675,0.01407728723066469
2009-07-31,-0.0030371695024041744,0.001417126365121218,0.018706235205377633,0.01927520188641872
2009-08-03,0.014845387381996011,0.01636176075365129,0.005555021966375179,-0.01527104388201491
2009-08-04,0.0,0.0025853154793662064,0.00859191226069412,-0.007982845012459086
2009-08-05,-0.007772770172656407,-0.0028835259637154964,0.001055615791092795,-0.015061949082905972
2009-08-06,-0.008848168710517896,-0.00519252660758122,-0.0019009437320754224,0.0034032948058860023
2009-08-07,0.012616578404330905,0.013028879448710895,-0.009025795077514111,-0.008363713924212719
2009-08-10,-0.007046475879173368,-0.0020767804016708744,-0.008785139997340487,0.012410908180152308
2009-08-11,-0.00862228255585745,-0.01255516012604057,-0.0015076396214322287,0.011502986304836827
2009-08-12,0.015417987146665304,0.010671501158492283,0.0017227961034532154,-0.010739801114188308
2009-08-13,0.005502712903306687,0.007609744421030727,0.008249945329395655,0.014078648533740606
2009-08-14,-0.011540278237455294,-0.0077081055999038755,-0.007712133511340266,0.0038641338053253746
2009-08-17,-0.029448580952787573,-0.02491382340877783,-0.015059050463639348,0.014674638835388866
2009-08-18,0.014192617860559593,0.007902720169768666,0.0049000691797493594,-0.005822939202288636
2009-08-19,0.0068934854149300265,0.008741287324356441,0.0050923911990607956,0.008248297863072787
2009-08-20,0.011636847610838752,0.010251836061074064,-0.002813877859599588,0.008180564340547446
2009-08-21,0.013242471773596148,0.019416233052543308,0.014845419974691357,-0.020791544436996774
2009-08-24,-0.0009939012223811321,-9.718343609981134e-05,-0.014087067763647543,0.017966939287876276
2009-08-25,0.002977111885860114,0.0019405858265743035,0.0045381579971108974,0.005640745195309896
2009-08-26,-0.0017357076312851153,9.669721439144494e-05,0.00032334981476544154,0.004571988236408217
2009-08-27,0.0024790651730236275,0.0022270061101145595,0.004301560763973328,-0.003947551713751431
2009-08-28,0.0009889078714096808,-0.0001934688661582335,0.007270429612602234,0.004569710576869678
2009-08-31,-0.010189828884052272,-0.00893897471249158,-0.005019514036492951,0.00093210193948614
2009-09-01,-0.018913417472363137,-0.022304625619438783,0.005339040892428647,-0.002422877571789538
2009-09-02,-0.000764561205439669,-0.0037993275249220276,0.024095025081346855,0.014468610374526323
2009-09-03,0.00660292666410276,0.008280651687147393,0.013116600475876481,-0.006175235302824849
2009-09-04,0.02128510610768439,0.013911361380631542,0.000717982446260517,-0.017181609673597303
2009-09-08,0.009370862028371858,0.008585699293500854,-0.0010258358982360054,-0.007061605703546669
2009-09-09,0.008554595777446043,0.007644886692836096,-0.003598774849809519,-0.0011635959757507425
2009-09-10,0.009446984530714271,0.010167195974635158,0.006366128093033135,0.01825805991258301
2009-09-11,0.0009635958947270669,-0.00019080456929258018,0.010993614941952026,0.005495569706165422
2009-09-14,0.0038460742636772754,0.004856223075036441,-0.008335920016645862,-0.009976770852765925
2009-09-15,0.0031144149798675146,0.004170417211183732,0.009550031319132289,-0.005130643554687243
2009-09-16,0.014483897460174762,0.015020976876703349,0.010160563341840068,0.001782449150807973
2009-09-17,-0.00023554678855155679,-0.001492281220951692,-0.0057215445842040275,0.012497915777670458
2009-09-18,0.0016744618815263813,0.0006379660517858993,-0.0067673425030896645,-0.008941375641012618
2009-09-21,0.0030587669675020057,-0.00253362577047436,-0.003146706758441258,0.002294781463216734
2009-09-22,0.0018772348295228887,0.0058072420344464065,0.013230487054918885,0.002081944799205624
2009-09-23,-0.004699918062966673,-0.008347111368876422,-0.008463489692784069,0.0030102228706081506
2009-09-24,-0.008992748153878152,-0.011080095462301069,-0.013036122562252067,0.002898821770966652
2009-09-25,-0.008833389661563058,-0.005346908607010577,-0.00565411984977392,0.012632521386016936
2009-09-28,0.016882710764551383,0.017745012952174448,0.000515362556847874,0.008739914161370566
2009-09-29,-0.004490145382542308,-0.003014557558232117,0.0039078335092760045,-0.0009118341985203129
2009-09-30,0.0007104214694893527,-0.00387555239853518,0.014469359610812447,-0.0009116168079008659
2009-10-01,-0.030032155282350047,-0.02512556365636729,-0.00975914114205605,0.013602493267114227
2009-10-02,-0.002931467786555396,-0.0046725699977245025,0.00489151440733444,-0.006944188617781787
2009-10-05,0.008040709032283797,0.014817902798553077,0.014632653538604653,0.00010112953853105605
2009-10-06,0.01755855735754296,0.014222598616462625,0.02434557750386831,-0.009946247863187032
2009-10-07,0.0028571692956150634,0.0027447379275961866,0.0007818787663110404,0.011660948564767366
2009-10-08,0.004270713518466586,0.0076267640489889365,0.012427332550376955,-0.010540318686127481
2009-10-09,0.005665577782769715,0.00607866071913975,-0.007749003016846714,-0.023190911253612844
2009-10-12,0.002116730279613849,0.0039076273304503835,0.006976784520624898,0.0015629054463430522
2009-10-13,0.00023422840284786374,-0.0020445775281499965,0.006736668520876528,0.00519205054576731
2009-10-14,0.013529565270662989,0.017068813170887428,-0.0007676245830555696,-0.014921330902444008
2009-10-15,-0.0023191248164377218,0.0036526702370576307,-0.01275132896577922,-0.004636319399220179
2009-10-16,-0.006523602396532053,-0.007502476666928526,0.0031061924936279916,0.008099204645445593
2009-10-19,0.01000017423377447,0.008231672366511471,0.010124989184004255,0.007827114184170059
2009-10-20,0.000231775767687324,-0.005297192001352059,-0.0078016786951705126,0.00539099150866461
2009-10-21,-0.0018529637637378824,-0.009013796434917553,0.0031858098477671078,-0.00601489844080473
2009-10-22,0.0039335915523891875,0.010112068569652202,0.001637195631687369,-0.004900457201518443
2009-10-23,-0.004164982746395824,-0.011498755067352717,-0.004146385704315989,-0.0075545371668192885
2009-10-26,-0.00325072908026192,-0.010884814200283942,-0.015875641589657388,-0.01303897277503645
2009-10-27,-0.015236251373924353,-0.0045937530297608395,-9.819975733603636e-05,0.013564723225887493
2009-10-28,-0.022692670361082454,-0.01906814068953019,-0.011057424410540882,0.0047260366654566935
2009-10-29,0.0167707776852445,0.021227115867980977,0.019271061704086094,-0.010955139033849376
2009-10-30,-0.027214372347341195,-0.029400886536458486,-0.0015593382085453942,0.014406454471443812
2009-11-02,0.0041424078361692795,0.0073116223754876725,0.01375455816989644,-0.004429226465035885
2009-11-03,0.003155396885121519,0.0031585896246719702,0.023859334198798456,-0.010045215685934574
2009-11-04,0.0016951001257819356,0.0025765648349859774,0.005993644061587079,-0.009181561864708546
2009-11-05,0.024380105240577092,0.01822790126261837,-0.001121030724287651,0.0
2009-11-06,0.005885537667665326,0.0026168335753973065,0.004197543036965226,0.0009650426360758265
2009-11-09,0.02113658998586011,0.02252056122500384,0.0070494877462507185,0.0011783555747562654
2009-11-10,0.00252491864658566,0.00018251198494857965,0.001846864931193741,-0.001821592210468716
2009-11-11,0.006398781235870327,0.005097043264842332,0.011101532395072736,0.004172207186067458
2009-11-12,-0.005711454971274695,-0.010220106042975767,-0.012763585468758788,-0.0018158223931406881
2009-11-13,0.008214269607576307,0.005396768313330016,0.014040137041637483,0.004588169971027981
2009-11-16,0.010172616692879508,0.014400683873895053,0.01707589425776357,0.011644447222882564
2009-11-17,0.003144207193076776,0.0011682570185730338,0.0030411827518562703,0.005352692862081164
2009-11-18,-0.005621065245302799,-0.0006292583151752543,0.0024975374482029953,-0.005879254579869212
2009-11-19,-0.015680689182292148,-0.013116705356413518,0.0004453622970806544,0.0017881872619708546
2009-11-20,-0.005051685266600758,-0.0035577121851712973,0.005682836942088943,-0.0002100967865465477
2009-11-23,0.015986027267427847,0.012622068514723514,0.011882360058537005,-0.0012622093737062207
2009-11-24,-0.0034039939150741407,0.001533001766636066,0.0038424851504036766,0.006296188245373409
2009-11-25,0.004309268493639589,0.0035076118258001447,0.016339238275087858,0.004591946469993047
2009-11-27,-0.015281200556511446,-0.01638416466301325,-0.013467099128963782,0.003740918328824645
2009-11-30,0.0011491496594786266,0.003371184063602642,0.005028201653515722,0.002383261237492971
2009-12-01,0.010277364859278975,0.012294564409265659,0.014934599861011129,-0.01120287810635295
2009-12-02,0.0013622098898315982,-0.0004494212471792556,0.015218446148337,0.0008411859552007003
2009-12-03,-0.004092509333449915,-0.00785073780251,-0.004035681973678308,-0.010440122120665576
2009-12-04,0.005226168944342043,0.005691048725000511,-0.04259621807472385,-0.010656857060122905
2009-12-07,-0.004770851054676307,-0.0015325415767717533,-0.005642255891681633,0.0012856644072294383
2009-12-08,-0.006168377862307329,-0.011159105906056664,-0.019281180066479105,0.001495599505152439
2009-12-09,0.010032722842135118,0.003733308188413334,-0.0009919349177228208,-0.0046038046176166
2009-12-10,0.0049782220340847385,0.005620164030735412,-0.00018042626976952085,-0.011550331462041662
2009-12-11,-0.003845118276678442,0.004238390906280099,-0.013627902417121703,-0.0001096068290147683
2009-12-14,0.009472510815759031,0.006817124048713819,0.008380429619065604,0.0011939554826404936
2009-12-15,-0.005627392539080723,-0.004659193097662264,-0.000272159491016775,-0.004456929995844307
2009-12-16,0.001353496782373456,0.001525436226440836,0.012443778983734818,-0.00119863381688022
2009-12-17,-0.012247931595592775,-0.012088536567138524,-0.03883007474829872,0.016336588876218174
2009-12-18,0.016166826352134067,0.0056414638448616435,0.014887700748231638,-0.004301462836238851
2009-12-21,0.011183228624850706,0.010111367171490965,-0.018527626386022195,-0.017941629521441856
2009-12-22,0.005987273738051355,0.003586398887994033,-0.007319841214939189,-0.005612667101428545
2009-12-23,0.007269579128496279,0.001967046050990502,0.0035728214071417724,0.00022100186090981145
2009-12-24,0.009176688210826294,0.004723193773114243,0.016844635663340383,-0.01042370467297969
2009-12-28,0.005206299339499799,0.0021316954891886894,0.0017519015886225233,-0.0027910170058421456
2009-12-29,-0.004119705797346055,-0.0014206553289862144,-0.009999174226535323,0.0065747174182775436
2009-12-30,0.003036917263668712,-0.00035559204444925684,-0.005037332589067185,0.0065542719877357955
2009-12-31,-0.009138177942324173,-0.009644546512430408,0.0035474015655265327,-0.004772644950455925
2010-01-04,0.014538073293535726,0.016817646278894198,0.022938737681147854,-0.0008908184036650246
2010-01-05,0.0,0.002643554894073317,-0.0009112174071558337,0.006438115024195275
2010-01-06,-0.006049656628839402,0.0007034899213295838,0.016364952672508887,-0.013477345468494125
2010-01-07,0.0006497612776279374,0.0042125316234440475,-0.006207031449163178,0.0016808212516894478
2010-01-08,0.008197018723705403,0.0033223222687576164,0.00495075538137829,-0.000448203189355322
2010-01-11,-0.004090157776099071,0.001395925918858681,0.013201473675458084,-0.005502013721580309
2010-01-12,-0.012589453231821649,-0.00937019115320396,-0.02113448995131151,0.01697208945766574
2010-01-13,0.012374021307003477,0.008410718029411119,0.009458279378539308,-0.011694185337392603
2010-01-14,0.0008623943671295568,0.002700828726989945,0.004383402504944763,0.013905695929873006
2010-01-15,-0.011708799473570165,-0.011287650873463912,-0.010498532177150062,0.006167854846098528
2010-01-19,0.016010591536973935,0.012418146022312837,0.005935767413319545,-0.002859467420634409
2010-01-20,-0.014485114455609824,-0.010220405814727324,-0.023406622544498178,0.010079230531142153
2010-01-21,-0.009408433051836113,-0.019416698134100067,-0.01451645533950801,0.004567491803572749
2010-01-22,-0.029672614679992854,-0.022544240155576767,-0.0018644973871885428,-0.001737705896910568
2010-01-25,0.003390912132829383,0.005114755836865444,0.002888473341000015,-0.004575716459702996
2010-01-26,0.0009021794578299537,-0.004199227415339678,0.0007439937221865503,0.0003274712035605748
2010-01-27,0.007860499310991777,0.004746156718347876,-0.009622184538243794,-0.0005457136033179138
2010-01-28,-0.0260639952534659,-0.011539094341069272,-0.0004694185510533905,-0.0005458144705268648
2010-01-29,-0.017604598136641256,-0.010927855487890997,-0.004895549849721357,0.008703474276555294
2010-02-01,0.010923850038980162,0.015430956324241072,0.022305058135940522,-0.009118716081356565
2010-02-02,0.00897491664266582,0.012030646893936773,0.007173093057516182,0.002848353864908895
2010-02-03,0.005483346902052187,-0.004994653389217517,-0.003948040904900219,-0.011663402961110838
2010-02-04,-0.029363231397640147,-0.03135273191467072,-0.0406494619043355,0.01570239043955227
2010-02-05,0.008411458677665006,0.0020649915647518754,0.0029657764294868027,0.002177705980134146
2010-02-08,-0.0072389438663416645,-0.007245485591173024,-0.006132631197052165,0.0013041687269590141
2010-02-09,0.010258992080624578,0.012481918437076647,0.01308209362845793,-0.010039650159336886
2010-02-10,-0.0020901678598083174,-0.001960201702315247,-0.002754962144308314,-0.009587921298199539
2010-02-11,0.01499610579732624,0.010411786852218696,0.018940443772260875,-0.005440241698898313
2010-02-12,0.002058989161597501,-0.0008328015848103744,-0.0008404197035730865,0.004110537379236921
2010-02-16,0.012715947615149265,0.015612156354772472,0.023817259740401706,0.0018838728102125348
2010-02-17,0.005625058323735491,0.004727512766512044,-0.00338103069775341,-0.011464745413402108
2010-02-18,0.006262485095539833,0.005877997327005016,0.006659727627096444,-0.0040376644523087675
2010-02-19,-0.00044591031039493295,0.0020714367449971363,-0.004648011335301192,0.005379692303090873
2010-02-22,-0.0020095015855492496,0.0001800650811514597,-0.003660675124824127,-0.004144344902340444
2010-02-23,-0.013048392827145828,-0.012219074754189069,-0.010877691236587123,0.015483020909486568
2010-02-24,0.01013814046684467,0.009155562816473924,-0.0049245049976189585,0.0024290095797990224
2010-02-25,-0.0002236875051648824,-0.0013543285439704081,0.008809784398268496,0.005607821937866922
2010-02-26,0.00358035517125879,0.0006320285160818528,0.010287614912394953,0.00514021066445025
2010-03-01,0.01441800729543259,0.01033165558024427,0.0,-0.00043849084810398487
2010-03-02,0.0030779321164228104,0.0027664537471677594,0.01442525680569016,-0.0013138122161154113
2010-03-03,0.0010970382561219575,0.0008911412788435369,0.0054794713974865225,-0.002525037017885272
2010-03-04,0.003284582990877456,0.0030228378174060404,-0.007192294113451878,0.0052617403901205236
2010-03-05,0.014968996679119183,0.014192048889143964,-0.0001805113929827648,-0.013206132905769153
2010-03-08,0.0019364836957178279,0.00017525268042807321,-0.008428164684993255,-0.005220208989519004
2010-03-09,0.005571959980949653,0.0016613773569098711,-0.0014571590358533955,0.00022236436314377247
2010-03-10,0.008088468932819868,0.004445436358393913,-0.011458028889065516,-0.00256284673629205
2010-03-11,0.0038088107190002414,0.004166548205529213,0.0011977451434267712,0.0036761855849679883
2010-03-12,0.0002109752791364665,8.641202523543984e-05,-0.006003264758673447,0.006208303730199715
2010-03-15,-0.0025361305888758835,0.00025998139712202727,0.0037908941588112085,-0.0013269022251965116
2010-03-16,0.0063299670213122754,0.007934371834317904,0.018651124814839434,0.007936376921268463
2010-03-17,0.00273030288702356,0.005910039443221007,-0.007364051605517102,0.004272860257196807
2010-03-18,0.003351447551711297,-0.0005127054051690337,0.006820378596121279,-0.0032860051153652445
2010-03-19,-0.006067273047877701,-0.005074692923852436,-0.018846021182444456,0.000987387339022081
2010-03-22,0.009013644557468278,0.005331598118500842,-0.004906724488664302,0.0010953882885309009
2010-03-23,0.006862955248520875,0.00700931057179676,0.005276077362753657,-0.004717760699155145
2010-03-24,-0.004777997826677478,-0.0048669061838650385,-0.018824492289792633,-0.018425127917975164
2010-03-25,-0.0014594428673250926,-0.001627320376681283,0.004505317583276473,-0.00640495207144783
2010-03-26,0.00104305445201163,-0.0006005673879687042,0.016808656864527635,0.0028138079486402555
2010-03-29,0.004780164589905154,0.0063275456881820135,0.0014723814641710547,-0.0038290328718306047
2010-03-30,0.003311784325192308,0.0006816739294494315,-0.007198247903797274,0.0031549271068038475
2010-03-31,-0.004764140333500025,-0.0034129396632502714,0.009035611315005328,0.006838675698614574
2010-04-01,0.0,0.00681478507319766,0.011952199156018703,-0.0024470620190225065
2010-04-05,0.00930013290253265,0.008115990834283165,0.005697480924987118,-0.01677874475357046
2010-04-06,0.002876044340914993,0.0023548304522119736,0.0012617106108131124,0.0015991451435929116
2010-04-07,-0.0024646998190412453,-0.00572870525480982,0.013063885742510774,0.012702797174508023
2010-04-08,0.0022593303869215147,0.0034582141505158743,0.001421370609229975,0.0004498458800656704
2010-04-09,0.0059324935923591015,0.00654583887002519,0.008749871191504223,0.0023644281433786505
2010-04-12,0.000815744584436658,0.001587708151571952,-0.00555922233998455,0.005267983106421225
2010-04-13,0.005081584404972946,0.0007517477138822693,-0.0028356216460236707,0.0032362356693494128
2010-04-14,0.011891669480594714,0.011285328759920896,0.003012551773767293,-0.0070452263694941505
2010-04-15,0.004398153261958027,0.0008249271535813236,0.005470304321850955,0.0011218453117620725
2010-04-16,-0.012041178539151211,-0.016040367735289107,-0.021433553562709227,0.007260384840318658
2010-04-19,-0.0006057313834261274,0.0037628340430784263,-0.0008093560236553409,-0.0024522862987465957
2010-04-20,0.00503773001316933,0.00889112447146362,0.0027851197891251185,0.003564045020817842
2010-04-21,0.0056125045305524274,-0.0018215689797357589,0.007597109309406448,0.008191446887355725
2010-04-22,0.005580831877294775,0.002979152952848898,-0.004193637495525288,-0.0029805682171482554
2010-04-23,0.004165647537692278,0.006506764927854073,0.011998598472109824,-0.0035452245249283526
2010-04-26,-0.0021798125957753233,-0.0037834762497230257,-0.0038948658306392175,0.0011096662429462038
2010-04-27,-0.021454123860205024,-0.023934742197538262,0.016536547783718297,0.013979486954292896
2010-04-28,0.0006074287496122886,0.0075671427296285015,-0.002795491486585349,-0.008563360455162383
2010-04-29,0.017269051551679387,0.012321486937775255,-0.00026246799903482677,0.004181758075150262
2010-04-30,-0.01990560148407488,-0.01710746514378596,0.00940611214659533,0.011462594261461782
2010-05-03,0.013915557331923305,0.012878975040991749,0.003202242039102839,-0.001308307888825909
2010-05-04,-0.03050263001479108,-0.02379573182669335,-0.007458842798920333,0.017835459591454893
2010-05-05,-0.00517484883155218,-0.005974313801865487,0.0019133210932084476,0.005875093987246451
2010-05-06,-0.033988046395354285,-0.03377735521591595,0.029114151638993547,0.03041910591468883
2010-05-07,-0.02522405355331718,-0.014987220187215563,-0.0018584329204847005,-0.012579433565876513
2010-05-10,0.05066543063215139,0.043099076054894894,-0.005936219595425441,-0.020933095141772787
2010-05-11,-0.0010472536279243307,-0.0028453114764881173,0.025942805079309364,-0.002567748877631542
2010-05-12,0.018684426205421406,0.013889348431729558,0.006114187831152085,-0.00763392609862412
2010-05-13,-0.01596346027653896,-0.01250868424187837,-0.006943357126726535,0.006562330736795895
2010-05-14,-0.01941486657432557,-0.018271036962191806,-0.0015771788582184835,0.017222167337545703
2010-05-17,0.0031918764700600804,0.0005264055332889847,-0.008426213640485862,-0.00369590344180741
2010-05-18,-0.0139028843336255,-0.01369566410705099,0.001088526414774818,0.015222642057696958
2010-05-19,-0.008000784326577817,-0.005710311508930555,-0.024226160830335432,0.003328795126886057
2010-05-20,-0.03783180516602656,-0.03849077618809892,-0.006796610129532807,0.020860440579052758
2010-05-21,0.010987407372000334,0.014493726704679747,-0.005366542125113491,0.0010160091305916078
2010-05-24,-0.004022167927365614,-0.012914084569395613,0.013962091277818433,-0.0034599083086748576
2010-05-25,0.0008947461535581821,0.0010205564473326069,0.004440692858806834,0.004881238746157722
2010-05-26,-0.011248178147275677,-0.006046305656876582,0.009413635235164157,-0.002844442635546346
2010-05-27,0.0370865482740273,0.03294904457250762,0.0018552983674487234,-0.0229492493626108
2010-05-28,-0.005904472976078424,-0.012628515219205008,0.0015994852276123958,0.00457003545473521
2010-06-01,-0.00925262583299296,-0.01696728758943252,0.00862693406619541,0.007004345612079794
2010-06-02,0.02340679322523586,0.025706022013610275,-0.0010847752867185415,-0.009544480787550191
2010-06-03,0.00946900303362977,0.0034384163948719786,-0.01531114045936818,-0.0073239036030389665
2010-06-04,-0.03486962681629309,-0.03576927994009545,0.01037330279219341,0.026527800767870383
2010-06-07,-0.018352947944467395,-0.012528838654006495,0.019113058305128095,0.007639647129635473
2010-06-08,-0.0018090846861067214,0.010655077388352313,-0.004041391686318541,-0.004984971905680823
2010-06-09,-0.008407854753629632,-0.00536085761019774,-0.003643011529050801,-0.0011225642724609398
2010-06-10,0.02812633832002718,0.028813009726090983,-0.01327616331865957,-0.018029438247149497
2010-06-11,0.009495622720355854,0.004843852563146646,0.008703719694756393,0.01260397308463298
2010-06-14,-0.00022032907858790556,-0.0015517081988851158,-0.003422261685440584,-0.0051465355551535705
2010-06-15,0.02646651356058424,0.022483317965129698,0.011555051138783462,-0.004135955826948719
2010-06-16,0.0040595456837876995,-0.0003573474362640541,-0.005469896230116363,0.005682273343831848
2010-06-17,0.003192794566776183,0.0016063834880903091,0.01296306533767651,0.00810605820411391
2010-06-18,0.000830064648865835,0.001083881784821903,0.00760025145353973,-0.0016359247741011631
2010-06-21,-0.008547428176555617,-0.0028684005684476736,-0.020064832581080997,-0.0028699153917421632
2010-06-22,-0.007755076437064202,-0.016653553944669594,0.008766162443343445,0.01183735020402873
2010-06-23,-0.004117589051744378,-0.003107824315355523,-0.004125418496021565,0.006774589663191282
2010-06-24,-0.015317455958192658,-0.01670927983911522,0.002889629284295153,-0.005963565053932489
2010-06-25,0.00019919907006077627,0.004180486831017641,0.011964406044451084,0.004047373933068622
2010-06-28,-0.0035408012552897695,-0.003156972947559839,-0.01369720662981477,0.009344105397707714
2010-06-29,-0.03933595145346717,-0.0313618091862826,0.0014853964638133306,0.010843999742302645
2010-06-30,-0.015334891339528528,-0.00954535637456718,0.0033752134718408188,0.006705896493535783
2010-07-01,-0.0028137532969215806,-0.0044664317900188055,-0.03887888592484208,0.0015756281398413893
2010-07-02,-0.0028215901351776995,-0.005464788396309224,0.012312786265651068,-0.008004899846827625
2010-07-06,0.0030562186047370047,0.006534398947683757,-0.0168514262328477,0.008201910811954032
2010-07-07,0.03142616920736368,0.03101041497370781,0.010416771036920415,-0.01177937810648371
2010-07-08,0.00544436104072262,0.009846798686925437,-0.004426705679849722,-0.006393184575088959
2010-07-09,0.0094574229685698,0.007437489720243814,0.009763642764658647,-0.005727626559081858
2010-07-12,0.0029100472545443568,0.0006482247607076879,-0.008655160400420137,-0.0004045446356623263
2010-07-13,0.01287686210182014,0.014975828908041708,0.008655160400420107,-0.008606313545004915
2010-07-14,0.005061204247602996,-9.118855953739729e-05,-0.0005070359076372465,0.010018064072049115
2010-07-15,0.0008771471584975112,0.00027363236224372547,-0.0005918885128414277,0.009918462186688369
2010-07-16,-0.028020293689617365,-0.027920866384907483,-0.013282487126809137,0.004872438375315082
2010-07-19,0.008533599227022307,0.005889383344345732,-0.008089500274875386,-0.006169800099084657
2010-07-20,0.01200288248184362,0.011030326508158144,0.007918090681685528,0.0014963187153035652
2010-07-21,-0.01379300219490822,-0.013083176422303333,-0.0068817738410447155,0.016802005906926064
2010-07-22,0.024998584097463382,0.022076444358641565,0.00868040464199568,-0.011633389243347447
2010-07-23,0.0063158587726039,0.00864136029656273,-0.0066109215447102,-0.010666335561108405
2010-07-26,0.008215954246082586,0.01036210485366018,-0.0049220747193229565,-0.0017046925234859996
2010-07-27,-0.0004308734310678628,-8.94552486752419e-05,-0.01755268849818397,-0.009684745966258675
2010-07-28,-0.008001987446937638,-0.0064758630467288926,0.002375791006871298,0.0032382845980440636
2010-07-29,-0.0074109762022517055,-0.004884157652789849,0.004472337326195603,-0.000302314218220671
2010-07-30,0.002185719664973605,-0.00018179920296260043,0.01044484170982206,0.015445270097847547
2010-08-02,0.018598555367448,0.022330236532819833,0.0004328706471263803,-0.014137843908040931
2010-08-03,-0.004294194083521532,-0.004800179815100769,0.0038871637993980568,0.005755702157177668
2010-08-04,0.010062812457575003,0.006661121564575417,0.006273952596501684,-0.00768161523951867
2010-08-05,-0.0023458759651139504,-0.001062805811885709,0.0022250940386060744,0.0046560412372335285
2010-08-06,-0.001496387490388402,-0.004084510753895688,0.007324732365886041,0.010848458780878202
2010-08-09,0.0068209806514401995,0.005324059452796267,-0.003740820686149912,-0.0037027529992789804
2010-08-10,-0.008747335569991266,-0.005413658849660818,0.002806975212677366,0.0021023109686343897
2010-08-11,-0.027589584744297763,-0.027789045674587363,-0.003318223315611171,0.013318850002652106
2010-08-12,-0.007961266880348702,-0.006149170743611042,0.012113149233667235,-0.002470789879270523
2010-08-13,-0.007129863730602937,-0.002950193126733079,-0.000252610670289372,0.012393818147149571
2010-08-16,0.0017876998897933254,-0.00046171139645043716,0.008303024914577904,0.024719162458937807
2010-08-17,0.012642623634944825,0.012210618807811165,0.0001670005247416709,-0.0057380887363299654
2010-08-18,0.003959457585764296,0.0018233728736937282,0.003917171473901901,0.0026814457298206884
2010-08-19,-0.015264008238020254,-0.017549889196029428,0.0014130601122222405,0.015472998207234375
2010-08-20,0.0013367704974956353,-0.003249759319581473,-0.0034947461752424026,-0.0011312709251825913
2010-08-23,-0.009843623675155958,-0.003820277204097979,-0.00158500505680003,0.00018992594108220516
2010-08-24,-0.01883655131050692,-0.014954109204108631,0.004830540187787872,0.01590091356392555
2010-08-25,0.009576120181011595,0.003877439303399656,0.00827408323664724,-0.003252977925958175
2010-08-26,-0.01209933410486675,-0.006724553219892665,-0.0033014352071624076,0.00935880331121565
2010-08-27,0.012099334104866728,0.015371168843745236,0.00041329960092031443,-0.028724196412289658
2010-08-30,-0.01049237043820541,-0.014610986476026051,-0.0008267069892494204,0.01899257761204113
2010-08-31,-0.0034457434743794977,0.0,0.00963008506090663,0.011022431284066575
2010-09-01,0.029473728586719167,0.02947291331496012,-0.003199735123742887,-0.020893319678458474
2010-09-02,0.01110877924238278,0.009269076932640775,0.004918433276591497,-0.010622553028630436
2010-09-03,0.016434824925856982,0.012888256268641055,-0.0035224308588275117,-0.012472200079230979
2010-09-07,-0.006759930217913247,-0.011336635403650283,0.006869477016185955,0.020260340029246763
2010-09-08,0.011963007964406427,0.006998392597725298,8.151368239033065e-05,-0.007979186670564135
2010-09-09,0.003883984785759087,0.004608634524886872,-0.00941589256292237,-0.019938226734401317
2010-09-10,0.003655172437721912,0.005035891394603291,0.0013975570337529687,-0.004581987193915034
2010-09-13,0.01385198135608437,0.011061856306014474,-0.0009040527231121419,0.0048743704526998865
2010-09-14,0.004224283993965658,-0.0006214236347907529,0.019541363578779912,0.009582049773554074
2010-09-15,0.006302332491479788,0.0038101264301925357,-0.0006452186217994567,-0.014946116917137217
2010-09-16,0.003971149121090282,-0.0002655816823268719,0.0055517285681441755,-0.00992407253925554
2010-09-17,0.003381372750485707,0.0003736429268532845,-0.0007223690048194798,0.004040448238621356
2010-09-20,0.017352178707566748,0.015173953300708783,0.0026462613270077863,0.0057860684077287415
2010-09-21,-0.00020483594744603913,-0.0020154999196080434,0.009088067711881243,0.013790716684180393
2010-09-22,-0.0026660668406045937,-0.004925311715361244,0.0015066400907301708,0.008929890646388283
2010-09-23,-0.00041098146249272336,-0.008144373113420299,0.0007921275940184022,0.002863570450015341
2010-09-24,0.020136897047160193,0.020412681552869145,0.003083123365456964,-0.013531189024038343
2010-09-27,-0.005452061982188382,-0.004801795898681161,0.00023676081451782575,0.017242425297521378
2010-09-28,-0.00040480305139525927,0.0034944605797290478,0.00887775210309078,0.006814313008800828
2010-09-29,-0.001621559218610446,-0.001745660221642731,0.0007818489523424245,-0.004159558244790341
2010-09-30,-0.004473692021169608,-0.0029745814041964727,-0.0003126185129611772,-0.0006630005142142857
2010-10-01,-0.0012234501733967879,0.004197072776772108,0.0077875946216159906,-0.004844478824049306
2010-10-04,-0.010872979684096092,-0.007532414429146072,-0.0034968907693697037,0.0025779068866987453
2010-10-05,0.02404854613085666,0.01993187748389881,0.019503402251400258,-0.0060242181067193985
2010-10-06,-0.008696940403848918,-8.623270715441467e-05,0.0062404468569036255,0.012486367126913896
2010-10-07,0.003649958080237169,-0.0012072630506050834,-0.010984948981022643,-0.008370604871296095
2010-10-08,0.00685769239496944,0.005593018581328997,0.009846345633438466,-0.0044044058448516835
2010-10-11,0.0004016242395726775,0.0009435752838663514,0.004773561868528394,0.0001920652651731299
2010-10-12,0.006808258957659601,0.0030815436677211136,-0.002497534484728762,-0.009930038559213861
2010-10-13,0.008148838924444273,0.007747002795745824,0.015863209004852077,-0.0015520063132226703
2010-10-14,-0.001981596811206426,-0.003908634320764343,0.005059103545827353,-0.015056670039337588
2010-10-15,0.02099964673423762,0.002041030959541033,-0.007972380291158545,-0.012290509767553139
2010-10-18,-0.003696597042197432,0.004916008941276917,0.004478333523156747,0.008046059644587357
2010-10-19,-0.009400542612895222,-0.013191305399816923,-0.03154691181467764,0.006016291023042821
2010-10-20,0.007254091436263476,0.009718538668749185,0.009256897200788577,0.0021605145276627265
2010-10-21,0.0019514786668835085,0.0022036140531958128,-0.014187944908196784,-0.011943504366524164
2010-10-22,0.006800930322650686,0.0018607267442357941,0.0020061311504169905,0.006729486044872749
2010-10-25,0.004829476678734068,0.0029533902042186947,0.008596340971850403,0.0028565070584836774
2010-10-26,0.0026942633933401345,0.0001680737797324464,0.0002292345407023127,-0.015561960219062532
2010-10-27,0.0030701884547638977,-0.0028682805899090083,-0.01044556780572793,-0.00883001846293429
2010-10-28,0.0021057836507625462,0.00016937244678386505,0.01319240759250659,0.0027171697863165893
2010-10-29,-0.0022971807958766357,0.0007597965312679538,0.010460109173882851,0.009304319827517128
2010-11-01,0.0007661189556528628,0.0003371366887549368,-0.005292194751345636,-0.004315003687662586
2010-11-02,0.010666798311183532,0.00789949662747771,0.00431154796969714,0.013058392613380397
2010-11-03,0.004537128914943937,0.0040096834100946275,-0.006968127295408858,-0.020611921701944386
2010-11-04,0.012184631465674575,0.019074434092466862,0.03333635562596672,0.0077533734486221265
2010-11-05,0.0,0.0037555495964880187,0.00256970222394171,-0.01730127623414519
2010-11-08,0.0013036435343218842,-0.0018756853530154792,0.010213058409749015,0.004480134744761258
2010-11-09,-0.00541091936813083,-0.007210101582141515,-0.01602260183973123,-0.02229490045937287
2010-11-10,0.00503864631856253,0.004021051885926605,0.012095658550698336,0.0013498051551389494
2010-11-11,-0.006349122927513437,-0.0037741616821043095,0.0030556455565671583,-0.0005185409269139395
2010-11-12,-0.016432788151724265,-0.011909051715661631,-0.029263198316056956,-0.005412515253053475
2010-11-15,-0.0038157486448177715,-0.001415578706577027,-0.009545029587657348,-0.021095124543545504
2010-11-16,-0.016577096266749993,-0.015701859110963445,-0.011010377007280064,0.024533119640637254
2010-11-17,0.0029117027405058614,0.0005072011978440818,-0.004514997714772795,-0.0055280811842808005
2010-11-18,0.01595670567109937,0.014611366083151271,0.013030179764404218,0.004070188229816614
2010-11-19,0.0007625502105118368,0.002747459651504625,0.0008324236217627286,0.006128025473571594
2010-11-22,0.008350719897475175,-0.0008319204177297782,0.009635717541740217,0.0042348402376185
2010-11-23,-0.016003435189044825,-0.014582693004382368,0.006943235453942185,0.004936895855785956
2010-11-24,0.019964615060926987,0.014666024307152532,-0.001712729779152155,-0.0180114800609303
2010-11-26,-0.006610738080962449,-0.011715881317423512,-0.008006268905469849,0.013796221467932607
2010-11-29,-0.0007581309782891787,0.003025943345075495,0.003000481613543358,0.008514983176272483
2010-11-30,-0.012211594995942012,-0.005638413995937979,0.014204706278409088,0.005195179384994865
2010-12-01,0.02089735085177568,0.021044491428368294,-0.00029537138827830117,-0.02247966133158259
2010-12-02,0.010101083651575523,0.012727289545380304,-0.0013305341112288544,-0.0026102550469611404
2010-12-03,0.0026025220277281574,0.002689253211479282,0.021005714938510268,-0.007872995584007296
2010-12-06,-0.00037185935030546236,-0.0010585642855639257,0.007504135483824827,0.014023117478879677
2010-12-07,0.0005570909927779581,0.0005700727902795965,-0.01894037683401103,-0.021639498190239807
2010-12-08,0.0037052518967524437,0.0036567478084868705,-0.012606652684668887,-0.00971031219218032
2010-12-09,0.0009240713009660034,0.0038864891241882447,0.004293772187225958,0.004919712940813138
2010-12-10,0.0066290555928363165,0.005800795249346256,0.00029550591176138747,-0.00610041653403429
2010-12-13,-0.0034933606774559364,0.0006420504218081675,0.004715247621070945,0.003750214603809912
2010-12-14,0.0018398120023492572,0.0008827681710688104,0.0009549986110493081,-0.014652665772005035
2010-12-15,-0.004421216595275191,-0.00458241534677173,-0.010927425511095372,-0.01310781365489649
2010-12-16,0.007724467904867301,0.005784790031096943,-0.0066291956887806385,0.006903472932913667
2010-12-17,0.0008813535954693854,0.0010706228651811798,0.002910336725632516,0.018072869271768814
2010-12-20,0.0007329131058370372,0.0024108637524219373,0.006758064192099476,-0.0010735115091617385
2010-12-21,0.006030575369080239,0.0063201039409890285,0.001553132048372285,0.006954502190542933
2010-12-22,-0.00018241284604214773,0.003105252726069077,-0.001997295201813413,-0.007169218402457407
2010-12-23,-0.002554185276284043,-0.0014319467496906643,-0.0028919925235061706,-0.0020425119905079685
2010-12-27,0.0005479032091197377,0.000398065434184154,0.002669836944532674,0.008891840456596687
2010-12-28,-0.0018274861933470763,0.0014315353123734702,0.0161625389018061,-0.019778640343938524
2010-12-29,0.002192693993982281,0.0007148419667541747,0.003564587333997068,0.016777683698421374
2010-12-30,-0.0023757615197129607,-0.0015893201056816117,-0.004950202442879679,-0.0007522377348957188
2010-12-31,-0.0036653753413350867,0.0002387567923867589,0.012257650782176114,0.011004281209200054
2011-01-03,0.015487118721150033,0.010284523894949216,-0.005203836674790001,-0.00757169733029422
2011-01-04,-0.0007232853447273528,-0.000550832686447093,-0.023832475368098148,0.0011767368310346632
2011-01-05,0.00846743612390842,0.005183930198442346,-0.0028240572403502554,-0.022273505360574965
2011-01-06,0.003224045605134766,-0.001960203525851314,-0.004026801058528414,0.004363680950860742
2011-01-07,-0.0008946513187765985,-0.001964522736204479,-0.0018697884851869347,0.0053194757947952745
2011-01-10,0.0037518124076538783,-0.0012592039363866995,0.004034322186689475,0.005400732350142438
2011-01-11,0.0014253317473619017,0.003537467737641835,0.005873031403827585,-0.005615983555445367
2011-01-12,0.00709757222025216,0.008984170520844248,0.004068526754664966,-0.00782916685324433
2011-01-13,0.0003533447394539989,-0.0016349578037580703,-0.010463555902437563,0.00891045773398913
2011-01-14,0.007395887333522842,0.0072189249983991765,-0.01019728850011685,-0.006403361047505455
2011-01-18,0.0028031768395054015,0.001699830226531094,0.005561341914815331,-0.004692131417987835
2011-01-19,-0.011437009136883973,-0.009853764264756463,0.0021711298182139015,0.007193460047087062
2011-01-20,-0.007103411414704379,-0.001326010355716824,-0.01902521743105847,-0.013889918311199524
2011-01-21,-0.007692886896573125,0.0022610193955429677,-0.0012965579493562846,0.007898294447554218
2011-01-24,0.013734267300740982,0.005671029405932189,-0.005126436648875738,0.0004370404182437194
2011-01-25,0.0014158420718986735,0.0005418666827179092,-0.001996426218916223,0.009456615863807926
2011-01-26,0.0052931158975423566,0.0038636260302716465,0.008114547464887574,-0.015262199186643448
2011-01-27,0.006139718531626269,0.0024648300283861306,-0.02493473818294468,0.004493825485199746
2011-01-28,-0.02568563100144428,-0.017617012619256026,0.018202729323755898,0.005235733433039636
2011-01-31,0.004833315549608704,0.007487531936136687,-0.0031520585138855306,-0.0076436555518303445
2011-02-01,0.018576120529079223,0.01588238357632686,0.00713554983027548,-0.00496333829582173
2011-02-02,-0.001578680112230658,-0.0019139847313684021,-0.002679474165923171,0.00022092589412881037
2011-02-03,0.0017542312984893218,0.0022198400377301387,0.013325916144528013,-0.008325009635578147
2011-02-04,0.0055924953862019405,0.002825152653057132,-0.004093034478557125,-0.010194688452318924
2011-02-07,0.004694202742546561,0.006233060265820699,0.0001518114527852543,0.005167062369710488
2011-02-08,0.006569992972522723,0.004535988769825719,0.011026520280860727,-0.009228376815704252
2011-02-09,-0.001724658361345397,-0.002265460076571789,-0.0005258409922787546,0.00866805919058452
2011-02-10,0.0015519669769249907,0.0003781461914926213,-0.0016546424472632221,-0.011611772938500896
2011-02-11,0.007213213088794466,0.00595276133865454,-0.003997431521033765,0.014298052911850094
2011-02-14,0.0023928881933478145,0.0024009832139484846,0.004749808107153751,0.0006707975321424274
2011-02-15,-0.001366854392199728,-0.003152927453355177,0.007642808665807496,0.004458174594280582
2011-02-16,0.006474765881388825,0.006295573741575348,0.0009699324016305088,-0.0032305951947232702
2011-02-17,-0.0003397611928384487,0.002983563695181026,0.006985145327737571,0.0015613804248000409
2011-02-18,-0.0022110071671322326,0.0020839720332193265,0.002736258909305569,-0.003124109438557304
2011-02-22,-0.029373304716039918,-0.020274144468323978,0.006477679138460114,0.014862345616216585
2011-02-23,-0.008275340941803334,-0.006163348173995475,0.008911682609680623,0.003626852647486559
2011-02-24,0.005290008974767312,-0.0006870069003923416,-0.007518549348772146,0.006341981584711568
2011-02-25,0.01379809068361277,0.010636019740118885,0.006572791889415744,0.005869220036170201
2011-02-28,0.002079769629105714,0.006177500874272493,0.002036059244667372,0.0012993155900203528
2011-03-01,-0.016229541116393513,-0.01681352061439155,0.017069773077460833,0.0028947923441422926
2011-03-02,0.005264170069922187,0.0021361519401530225,-0.0007858590263391696,-0.01549270160298505
2011-03-03,0.019582992101241967,0.017077706619784954,-0.013165197646376121,-0.009833693292339978
2011-03-04,-0.0051621204739203995,-0.00752075511778788,0.009083177750322635,0.008293436558237098
2011-03-07,-0.01354617251528819,-0.007881693105017603,0.002651630947559652,-0.006407075506387577
2011-03-08,0.004013624238835185,0.008712081042620947,-0.00257991119154468,-0.006114019245370843
2011-03-09,-0.0068154806500794075,-0.001434309662686677,0.000358740549755809,0.009654163798213291
2011-03-10,-0.015728900946816747,-0.018678950707817544,-0.011833598965568962,0.016646629564787564
2011-03-11,0.006215100382100171,0.006901985791062635,0.0032609684267887263,-0.005663926614143344
2011-03-14,-0.003547041249350805,-0.006055972276902142,0.004619608225729074,-0.00043653616583149395
2011-03-15,-0.014313456391027797,-0.01152347647405795,-0.018827992605934686,0.014859626570658722
2011-03-16,-0.02444515317852148,-0.018686260500510008,-0.0002201664404463368,0.011242273328015513
2011-03-17,0.00919116353202451,0.013148228648313696,0.005343855984731355,-0.0076952017932659204
2011-03-18,-0.0022563866170616327,0.0036306951681463672,0.010169288734282928,0.0026786919342896972
2011-03-21,0.019100364920178102,0.015379121517200384,0.005549394715688909,-0.00590240037148438
2011-03-22,-0.0018036240686795995,-0.003474711491438287,-0.0006470134817238508,0.0033310235299777403
2011-03-23,0.00557999375845021,0.002857539267864409,0.009234421102419529,-0.0012887266600345097
2011-03-24,0.017614836004383214,0.009518220070678951,-0.008012599220911064,-0.0075469125215209204
2011-03-25,0.0024658882527466585,0.0030510973902967086,0.0002872255603370287,-0.002492439399901658
2011-03-28,-0.005469063990895161,-0.002440299018995987,-0.005183605936138139,0.0014088632594311103
2011-03-29,0.009682542087483221,0.006696000814835472,-0.0023847279396549065,-0.007721289768554796
2011-03-30,0.0047193692660191695,0.006877883743920087,0.003322680368145147,0.007938894217839974
2011-03-31,0.0013938664359064046,-0.0013564598676782309,0.008544930078369888,-0.002059817767852164
2011-04-01,0.0005221145053401886,0.0042144574936337515,-0.0047302006629672795,0.0048485023265555875
2011-04-04,-0.0033120958943308335,0.0008256228353960335,0.004587159742600465,0.0010842243401816764
2011-04-05,-0.0026228952857540837,-0.00015001526372141093,0.01568024406451237,-0.004016191941109847
2011-04-06,0.002448158571008877,0.003147159795445737,0.0023204441860725563,-0.015127265027637012
2011-04-07,-0.0006988733405515245,-0.002546936669742218,0.0009125601693485474,-0.0019895173148331956
2011-04-08,-0.004729813860725274,-0.0034564367996227363,0.008037287998853247,-0.005327587266758009
2011-04-11,-0.003341500928824968,-0.003015144117561173,-0.007125452862238653,0.000890634772201123
2011-04-12,-0.006894951059371837,-0.0075021128232799425,-0.0072471647308646366,0.010724261188407535
2011-04-13,0.008479171253667296,-7.606373059817496e-05,0.00204573660814561,0.006249585917158279
2011-04-14,-0.001760679924239656,0.0007603770752368581,0.013370425768477334,-0.0007653684649026948
2011-04-15,-0.001763479129635486,0.003642008294645022,0.008585564685085078,0.013470862198785566
2011-04-18,-0.007086028806618877,-0.011271619491437714,0.006048472882944081,0.0022633778651102196
2011-04-19,0.006203006724323276,0.005727960330992549,0.0,0.004297089593877096
2011-04-20,0.022362528840294823,0.013539773146734616,0.003898423967414405,-0.006452116429651304
2011-04-21,0.007916123818053943,0.005095789099049978,0.001636922263399478,-0.0008630660452591388
2011-04-25,0.00256833836870512,-0.001047234685179136,0.0008854577994363184,0.003771148894622116
2011-04-26,0.005625683479865959,0.008568887968691775,-0.0033417949897760106,0.009636227684641572
2011-04-27,0.00677761629502953,0.006507268459363033,0.019081653785337462,-0.010281608050997327
2011-04-28,-0.0015210644517989792,0.00323767812523009,0.004146955091005261,0.0076149385852267056
2011-04-29,-0.0008456776793210171,0.0023482138616868643,0.01687711902897774,0.003093704345456238
2011-05-02,-0.001863615260450026,-0.0015403932420502712,-0.012946818420868185,0.0016031295971786319
2011-05-03,-0.00475975477370009,-0.0036035054339645153,-0.003529916511002363,0.0056439810575401195
2011-05-04,-0.0015347371744139267,-0.006652923550054213,-0.014448752090855678,0.004449322417137004
2011-05-05,-0.005475601869057397,-0.009089432332645657,-0.029260291794056918,0.009469812053885978
2011-05-06,0.0032545679348539593,0.004405916735015713,0.01267462896066856,-0.004408191863807504
2011-05-09,0.003755771108617444,0.003866849151870317,0.014213726890232377,-0.0010516099971059638
2011-05-10,0.008483298856221065,0.008500488684383772,0.0035220099792790545,-0.007186929391420719
2011-05-11,-0.0072912160935342555,-0.010580241870654056,-0.009237945533017843,0.00571189140449858
2011-05-12,0.00593867696573592,0.004749056930341927,0.0003411664040718726,-0.0063471965230090495
2011-05-13,-0.011912758359720804,-0.007729006883924775,-0.006570357296572971,0.008979130145276003
2011-05-16,-0.017442851208599338,-0.006361698512427072,-0.0017870091740066025,0.0055592195788638585
2011-05-17,0.0027832944497252396,-0.00015039148463144244,-0.0043431154594507256,0.010197844643389442
2011-05-18,0.008304973088113055,0.008896671519198436,0.005924110292412172,-0.013340100502120072
2011-05-19,0.002924112879171913,0.0023787617917931736,0.0003432638177482088,-0.0004201323493600626
2011-05-20,-0.007587020307811547,-0.007976406060965769,0.012553972615642393,0.0005243771008551409
2011-05-23,-0.01482317090905911,-0.011668633899694705,0.0023025631834914487,0.004814368435680165
2011-05-24,-0.006167414402809495,-0.0008337281449307515,0.005127833323306366,0.0037512998857473366
2011-05-25,0.0038809805300044917,0.0033292543725968187,-6.726457516765322e-05,-0.004691624962439817
2011-05-26,0.006144357483740942,0.0045968114921960835,-0.0024258812883911256,0.008532984302916944
2011-05-27,0.0050624255678557465,0.0038274420354353607,0.009935606280794308,-0.00041425910105693863
2011-05-31,0.016063686281777408,0.010357529515625125,-0.00040086563861292825,0.0022779513243989134
2011-06-01,-0.022001862211057,-0.022717644588771135,0.0018027330517969423,0.0134242344207696
2011-06-02,0.002099770853238061,-0.0010619602580055143,-0.0027387456222016378,-0.019233055731327997
2011-06-03,-0.015146229465799889,-0.009994380322904063,0.004804501553227066,0.0057252903558791795
2011-06-06,-0.008197216048310014,-0.010637428779112001,0.0017292622165884623,-0.00760731890611833
2011-06-07,-0.001790328303785125,-0.0006203677207276408,-0.0003987873752467306,0.004592125841042249
2011-06-08,-0.007195653423857172,-0.004195940495067092,-0.004063560992703724,0.007779056640461575
2011-06-09,0.001803792849858325,0.007601794710893382,0.004993851388959323,-0.004036907597007407
2011-06-10,-0.015436641019261326,-0.014007693713383488,-0.008805874461023683,0.007647329331601282
2011-06-13,0.0,0.000783369950047013,-0.00989874533208827,-0.005057826040226344
2011-06-14,0.012729730149674004,0.012606447795765433,0.006072032480570563,-0.01522033106992452
2011-06-15,-0.0191562023116539,-0.017945582908128817,0.003022245884073787,0.018010264604434646
2011-06-16,-0.0038753357906878066,0.002202199881146841,-0.0010063666073081164,0.0045293728080024916
2011-06-17,-0.0031370725615573773,0.0029793022654873826,0.006490278771680714,-0.004736257338812223
2011-06-20,0.005192079328433167,0.005103027191804793,0.0006000356050579211,0.0012379788571845753
2011-06-21,0.021226678294189425,0.013610997183884888,0.004853865999923359,-0.004441315387786499
2011-06-22,-0.007268501176324082,-0.00604365714379456,0.0015245138749051255,0.0006202875269014529
2011-06-23,0.00925819967859535,-0.002879766695520717,-0.01770673421621351,0.007627511025915664
2011-06-24,-0.017499302707693704,-0.01168118460740103,-0.014121089335867159,-0.004219167295541531
2011-06-27,0.015871626553464295,0.008871339826856828,-0.003630257057320092,-0.013809323108639238
2011-06-28,0.014732657579829167,0.01296846007677587,0.0034935800405475424,-0.008082055107077647
2011-06-29,0.004093585445130868,0.008527614996372274,0.006407132466265777,-0.0066619494384206
2011-06-30,0.01323347702730879,0.009517329988951894,-0.008049656026433037,-0.0015931457919396304
2011-07-01,0.014962398756172758,0.014667830949489561,-0.0073558050101630275,-0.001600875260236271
2011-07-05,0.004994839072528691,-0.0008217678405427095,0.018458359922485637,0.002240701052955021
2011-07-06,0.003259314517595672,0.0011948215134790492,0.008632944574224394,0.005101826313804847
2011-07-07,0.01360800875586719,0.010322294139538064,0.0016103488438778855,-0.0029733866964571673
2011-07-08,-0.0027069304659848503,-0.00711750675959616,0.007348103376555757,0.014044037935043613
2011-07-11,-0.01829268797803016,-0.018245672002367836,0.008878910398621733,0.014883541974222616
2011-07-12,-0.007620059993123455,-0.004328663090054993,0.007754066530314864,0.003403029104523643
2011-07-13,0.004163688219127667,0.003342990956422991,0.008927726045871467,0.002775898305102381
2011-07-14,-0.01166728842915735,-0.006926290684446139,0.002591642671108347,-0.014373806532760663
2011-07-15,0.013223988400996266,0.005787940760495142,0.004261669024496625,0.0016652867575022102
2011-07-18,-0.00537285153777294,-0.008234974825221265,0.008788653016896502,-0.009717821651609405
2011-07-19,0.022511690877642453,0.016101306619649813,-0.012274058243285656,0.020576715180341227
2011-07-20,-0.004257361248347706,-0.0006031846460194692,0.008755048684885084,-0.011899798921250296
2011-07-21,0.006633461119140074,0.013775941866906023,-0.007656478889253896,-0.007732982115264906
2011-07-22,0.010287212411999685,0.0006692399836055479,0.008297158381419902,0.007525447087987004
2011-07-25,-0.0020154807525172985,-0.005588573800052896,0.007784134589571454,-0.010993202352642697
2011-07-26,0.0025187712981463903,-0.0037430935723709704,0.0027292577237113358,0.006819260787822563
2011-07-27,-0.026164709781675212,-0.020688275913927464,-0.003683023077966326,0.00010485633628811887
2011-07-28,0.0017194518933051706,-0.0029137099164780046,0.0008267138480823339,0.0037558786035155113
2011-07-29,-0.003270311243687718,-0.0068581098682488914,0.006146757162875088,0.019594919561370036
2011-08-01,-0.004666386798139518,-0.004261603384733638,-0.0036074345335545903,0.01004196371116075
2011-08-02,-0.025615147083010957,-0.025879531938922118,0.023807683707060965,0.02958455289519034
2011-08-03,0.009551002252825765,0.005403937721547499,-0.00018574519969141986,0.001968084754821419
2011-08-04,-0.047585381067456564,-0.04797436229565733,-0.0052774225526159586,0.03496188083343394
2011-08-05,-0.006296042994330197,-0.0014975793494952613,0.006886100677144776,-0.02927790300482942
2011-08-08,-0.0620772769030022,-0.06734038488380517,0.032660154649896335,0.03107914008190411
2011-08-09,0.04710393020909574,0.04545016765151092,0.00887627137888437,0.0030275511540016646
2011-08-10,-0.041781216288828096,-0.0451830638596551,0.03479474038575463,0.029319308090922917
2011-08-11,0.043100025219962555,0.043905732109015605,-0.022182601344645846,-0.051766622329828954
2011-08-12,0.008812789435041652,0.006710674390164684,-0.004578540379765363,0.019609806982203767
2011-08-15,0.014639239160431545,0.020943962956561396,0.010709069242453939,-0.010186955946682683
2011-08-16,-0.008498188763562797,-0.008576151291059975,0.0122643855311679,0.01641904761691053
2011-08-17,-0.00595445420647609,0.0006690342250052368,0.002870760456120654,0.01735736642148167
2011-08-18,-0.05033128027119196,-0.04407582381246444,0.01874311163551858,0.02033086428231385
2011-08-19,-0.01822184315127651,-0.016465719824368945,0.012469732629723616,0.008035720725580234
2011-08-22,0.0035914770258537276,0.0007989206865407192,0.02545811201523618,-0.002521150627548824
2011-08-23,0.04039970310935456,0.03238076304810699,-0.03820924283947076,-0.013889714020840663
2011-08-24,0.007811429473984608,0.013986163241417717,-0.03447040239609572,-0.028842567964664636
2011-08-25,-0.016456074996963627,-0.015361580925390606,0.004127831942992827,0.01076211473729482
2011-08-26,0.024772328837230954,0.014429357611446626,0.029216271136055655,0.009818567854832906
2011-08-29,0.027475254192899055,0.02833112759804266,-0.02037867554084576,-0.013922172042901863
2011-08-30,0.006570420218751793,0.00263346229906563,0.029521431261488856,0.015948643110444423
2011-08-31,0.0016362747615543299,0.004427813150822917,-0.007735058209084623,-0.015575178414191987
2011-09-01,-0.009122492172136516,-0.010528013625944181,0.0008436339994106385,0.020976860299806544
2011-09-02,-0.023740152611074056,-0.02588216243535365,0.029743880060709684,0.031969453977979234
2011-09-06,0.00018801780839851557,-0.007324245223858289,-0.0018572769704758563,0.010345131848572593
2011-09-07,0.025017039692471592,0.027817293476827987,-0.032337903821831236,-0.019273267831290092
2011-09-08,-0.0045855879566926855,-0.010446046240496245,0.026360554098634244,0.008928135982717663
2011-09-09,-0.022498095237718552,-0.0265592545667929,-0.006123991593192474,0.010609300771326205
2011-09-12,0.01270531326485635,0.006449333210760981,-0.022554605449326134,0.0010544993809772423
2011-09-13,0.013279694268293962,0.009129377622631796,0.010529052886616642,-0.014333681157174195
2011-09-14,0.01419010935152866,0.013749035428349918,-0.007477120273184911,0.00843011942709045
2011-09-15,0.014703285226147576,0.01711001643249297,-0.015984031396099732,-0.015406080747865319
2011-09-16,0.009124516319388798,0.005901380083422667,0.00930295164559379,0.007243290421139324
2011-09-19,0.000353279995468575,-0.01000753601725263,-0.015572543748898304,0.01888645005258332
2011-09-20,-0.00442595391015368,-0.001164254798831135,0.014151321817653911,0.004187801117075548
2011-09-21,-0.01754106280558299,-0.029900647692011,-0.012537030407863034,0.03254840538942141
2011-09-22,-0.03304267659839514,-0.03285855570576805,-0.026501628577849823,0.0368969021927398
2011-09-23,0.010582171281034987,0.006007383394376616,-0.0562714947767603,-0.018774607766733366
2011-09-26,0.01156740676801853,0.023501341765111514,-0.013989774992148278,-0.01618626608188802
2011-09-27,0.01035100676401782,0.011121986900225945,0.019170336530176878,-0.015426317814742806
2011-09-28,-0.01492546948687416,-0.020630005800551382,-0.0278383359714093,-0.00034212949091012076
2011-09-29,-0.01199203818537688,0.007872255475833752,0.009429196621174493,0.006897885801147634
2011-09-30,-0.026136560014548716,-0.025306211544111064,0.0022802177134303657,0.024807762357746843
2011-10-03,-0.026055921871311914,-0.028870954485989978,0.01818123629201861,0.02714865382737803
2011-10-04,0.020324160304251864,0.021686074204685418,-0.02084198016777855,-0.01276158082327171
2011-10-05,0.02535202979000627,0.018346005756640693,0.011479200723122179,-0.007224855748072232
2011-10-06,0.01667287590291311,0.01792975221599891,0.006438520382399495,-0.018629654802086754
2011-10-07,-0.006636117207387003,-0.006718249167668787,-0.008196078194995479,-0.007415547281626815
2011-10-10,0.03400013096762317,0.032898263269194386,0.025369706940620972,-0.014224141499373667
2011-10-11,0.006769783560852631,0.0010028902953514206,-0.007191831911733941,-0.0033516167460727357
2011-10-12,0.004959266909103712,0.008733665016566384,0.00713052198207639,-0.014652910782687975
2011-10-13,0.00914562350730979,-0.001989319725385576,-0.00589749505275014,0.009908002063338006
2011-10-14,0.01838730610152091,0.016949217271728618,0.006754651748949264,-0.01463626375144683
2011-10-17,-0.015590030503670076,-0.01927553784560367,-0.004784984318897891,0.01714066521480781
2011-10-18,0.012318964433475505,0.019357497360927425,-0.004807990522259361,-0.006230479731744005
2011-10-19,-0.019502665719175905,-0.011899956182607365,-0.012247215797121397,-0.00034728940388855316
2011-10-20,-0.004935509983120626,0.0043659821691296756,-0.013222651084731378,-0.007145897353573345
2011-10-21,0.012468160984998701,0.01880946005590745,0.01103102964708361,-0.010638755297121848
2011-10-24,0.020555366617184045,0.012186340628541337,0.009359274408804371,0.001678132616440255
2011-10-25,-0.01985745560050331,-0.019634969575816712,0.02798622413330745,0.025096979860145443
2011-10-26,-0.0012214566897878133,0.010106830501268683,0.010871290055837372,-0.017624164131540627
2011-10-27,0.027215082952736707,0.034242037395714416,0.012761764976101417,-0.03448444027216267
2011-10-28,0.0015280675123428439,-0.00023303617896865155,0.00041272557597136334,0.01046155595754335
2011-10-31,-0.016939452015643043,-0.02440088774645774,-0.013532963163571735,0.03888961222158596
2011-11-01,-0.026402703073709923,-0.028284418414798947,0.00023905679353779965,0.032927440519959425
2011-11-02,0.008468785753807172,0.016179216185396063,0.009986961282971352,-0.01255275320768645
2011-11-03,0.020519006965738888,0.018063234375787093,0.015611583405325672,-0.013829210413257157
2011-11-04,-0.005176879304022488,-0.006117518678194023,-0.005079236179332056,0.0012023959773132227
2011-11-07,0.007067928250334168,0.006196856408473128,0.023885642975553973,0.0063337653118179385
2011-11-08,0.01144451887264784,0.012748853870782445,-0.008321169193389317,-0.012879938941806175
2011-11-09,-0.03578890231475123,-0.037607873338229195,-0.008449074737466438,0.020527354695153478
2011-11-10,-0.0005281385634622214,0.00937461543900446,-0.0054194819068881525,-0.015011594264901403
2011-11-11,0.01866889688195077,0.01864726871699101,0.016343494900231577,-0.0061204847790860125
2011-11-14,-0.006242350450671449,-0.009518998703501019,-0.004378447815266984,0.015955324979078936
2011-11-15,0.011070772050206625,0.004929500791895917,0.0009233822403350991,-0.0013626378284469797
2011-11-16,-0.016652498418704142,-0.01599030446730473,-0.01072881883307553,0.009076877944397637
2011-11-17,-0.023717736754238397,-0.016003951990427468,-0.026049069788272285,0.007990037591517694
2011-11-18,-0.00773198687371501,-0.0010653626553032956,0.0031070114130365514,-0.0002517598527437511
2011-11-21,-0.01931872389841546,-0.019202571103164447,-0.024886493203201684,0.005932080177632336
2011-11-22,0.0033068388576698304,-0.00393556930475203,0.011009493958958352,0.011099828757647787
2011-11-23,-0.02281855153661398,-0.02231272865787263,-0.002907833444255293,0.009755681961682576
2011-11-25,-0.007723649685547381,-0.0018896172695357985,-0.00871350577932607,-0.014628357452124652
2011-11-28,0.034203783265067254,0.028555724561266142,0.019574669781168473,-0.0004963260142687929
2011-11-29,-0.006232586922368973,0.0028360261787539576,0.0014992056580314238,-0.00823297860347558
2011-11-30,0.03629518594895166,0.040325254055079786,0.019287858882640098,-0.015739304587426218
2011-12-01,0.006892607536428693,-0.0001597452548881526,-0.0029432561018175956,-0.005029743710797776
2011-12-02,-0.0028221715840847012,-0.0008807430258092162,0.0011194724078150643,0.013919168115613532
2011-12-05,0.0108905838380544,0.010833221719154299,-0.014830905352806206,-0.002024595638649657
2011-12-06,-0.0027990069177847962,0.00031700043786054834,0.005126600507155191,-0.009590137721147887
2011-12-07,0.0,0.003715526511108108,0.007227955332883408,0.0035751217230255363
2011-12-08,-0.016961511483428,-0.02218066646239265,-0.020395472758271072,0.012413782107764264
2011-12-09,0.01591003122208007,0.01680052356482137,0.002527218277842403,-0.02077477981953402
2011-12-12,-0.01128788448623825,-0.014704900988665507,-0.026859852864766727,0.011076688335152027
2011-12-13,-0.01105762557888587,-0.009382796473091601,-0.022095571965698058,0.009277535510299863
2011-12-14,-0.015725716726009902,-0.010703500996778236,-0.03572036229643507,0.01871435197347815
2011-12-15,-0.0027362383313663465,0.0036079332576486275,-0.0036694724115009882,-0.0037146991186956
2011-12-16,0.0051350958217143815,0.0014811893775602053,0.018858628346003374,0.011593909851586025
2011-12-19,-0.009891848104897814,-0.010749029235092931,-0.0023218367153054562,0.01259255894166178
2011-12-20,0.029208344111554766,0.029811395809473628,0.013532357682449965,-0.025262247800882362
2011-12-21,-0.014406517057095282,0.0019348456923483745,0.0011460365099759205,-0.014006921369550543
2011-12-22,0.008488691076550483,0.008819547257327252,-0.007152076380172022,0.004188563147176069
2011-12-23,0.008596506468769012,0.008901117876623088,0.0017288576765001683,-0.011182699946871011
2011-12-27,0.00372300441425119,0.0007909211176596748,-0.008996872529867412,0.00473958783317675
2011-12-28,-0.011624986366454522,-0.013210217197420094,-0.025365842262780703,0.0183199332121367
2011-12-29,0.007169579842324978,0.01028057101411822,-0.0045791131052559195,0.0018221113260955004
2011-12-30,-0.0028615278141772863,-0.004927687970733471,0.010915393959510784,0.00322193600033112
2012-01-03,0.018983726428156676,0.015810323606394023,0.025528278105768725,-0.01512460562655026
2012-01-04,0.004209303754622033,0.0015673096703317313,0.005053962921992179,-0.011961087812987796
2012-01-05,0.00819164922578542,0.002658969134660745,0.006804643552456634,-0.0017812311586922946
2012-01-06,0.0034655134935655902,-0.0025803401705545596,-0.003682789348313295,0.007863826284724313
2012-01-09,-0.0032917879892836216,0.002424242134280944,-0.004462850601680474,-0.0017706073308988736
2012-01-10,0.00726267882698391,0.008633436412050279,0.01358147038393252,-0.0016891006605921912
2012-01-11,0.0020655265179953387,0.0005418437568618297,0.006471693519725533,0.012932562189942307
2012-01-12,0.003946598001734971,0.002396167611430142,0.004436855940286991,-0.0014193296771838747
2012-01-13,-0.0036029059168664035,-0.005186638316942554,-0.00700797748665459,0.0098928943052527
2012-01-17,0.00906828816868797,0.0038732782298809437,0.007755890232572322,0.0046214322231407385
2012-01-18,0.013198210430936972,0.010995724971575768,0.006830241286203655,-0.01217769025331187
2012-01-19,0.006200275732050314,0.00526239477697,-0.0023542844291586738,-0.013849868787840036
2012-01-20,-0.0015048002375420623,0.003720207007202263,0.005258486434611419,-0.011390079782285976
2012-01-23,0.0003345798045789024,-0.002579631737207082,0.006702951032527608,-0.006345126997304545
2012-01-24,-0.001841431566265834,-0.0011405752699952542,-0.007073309078255219,0.0018043515551542427
2012-01-25,0.01248859198549846,0.008332425814167047,0.026856674653672707,-0.0024068767328209854
2012-01-26,-0.003481067596641427,-0.005142471655931601,0.00509459639654765,0.013169485627105841
2012-01-27,0.0029848290312579386,-0.0004552435241786402,0.01011189273071679,0.003138116456865365
2012-01-30,0.0008272359930830531,-0.0034195028275065538,-0.005578663971878356,0.011703144524429693
2012-01-31,0.0013225397461558111,-0.0003806922772564163,0.007588812095342065,0.011484711839803558
2012-02-01,0.008062479046518063,0.008718728773512412,0.00147549236555642,-0.011520864862634735
2012-02-02,0.003108868108088086,0.0015844558589192855,0.008749097178977205,-0.00041961937773588286
2012-02-03,0.013630043673739068,0.013921405834806656,-0.020137109848909707,-0.021723670478917656
2012-02-06,-0.0008060353876442485,-0.0006691100051374517,-0.002747786955391367,0.009902452296811283
2012-02-07,0.0020946330651804975,0.002525210568378097,0.014961121796296195,-0.012479032392841606
2012-02-08,0.0052972854515110765,0.0029631611625636632,-0.0070964044645123875,0.0007738331656820921
2012-02-09,0.007178724758059982,0.001257067298321341,-0.002852704427427749,-0.007505270635463839
2012-02-10,-0.007018487899257873,-0.007415214504165535,-0.005251264443437007,0.012905021771768426
2012-02-13,0.009241343053530077,0.0074152145041655225,0.0022112372609914763,0.0012809546025840455
2012-02-14,0.0025348079143818034,-0.0012570672983213645,-0.002330930151636942,0.0052792423978173875
2012-02-15,-0.006985264653662221,-0.0046707278998841546,0.0059064426447289235,-0.001784983625334902
2012-02-16,0.013607719811750695,0.01101226891417612,-0.0006545512723762022,-0.008029060632565335
2012-02-17,-0.0031481714324089662,0.0026428552827135942,-0.0038765152743636634,-0.00025669158134613554
2012-02-21,0.0028335834310254165,0.00043957161677656145,0.02169306958114338,-0.011127247149663375
2012-02-22,-0.004569250443318823,-0.0032296202743359484,0.011164193939316386,0.012498386253365329
2012-02-23,0.006610989192582483,0.004401057569258705,0.0004624917963242474,0.0
2012-02-24,0.0034457144216571743,0.002193179851118893,-0.0045764514047417675,0.0064889853759281906
2012-02-27,0.0014060886334373104,0.0016784633716777797,-0.003082017911286478,0.008812060252948393
2012-02-28,0.010097165843368948,0.0029119638363752547,0.01037124237129815,-0.003295230190489575
2012-02-29,-0.004492365537148643,-0.0039329338777761924,-0.054486874448655936,-0.006112315396109089
2012-03-01,0.007886642153987091,0.005168144561026063,0.014022637552039158,-0.009458894568372398
2012-03-02,-0.0007701229812213726,-0.0030539724887493694,-0.0016218911795983044,0.009347773489579781
2012-03-05,-0.010382334755556697,-0.004087095732978912,-0.00415677252468325,-0.00797039144202024
2012-03-06,-0.009861458047092153,-0.014732898666565082,-0.017969096432021343,0.01205920154169571
2012-03-07,0.007678396826604774,0.006951713579281233,0.00569981581334447,-0.006139879792058929
2012-03-08,0.010713653949073712,0.009899599027562302,0.010033186704286951,-0.010058222867688224
2012-03-09,0.004161194354511711,0.003860507609031665,0.0066333602174327025,0.0019854485231486133
2012-03-12,0.00046144958182055805,7.213839332654815e-05,-0.007904687473264298,-0.0001722136477043886
2012-03-13,0.018430031914755642,0.017865616098203297,-0.01692317740609355,-0.01775060597249077
2012-03-14,0.003465108649477103,-0.001071378244802404,-0.01696375000167828,-0.025518127045253414
2012-03-15,0.0028537301875168983,0.005772573382981803,0.009418404028557977,0.0015296446537064509
2012-03-16,-0.0007065827105296974,0.0013838875984763753,0.0013648567003107786,0.00197698330019439
2012-03-19,0.007040895392294394,0.0039123561021762255,0.0017962362702596962,-0.012007977498032646
2012-03-20,0.0017896650733368706,-0.002914965207122131,-0.009076224493998303,0.003988709253016127
2012-03-21,0.0001491382882099268,-0.0016392644244541915,0.0004994807381019333,0.011244684614854924
2012-03-22,-0.0020882311016803025,-0.007229686827128152,-0.004002753243231974,0.0032150464972753477
2012-03-23,-0.000597292595078723,0.0032279195112173494,0.012208133046479623,0.009407005186242634
2012-03-26,0.01732750571037841,0.013937261570246672,0.017611569127534244,-0.005136488891750779
2012-03-27,0.0014670682363649725,-0.003111869798921621,-0.0070809013076213,0.007166067279854004
2012-03-28,-0.003966420102248828,-0.004970614847956424,-0.010654517949322703,-0.001411355369668114
2012-03-29,-0.0038339936525447456,-0.0017105505692039497,-0.0014250489249673808,0.00747529816704728
2012-03-30,-0.0019225550660409067,0.004127880115851754,0.005194794327439433,-0.017054824944693035
2012-04-02,0.010309269536474359,0.0072874743937153316,0.0050452782243641,0.005524401624946667
2012-04-03,-0.00029329627480674785,-0.004097159686450464,-0.01889597488595619,-0.017480780655300027
2012-04-04,-0.013723979047230099,-0.009960097816994638,-0.016903541070223595,0.01365254196155496
2012-04-05,0.0062213880468278875,-0.0005005699653116225,0.006972586754221729,0.007199343692269368
2012-04-09,-0.007559689151192636,-0.011294503256577708,0.006673391569320288,0.023112910924811953
2012-04-10,-0.016199463821068225,-0.01692759208704084,0.01079681583610527,0.011273098457754293
2012-04-11,0.0048272928771552065,0.008061650399558,-0.0001862294945727839,-0.012052966749933489
2012-04-12,0.011372170943913122,0.01298113306460544,0.010068896893171232,-0.004165765839643535
2012-04-13,-0.01529275620083722,-0.011959658705934784,-0.011435703837606927,0.016047612040109693
2012-04-16,-0.011242852104034863,-0.0006564563807732667,-0.0024275594635374416,-0.001456747423330874
2012-04-17,0.02011724405390692,0.014703598677481675,-0.0013096363661056385,-0.0005997427315659788
2012-04-18,-0.002548870758763196,-0.0033848540513632583,-0.005883121540853622,0.002912177272710643
2012-04-19,-0.011323596087651593,-0.006442019145780737,0.0007529342193186616,0.0009400907241990567
2012-04-20,-0.0027367112614347005,0.0016685967949133806,0.0006897239210806605,0.00017006030872942073
2012-04-23,-0.009176887640819933,-0.00844433363087027,-0.0029502294460589935,0.007235172614129855
2012-04-24,-0.005392556315043816,0.0037943526808965813,0.0014448331190362385,-0.0070638232610957235
2012-04-25,0.02622481537076524,0.013598798030687333,0.002006723784330158,-0.005137777060683651
2012-04-26,0.005851757179025811,0.0069447883836163795,0.00879471559167779,0.005992296564055705
2012-04-27,0.005966713168129525,0.0016397793978564388,0.0021711872276646304,0.0008523802334775846
2012-04-30,-0.007164159753458574,-0.0037111612373187013,0.0030934874938505622,0.0002554972924748549
2012-05-01,0.0016459590351484599,0.006201042320883621,-0.0034653347638567127,-0.0051998322469996635
2012-05-02,0.002837539773984443,-0.002989113487856623,-0.00453550513766278,0.007018656466221262
2012-05-03,-0.010643958111492238,-0.007654261693717934,-0.010138997417698532,-0.00025644008034454843
2012-05-04,-0.02518234226769422,-0.01629023101732512,0.0031403115630244814,0.007817771839024714
2012-05-07,0.000926804638298256,0.0007299027662855976,-0.0024485925648660245,0.0001692018090202771
2012-05-08,-0.0037130493489895243,-0.0040197959358903995,-0.01955122460022864,0.005317476725318141
2012-05-09,-0.0031046183658316813,-0.005949706801008162,-0.009856096620851877,0.0006734894976730076
2012-05-10,-0.0020228885321964146,0.0020609119713595543,0.001940260901209398,-0.0029490129327151156
2012-05-11,-0.00015587941336705558,-0.0030187729543578443,-0.007848817296009933,0.008235087922013115
2012-05-14,-0.009392782738644776,-0.011122924870603863,-0.01462845943520308,0.013877428870892758
2012-05-15,-0.003308326808996962,-0.0057581840167692175,-0.010562401311462568,0.004036238655882477
2012-05-16,-0.006808621055512261,-0.0038322038406848327,-0.001871650064246415,0.0028723777392234964
2012-05-17,-0.02135759386921585,-0.014941858505948431,0.022101053281684286,0.017548725026006677
2012-05-18,-0.013069686994955506,-0.008595683651292742,0.011387791619555667,0.00024208851490593368
2012-05-21,0.027571915788834535,0.017042357809400086,0.0006467713402268693,-0.002095820972065335
2012-05-22,-0.0011204031487418106,0.0017410145513081696,-0.016757749444190322,-0.011196578039664071
2012-05-23,0.0019200213530665728,0.0005293015997195229,-0.0030293517963689474,0.006911077126633877
2012-05-24,-0.006575476274770818,0.0019640612587871562,-0.0013859452168922916,-0.0038159088556349503
2012-05-25,-0.001288282412276821,-0.0032502564873995166,0.008352766698997548,0.0037341976609998584
2012-05-29,0.012647608699601756,0.012039546052998938,-0.010931873240010203,-0.0030832565050000404
2012-05-30,-0.008467192730011869,-0.014616468497923035,0.005875957660694494,0.02504484653571571
2012-05-31,-0.004341204616444453,-0.002203066808487513,-0.001910905902789609,0.011508278518004714
2012-06-01,-0.026946840736350234,-0.025499699055916647,0.03804809984180762,0.023462525055597726
2012-06-04,0.007585352043879396,-0.00046793026853905766,-0.0011434641458968186,-0.007932179332289468
2012-06-05,0.004098900393715374,0.007543531152871166,-0.0011448702562414747,-0.013466714208611178
2012-06-06,0.022647354804107876,0.02221996650258093,0.0004454100462342761,-0.020186788686540353
2012-06-07,-0.004006378376786341,0.0006061567848617882,-0.017388437571983575,0.0015184757413675214
2012-06-08,0.009589161693370044,0.007920296282637447,0.0014875385514176553,-0.00023993359089845287
2012-06-11,-0.017003822891675496,-0.012779058074949867,0.004063373582424457,0.004541681856798443
2012-06-12,0.012060820403641738,0.011425240211738307,0.007055420696368892,-0.00918499883397818
2012-06-13,-0.006897356745274913,-0.006415437150397972,0.004209384361180728,0.009821156692349287
2012-06-14,0.0036952470851637055,0.010544713447147715,0.004001687892130676,-0.0012727206711915578
2012-06-15,0.012347631993229562,0.010175455530394235,0.0005703370916346761,0.005553845851485366
2012-06-18,0.009322949663636572,0.001936136291232386,0.0005700119926437334,0.005365850335675124
2012-06-19,0.01032695185984725,0.009626341019699785,-0.004887432513551658,-0.013148587640606753
2012-06-20,0.0007783092874973713,-0.0016227360730757703,-0.007600729101789924,0.004930662245702327
2012-06-21,-0.025202266687995745,-0.022693895457512728,-0.025651569647767526,0.005301115899750379
2012-06-22,0.010472932169590424,0.007671706899397071,0.004070084458850245,-0.013426933905956197
2012-06-25,-0.01944592355869707,-0.01616444575629895,0.00731070579506714,0.014453357609181455
2012-06-26,0.006257256004316884,0.005012959816983771,-0.007441769628189937,-0.0039499418591031855
2012-06-27,0.006060068303915988,0.008976072654486892,0.001375064652515789,0.0015816413517095065
2012-06-28,-0.011191158155079314,-0.002857295381857604,-0.011715276484427288,0.002446766705221254
2012-06-29,0.03102482763093141,0.02462111390678959,0.027039260378949704,-0.013092915511457213
2012-07-02,0.0029569702970169438,0.00300777414964528,-0.000644618456697509,0.010264766817111257
2012-07-03,0.008356889556209246,0.006571276812206207,0.01516593043631744,-0.007714208055306651
2012-07-05,0.0006158659256424369,-0.004522304806159733,-0.011368929003809548,0.00509577504430807
2012-07-06,-0.012553386183026996,-0.009549054333810631,-0.012734817475435407,0.009251758049235247
2012-07-09,-0.0018729165119830745,-0.0012554771136343665,0.0021445114458555955,0.00877593942435558
2012-07-10,-0.009892587574783897,-0.0087581726280911,-0.012345429133629288,0.002026320664483103
2012-07-11,-0.0055384575612139955,0.00014921606402252725,0.0055057594568082525,0.0012449549924186147
2012-07-12,-0.009406457652164732,-0.004856873133431308,-0.002618033780691079,0.0070508702718644735
2012-07-13,0.015102357293887245,0.016638525856063385,0.010106714486149358,-0.00262795397459384
2012-07-16,-0.0028439961427972186,-0.002360253405213179,0.0004540770166103946,0.0046342465133315525
2012-07-17,0.005208054814963298,0.006843622627329568,-0.004810237265713993,-0.007891572298855934
2012-07-18,0.013445866336393972,0.00737944665555551,-0.002740430809986751,0.0005438233208226911
2012-07-19,0.010966195026529502,0.002617396793191403,0.002153848840418498,-0.0025649195123819573
2012-07-20,-0.01329844261915285,-0.009190382496222279,0.001888899980288932,0.01214447766991854
2012-07-23,-0.012216263234316536,-0.010163445152892508,-0.0041734615256850535,0.005597220006464386
2012-07-24,-0.007910189748115345,-0.00862396365309427,0.00319690690338272,0.007844387506225403
2012-07-25,-0.006693140768199868,0.0002236985503564128,0.013907490755906015,0.002576103967005391
2012-07-26,0.013184474254186508,0.016362724691483258,0.007041420048145291,-0.009197390154355944
2012-07-27,0.023394585697561303,0.01826551146487488,0.00489956132478139,-0.01904252331582502
2012-07-30,-0.0007710832925255324,0.0,-0.0006984831553893457,0.0074438515620273
2012-07-31,-0.0003083749889403109,-0.007019421451461821,-0.005988723225470398,0.0020069535127877325
2012-08-01,-0.002936802674027456,-0.0008718313269973089,-0.00866421414888581,-0.005011889327837332
2012-08-02,-0.0035661962641093414,-0.006928157302880037,-0.006531497290067034,0.0056528968396990795
2012-08-03,0.018772849545115586,0.019639021921916962,0.009170809124329653,-0.01626938269267895
2012-08-06,0.00759292695715768,0.0019353303800610194,0.004810013989643127,0.00039216863582273786
2012-08-07,0.008286448518695895,0.00500093879220517,-0.00012799457656319368,-0.012949389543410664
2012-08-08,-0.0004501189726657865,0.0012107682752340997,0.0012789166070782496,-0.005338591628938792
2012-08-09,0.0029973366726644556,0.0008539799848123063,0.0032539650598126992,-0.0007191192575342124
2012-08-10,0.0005986599967739302,0.0016348164068538456,0.0012094547976165897,0.005024051890842373
2012-08-13,0.00239023110262176,-0.0004974010555372055,-0.007599660994752833,-0.0016715616921107563
2012-08-14,0.0004472413388453854,0.000142257297367717,-0.005528431293767677,-0.01363944940357558
2012-08-15,0.00253255162164231,0.0011354140522606341,0.003217920039555506,-0.014155859342015395
2012-08-16,0.01183097702353621,0.0073516510908050725,0.005957880902347246,-0.008557571594096572
2012-08-17,0.004400534088094998,0.0013372667547473214,0.0010214739315963608,0.004863702946497015
2012-08-20,0.0014624057571870992,7.015440825298733e-05,0.0034396702075541645,0.002053704012598088
2012-08-21,-0.003953942540107286,-0.0030288504359544046,0.009934007742546973,0.004421080177059628
2012-08-22,0.0041006417915591025,0.00042339182245279127,0.010708631507447481,0.01637053937942452
2012-08-23,-0.008217726052471478,-0.008213033322082395,0.008373997600348033,0.004171218859763763
2012-08-24,0.006169130489381946,0.00602461075003083,0.00049405195165326,-0.000961348881593912
2012-08-27,0.001609937104159027,0.00021212637685624945,-0.0037732430064034606,0.005831486323810298
2012-08-28,0.0,-0.0009899216941446159,0.0017337390057776023,0.0023875201725277137
2012-08-29,0.0,0.000777795317288523,-0.006517126164973718,-0.0043802774856521245
2012-08-30,-0.010139455639131477,-0.007234257754009555,-0.0004359382542126009,0.005174129471264329
2012-08-31,0.006624501175930253,0.004758488600033192,0.02278842769888954,0.014035558453666304
2012-09-04,-0.0010279567817021657,-0.0009222663626711713,0.0015819565772519967,-0.0010049945415400675
2012-09-05,-0.0010280693929001668,-0.0008506828438270572,-0.00103408368603259,-0.004724169697679847
2012-09-06,0.021956167564963686,0.02009280552621833,0.0035237086061065126,-0.016790772707343464
2012-09-07,-0.0014391042175379617,0.0038881020623951373,0.021301036576637185,-0.004665388910637444
2012-09-10,-0.012901467101895756,-0.005698006982910623,-0.0068508245778626286,0.002416496705981041
2012-09-11,-0.0016059571487959275,0.002783717293542106,0.0036397345213229062,-0.006293966758268048
2012-09-12,0.0029182960015075843,0.003329742994353742,0.0001191368766436192,-0.012543230176900351
2012-09-13,0.013459825143125586,0.015121649477447822,0.019987101882923578,-0.003941703427493361
2012-09-14,0.008873508848983214,0.004424328514749026,0.002856260822614609,-0.026937475372835577
2012-09-17,0.0004274740522374283,-0.0034015251078334816,-0.008182448737126974,0.011932085700135328
2012-09-18,0.0008540343295843118,-0.0008181590182676327,0.007716671888582333,0.004999065581561391
2012-09-19,0.0018483558087311084,0.0005452945166143299,0.00011648676464511073,0.0065445871601063875
2012-09-20,-0.0009946845806363684,6.878202295764815e-05,-0.0015734059198807039,0.002473699002530047
2012-09-21,0.00028541061452045676,-0.0004186177421871101,0.00285359936146375,0.001152660900776533
2012-09-24,-0.00586174603823181,-0.0015089377006907172,-0.0053060014063377545,0.0077852001566976635
2012-09-25,-0.01415200780747504,-0.010699316415487508,-0.0016382823469836482,0.009828860426291853
2012-09-26,-0.008177647891574097,-0.005637026481321788,-0.0056374963370224036,0.01069374480485966
2012-09-27,0.013688724751832668,0.009377136097304716,0.014789097981363655,-0.007143199438041909
2012-09-28,-0.008278483080909435,-0.004642151349207461,-0.0026145147730523375,0.0005639523453021836
2012-10-01,-0.0014594210265475472,0.002635486654678531,0.0023243307866659033,0.003703653421475458
2012-10-02,0.0029165907718956574,0.0010385999024235275,-0.0011033258934751609,-0.0013674714965044748
2012-10-03,0.006387220194344215,0.004074800898533161,0.0017996437460312752,0.0003214267557963446
2012-10-04,0.00346680242259163,0.0071426573304947645,0.006936025341043228,-0.01254838706824401
2012-10-05,-0.0053497228026570245,6.802703223534867e-05,-0.00571878926447531,-0.013038759146152868
2012-10-08,-0.00917478685359205,-0.0034272601788955946,-0.0033074685239183545,0.00838393617244013
2012-10-09,-0.01607588814085914,-0.009936438154271726,-0.006180042594964688,-0.0018021278645060522
2012-10-10,-0.005067855393885484,-0.006400439269430615,-0.0008776828487819255,0.007026983564066617
2012-10-11,-0.003143198445751258,0.0005578514588682512,0.002805770961490514,0.0068971776365396725
2012-10-12,-0.00044952462487385543,-0.003283756603179093,-0.0073818938973548055,0.002503880994680616
2012-10-15,0.007321674612113573,0.008293795083907294,-0.010106119739498041,-0.00226096940824444
2012-10-16,0.01404418976576889,0.010082413756164596,0.006335646333619325,-0.013920934026256118
2012-10-17,-0.0005876070070521766,0.004524589943650675,0.0007080193841468657,-0.009307618082357406
2012-10-18,-0.011671648668036645,-0.002603014795488731,-0.00443354865538353,-0.006141732993480096
2012-10-19,-0.024216992644899626,-0.016804478311338498,-0.010841136052605957,0.013479525696684988
2012-10-22,0.005163155917906948,0.0001397195987849621,0.003646697239812837,-0.006427850908278503
2012-10-23,-0.009588700095378502,-0.013973752342998864,-0.012912759766492157,0.014201591867146762
2012-10-24,-0.003523382935869192,-0.0028324348924358236,-0.003451467757776219,-0.009911352415163843
2012-10-25,0.0,0.0029029988997189907,0.007011656174181994,-0.005117171325105219
2012-10-26,0.002911562944582194,-0.0005653982728466966,-0.0005423202272228979,0.014620396946526774
2012-10-31,-0.006139665940532426,0.0,0.005409372308871991,0.005853659716473712
2012-11-01,0.01406544448835858,0.0104158927614496,-0.004565910521291634,-0.008221613149089682
2012-11-02,-0.01068406929298001,-0.008931717230424019,-0.02111619567115675,-0.0007352073444082696
2012-11-05,0.006576397133587349,0.0020465795983487084,0.003866988340753932,0.005627485355976941
2012-11-06,0.0018278744341862854,0.007794577397504596,0.018633181558340834,-0.00947995680417011
2012-11-07,-0.023867556490926353,-0.02292406286469621,0.0011418760009174647,0.01798413882183202
2012-11-08,-0.015864351538293988,-0.012097220520688073,0.008969205970755553,0.01472950755010195
2012-11-09,0.004265413502745702,0.0008688927008430145,-0.0010124664362506366,0.0011115066352665052
2012-11-12,-0.00015774661055220184,0.0007959668749580171,-0.002207239069899678,0.0016656367263884716
2012-11-13,-0.006961937447608506,-0.003477266445447966,-0.0020923088878503668,0.003323317210171353
2012-11-14,-0.011819261880266824,-0.01359122429482477,0.0002393087940783899,0.000946782757640855
2012-11-15,-0.0033800128750762137,-0.0016931908362984994,-0.0063019928595901085,-0.0019746380331919773
2012-11-16,0.004343773375112175,0.004924999097264116,-0.0012651232479694255,-0.0008697813348789324
2012-11-19,0.02347781678194063,0.020037024597777585,0.011925176433462218,-0.0056338206370111004
2012-11-20,0.00031375498271398876,0.00043144733872671487,-0.002863425779210265,-0.010078051075319396
2012-11-21,0.0020353734942621634,0.0018660349985414153,0.0010150660402493473,-0.0005632698848539623
2012-11-23,0.015058972439748826,0.013533266826965946,0.012160205973813025,-0.0009653306118001507
2012-11-26,0.004305198398619997,-0.0021248469805374075,-0.0010618685408751542,0.004739070964794026
2012-11-27,-0.0033813151563388696,-0.005117938410062307,-0.004258514528236021,0.003918405760294246
2012-11-28,0.00858378024250504,0.008020863312830853,-0.012885721450133563,-0.0014379787139146068
2012-11-29,0.005934952823394855,0.004654311327889192,0.0037754494975707773,0.00016001282919601435
2012-11-30,-0.0016701462821359229,0.0002109721242088013,-0.006782066259329654,-0.0027204802340945896
2012-12-03,-0.001978122198044549,-0.004936307318826589,0.0004816775885995999,0.0009223425014235145
2012-12-04,-0.0006092757420876094,-0.001415151862615143,-0.010346525202362707,0.00575906618707773
2012-12-05,-0.011185072085912759,0.0017687966697740307,-0.0018262807650325558,-0.00047778365435986595
2012-12-06,0.006450703389568449,0.003386046718911427,0.002312732382919267,0.0021513871340040655
2012-12-07,-0.005988589251005291,0.0030240323164440084,0.004004152985563731,-0.009279166184672968
2012-12-10,0.002922124227857262,0.0004213102190164896,0.0038675379164635304,0.00441025426548703
2012-12-11,0.012968174828549301,0.006785506118860536,-0.0009051692074031703,-0.007630259455081539
2012-12-12,-0.002124278261566216,0.0004873586312541001,0.0007242193101501478,-0.011678136365601033
2012-12-13,-0.007930351715779299,-0.006150529383366714,-0.008481356697994205,0.0007335606897450284
2012-12-14,-0.009538839691028285,-0.0037226170109493453,-0.0014611280186981382,0.007471616173481208
2012-12-17,0.013206657891670236,0.011683394729884685,0.0018869503829595713,-0.015080820586364594
2012-12-18,0.015140643534466066,0.01106744600310843,-0.014455725078867119,-0.010236789149466597
2012-12-19,-0.004367369463743563,-0.007456750767149806,-0.002409114946575244,0.003313543466778722
2012-12-20,0.0,0.005735809470235538,-0.012196073797178996,0.00016578442925232526
2012-12-21,-0.010572739550373524,-0.009118802381818978,0.00374933956743618,0.010855597817658312
2012-12-24,-0.0019959878729186686,-0.0030857274882401665,0.0018070937392538678,-0.0018004349912127484
2012-12-26,-0.008798383689927492,-0.004224234686692728,0.0009956669468964311,0.003590540545836399
2012-12-27,-0.0015517598267065784,-0.0013414219743743206,0.002360719739151777,0.003349271344344564
2012-12-28,-0.00967388583017332,-0.010867005669391824,-0.003854592163680614,0.005693142902192891
2012-12-31,0.02094574959340621,0.01685385847348596,0.009176719889400711,-0.01742435966021824
2013-01-02,0.0312879321460136,0.02530713806543953,0.0070727801089134085,-0.01345903342321195
2013-01-03,-0.0052221009388596805,-0.00226142023471192,-0.012146779740190669,-0.013641918162874292
2013-01-04,-0.0032960226725497433,0.004381436117059369,-0.0047257550222331544,0.00389257061521613
2013-01-07,0.0002998848444270894,-0.002736277655703096,-0.006315147639550098,0.00042189763702062886
2013-01-08,-0.0019525221570712127,-0.0028816405673689816,0.007062780803268713,0.006563785505400691
2013-01-09,0.003751472821380702,0.00253876049284307,-0.0004360197219949153,-0.0009230426619703093
2013-01-10,0.005972666917307612,0.007918582745098096,0.009241174883853428,-0.002773794984609899
2013-01-11,0.001339202399480084,-6.821755910301829e-05,-0.005695893235337639,0.008883172483490678
2013-01-14,-0.004470577113745816,-0.0006801626003065654,0.002975797243476377,-0.002757149153787406
2013-01-15,-0.00494012771177861,0.0006801626003066826,0.006294400919113552,0.004591244934389263
2013-01-16,0.004044561902565226,-0.00013606031043256292,0.0005534660222785934,0.0020798667570274708
2013-01-17,0.004771282691089307,0.006439545413831181,0.004294560017826217,-0.010023340036510195
2013-01-18,-0.002234310487778002,0.002227417110747078,-0.0015930021974330576,0.0076933744593612316
2013-01-22,0.0016392227175418012,0.005378625438747852,0.003550021116017711,0.0019137255070018708
2013-01-23,0.006083979621112033,0.0016080007678230855,-0.002814438031338391,-0.0014970491890214958
2013-01-24,-0.013854815377200728,0.0002685141819045374,-0.01102810374616787,-0.003504058394206837
2013-01-25,0.005087503041044339,0.005605972459959715,-0.004781604983568098,-0.013798845466180262
2013-01-28,0.002236262201162034,-0.001198945389069911,-0.002243414817202356,-0.0036497221645699395
2013-01-29,0.000149045713735358,0.003923914496627126,0.004357652623316265,-0.005542809951497044
2013-01-30,-0.0020865714916255365,-0.00392391449662724,0.007426217176999296,-0.0017108012605876848
2013-01-31,-0.002240921873301334,-0.0024683399260349475,-0.006122691411324907,0.00486987549263733
2013-02-01,0.011745063821300224,0.010234495247475656,0.0015496671610711066,-0.013069540458857182
2013-02-04,-0.017594419696365573,-0.011303907985982676,0.0034008569302853,0.012727658139807852
2013-02-05,0.014633763867305246,0.010046836558195882,-0.0002469026145644602,-0.00892704641857801
2013-02-06,-0.0032665489403004553,0.0007277949566416533,0.0026514131006226955,0.008157684080674757
2013-02-07,0.0008919873934018635,-0.0013238815683155336,-0.003392675486914591,-0.0022256447716485664
2013-02-08,0.010200322981845464,0.0055492032460577575,-0.0016696396112383367,0.0038489861313300688
2013-02-11,0.00029419970221576734,-0.0001974233094539542,-0.011641494508639208,-0.0007684281958971642
2013-02-12,-0.0041253753262113614,0.0016458012723648237,0.001189038868357003,-0.002481357111307147
2013-02-13,0.0035371394635572806,0.0008543566267718525,-0.005267437597442791,-0.008170550426451241
2013-02-14,-0.0002943728374230758,0.0009198864486328795,-0.0044108258534539865,0.00902722472943163
2013-02-15,-0.0029476259977027457,-0.0011829382341479765,-0.016491485732013745,-0.0029144297402003668
2013-02-19,0.00720611033257725,0.007467132045407851,-0.00276442800912232,-0.004990709375190923
2013-02-20,-0.015506063779790719,-0.012542209047194015,-0.02536237476562978,0.0030148208810283003
2013-02-21,-0.01077397936564234,-0.006097493035692679,0.007761616845874272,0.005830759204715596
2013-02-22,0.010029494616716771,0.009725487986660774,0.0022906918469714913,0.0006842418379739582
2013-02-25,-0.01243952970845903,-0.019210584398042116,0.008916105586720739,0.019462764741246606
2013-02-26,0.0037632674098893033,0.006822335741781259,0.012107340694240326,-0.005799241060225383
2013-02-27,0.010164425115025213,0.012520287275333795,-0.010618162447447536,-0.0029547810547261803
2013-02-28,-0.0020840232568524767,-0.0019773216624434,-0.010209194156268543,0.0018587999038514804
2013-03-01,0.004163964702499522,0.0032923650941885435,-0.003666829371253608,0.005430460213265094
2013-03-04,0.004442458027175138,0.005311302251834414,-0.0009188120822602375,-0.0053125070642467374
2013-03-05,0.01466785585009925,0.008918601630536767,0.0005251531495988175,-0.002878541566591655
2013-03-06,-0.0024791000800119646,0.0013602686939873936,0.005562599618897849,-0.00911542525773832
2013-03-07,0.00262451625610375,0.001811043792539582,-0.0035302945226979147,-0.007730930292862079
2013-03-08,0.0011636812347077293,0.0042549448450520415,0.0001310037451856418,-0.010489010193267305
2013-03-11,0.0029042783925659586,0.0037889161067480677,0.0018318537547607815,0.0009580458891063074
2013-03-12,-0.003631837931151137,-0.0022464472147972025,0.00781302833234655,0.007199833142216122
2013-03-13,-0.0013102366145339266,0.0014126118407447332,-0.0034432307449765156,-0.0010379814885553124
2013-03-14,0.003345737566157892,0.005309944471511681,0.00013007752936968284,-0.0030330605280062765
2013-03-15,-0.002784448307298914,-0.0013211166203950487,0.0020801316122226374,0.004675793280351713
2013-03-18,-0.00219159353862993,-0.005534381853892519,0.008921158533619225,0.007573230362263607
2013-03-19,-0.0019035847414919749,-0.0023258561486370457,0.00449494709912103,0.006750024787914497
2013-03-20,0.007010592058641849,0.006961280409344801,-0.004559370369457158,-0.011218006914979135
2013-03-21,-0.011417013521542887,-0.008578955583441388,0.005647950939598429,0.009599482845977171
2013-03-22,0.009668859595110949,0.008000457414821128,-0.004490045653721258,0.0007666038538578284
2013-03-25,-0.0036512429540903374,-0.004186151549706766,-0.001994901077106218,-0.0009378684287330252
2013-03-26,0.005399396880522358,0.007970909935042072,-0.00335530229094277,0.0011938240644870906
2013-03-27,0.001308897118188514,0.0,0.004127968876901494,0.008484463834849876
2013-03-28,0.0024681338263918677,0.0030682061003612314,-0.005874608865923951,-0.005081723614618671
2013-04-01,-0.006838092108809137,-0.00396490862493155,0.001423403605869597,0.007502824874718884
2013-04-02,0.007852141279809599,0.0049220035836772804,-0.014588376987558337,-0.0040623211519420915
2013-04-03,-0.009166588555755754,-0.010190527930808449,-0.011215297746718735,0.008949717841977154
2013-04-04,0.00029227628522363486,0.004050144268253169,-0.0029234122040560696,0.011865059522834995
2013-04-05,-0.008364908697366318,-0.00450129002321165,0.016628587367166922,0.01998338042508807
2013-04-08,0.005291241532130856,0.006744693650693371,-0.004262680775851177,-0.007682817253174945
2013-04-09,0.006720548574551857,0.0034505909180549527,0.007725031383893976,-0.0024647549645369217
2013-04-10,0.0193224637296866,0.012174199285781446,-0.017034818641169572,-0.013830417613977351
2013-04-11,-0.00042848828669883344,0.0032721171611583538,0.0019880924290127428,0.0019160599991995709
2013-04-12,-0.000715040430733155,-0.0024529342281672905,-0.048144932178246586,0.014789212088942379
2013-04-15,-0.019927976278810253,-0.023446389788817502,-0.09190507457983844,0.008656184310742847
2013-04-16,0.013185465890254511,0.01465476623126349,0.011283338744214735,-0.008246076407601933
2013-04-17,-0.01977044451611192,-0.014719528430635984,0.000526909831982771,0.006618125475252163
2013-04-18,-0.013897751628109732,-0.006273089300878884,0.010704956398210237,0.0024403214412312873
2013-04-19,0.01360360377958507,0.008655763974498775,0.008674096350888906,-0.0021145892816975243
2013-04-22,0.010227889088676256,0.004428027884253818,0.01777851793528908,0.0007324220788556703
2013-04-23,0.009548741976164201,0.010256546032830934,-0.007424075282657943,-0.003503742334282283
2013-04-24,-0.00043170044995625273,0.0006337769412945557,0.01082655613705574,0.0025268557557091707
2013-04-25,0.0053157400301168676,0.004045551473090807,0.023286836308933283,-0.004325117188346974
2013-04-26,-0.0031578800014590842,-0.0017680538912504943,-0.0050966430061307215,0.009118726225678025
2013-04-29,0.009157767397242772,0.006676552791614738,0.009816111845741552,-0.0036535775428450158
2013-04-30,0.00723756218897852,0.0023823945400647966,0.003297447184859199,0.0005691786840692614
2013-05-01,-0.004676696378290391,-0.008806365090512334,-0.011695241331580094,0.010220176687521062
2013-05-02,0.012563693242145502,0.009244921368397035,0.00572377326421984,-0.0012911881078184922
2013-05-03,0.011716308647785566,0.010089213399897833,0.0011971282175668827,-0.02385891383681007
2013-05-06,0.0038743086794728538,0.0025376429871906744,0.0004221612830436374,-0.002483940344865411
2013-05-07,-0.0005524540612104637,0.0050559317263817564,-0.012529729074763163,-0.0039033403237718057
2013-05-08,0.0048254930431592055,0.004540467430746907,0.01470823959319662,0.0015795172402634909
2013-05-09,-0.0013763378775280076,-0.002819898259168443,-0.011649859087374476,-0.002579237139011915
2013-05-10,0.006041790974321838,0.003248978228315387,-0.008630212541188757,-0.010805001086063498
2013-05-13,0.0012304275277356179,0.0007946179935735129,-0.008416504259274501,-0.007692304409135722
2013-05-14,0.005182703125028293,0.010280790392081584,-0.0044888226191427795,-0.010921941058130888
2013-05-15,0.0020381629808229667,0.0053724759004794,-0.023345595911785897,0.006669605292435108
2013-05-16,-0.0010871870520425763,-0.004706392572511283,-0.004019122278807547,0.010344185571452164
2013-05-17,0.009602464833972929,0.009630216692197704,-0.022779601469059194,-0.012732509123554458
2013-05-20,-0.0014820854594934107,-5.966522356256155e-05,0.030431648851024378,-0.0011969932990503966
2013-05-21,0.0010778282292600385,0.0014363177047721038,-0.01671673431161512,0.007837652616848396
2013-05-22,-0.008789985147598727,-0.007445128967623518,-0.007099209752431566,-0.014961761810153502
2013-05-23,-0.0023120032298910077,-0.0028969029259075358,0.020034420891585903,0.004726460305916489
2013-05-24,-0.0005445542201900519,-0.0008467236369787733,-0.0063346049211476085,0.0013708546168281275
2013-05-28,0.006517685428656121,0.0059710468529278245,-0.0020204984510566455,-0.025669309345506517
2013-05-29,-0.004748361916961326,-0.00651518208739999,0.009988129408433648,0.011181163093888306
2013-05-30,0.005289264689281086,0.003685141760208079,0.013773982178960965,-0.002435090481003251
2013-05-31,-0.009240238439013993,-0.014456019993977269,-0.02054612833699834,-0.003402168086870112
2013-06-03,0.0017728376284370402,0.005490965625172016,0.019155238706458418,0.005285342432793048
2013-06-04,-0.005192268863652666,-0.004818211268376329,-0.00942083088363743,-0.009277657296392334
2013-06-05,-0.013098682787173271,-0.014100240302312245,0.002142261538931351,0.013711716068251858
2013-06-06,0.004845500594080564,0.009012154960469665,0.007425099325577856,-0.0006080918238642215
2013-06-07,0.013581933092090584,0.01264057170268156,-0.024092192496149724,-0.018040345869661276
2013-06-10,0.0004079482610435028,0.0,0.004939787449919778,-0.004783446788420492
2013-06-11,-0.00999202844577675,-0.010368468722262169,-0.0051648936635613095,0.01182815942615844
2013-06-12,-0.011623075790492892,-0.008312497675075484,0.007476670343020137,-0.01440649425033455
2013-06-13,0.012585371417760947,0.015094529138789359,-0.0038060756896859606,0.015546513110334751
2013-06-14,-0.006619013836419766,-0.006292210701336207,0.005145905283357988,-0.0023692735797298213
2013-06-17,0.009638419497933919,0.0076920801330877826,-0.00492162373629442,-0.005285552298772828
2013-06-18,0.008187970598591353,0.00787446091280468,-0.012335615865617823,0.0005298141710168009
2013-06-19,-0.01120737626010553,-0.013913133803642636,-0.011723707191219441,-0.010381729196095474
2013-06-20,-0.024064094440809133,-0.025090682478250824,-0.05501208351122277,-0.016549058748100372
2013-06-21,-0.005324244115913735,0.003205193220382853,0.011663149049636777,-0.01710362397457878
2013-06-24,-0.00998839669527753,-0.012716384910193182,-0.0089967891886606,0.0041425521328703006
2013-06-25,0.007287111961247097,0.009568200802536274,-0.0037186710729782786,-0.008951292092080367
2013-06-26,0.00892954787550236,0.00985180988752093,-0.04294353680246575,0.0064678206683564336
2013-06-27,0.0042237223511994455,0.005853022508356734,-0.019981847694739895,0.010170879365227781
2013-06-28,0.0014046047293565125,-0.004105938697080965,0.026974604047993497,0.006814006669253064
2013-07-01,0.0061544302880286355,0.005842718548558864,0.016816885336969126,0.00201317920557608
2013-07-02,0.00041819058926303125,-0.0009301137102324543,-0.008955978266061641,-0.0006343034571904618
2013-07-03,0.004033948642375196,0.000434215331744174,0.005731107587480113,-0.0029953163415634425
2013-07-05,0.007606808026054939,0.010731118339157563,-0.022192441073447894,-0.03468201337346912
2013-07-08,0.000963857628372209,0.005688332343965975,0.01195305315168202,0.009645960399725952
2013-07-09,0.006038576019262092,0.0071718185652720175,0.009245063039676966,0.0010251258300319522
2013-07-10,0.005729346870107163,0.00036301935833428506,0.0027320810310944702,-0.007851836267096306
2013-07-11,0.019667185622663994,0.013528823041478637,0.026837949821575214,0.011661634953376748
2013-07-12,0.004392002992296398,0.00041828798001541326,-0.0008857802448473976,-0.0008347037606429859
2013-07-15,0.0022547696295262226,0.0038134184531365884,0.0004027469930758848,0.005277262406848724
2013-07-16,-0.0013258248553582647,-0.003754498080510622,0.005701216593606186,0.0034112924188417237
2013-07-17,0.0025182150827257285,0.0025637833128421394,-0.01265074444459673,0.0018386594953152967
2013-07-18,-0.002518215082725828,0.0054631503574355264,0.005579624197672816,-0.012572020110805961
2013-07-19,-0.01040318294375162,0.0017750963333412082,0.008831130466871416,0.01569028742389221
2013-07-22,0.0029457675767770902,0.0019488844052747071,0.029377940831470724,0.0014638895889631928
2013-07-23,-0.007378988957431782,-0.002126720931803908,0.006729945073879884,-0.004214496517114357
2013-07-24,0.0032262222732189886,-0.003671785255435602,-0.017341725231021614,-0.012753806029688307
2013-07-25,0.006289234284722922,0.0024296181384732556,0.009291457084115504,-0.00037168400882255743
2013-07-26,0.005320947766464325,0.0010650801304681972,0.000854539664784338,0.006121863943733303
2013-07-29,-0.0018588656642465255,-0.0030799860563626457,-0.002410089085684926,-0.007331763045602519
2013-07-30,0.005302494949820584,0.0,-0.0027281369156585316,-0.0003732687984601125
2013-07-31,0.0018499368016597602,0.0007120214822594826,-0.0012495787031893267,0.003627757626741931
2013-08-01,0.010111001372110216,0.01149158738495928,-0.010606207573640596,-0.01945609754385148
2013-08-02,0.005602406108603934,0.0016982080311861057,-0.001976519588739746,0.01094940690212012
2013-08-05,0.0006489124740502066,-0.0014633586875078728,-0.005236889446047351,-0.007728316666585549
2013-08-06,-0.005990244697261952,-0.005699028125904373,-0.01385848062127863,0.00292919266786546
2013-08-07,-0.0018303882971588221,-0.0032457320827211575,0.0014509135479650783,0.0074245288640293365
2013-08-08,0.004960281651158104,0.0036581554359083716,0.02159359677218957,0.0027116520799644914
2013-08-09,-0.00404472397446857,-0.002889984501797988,0.0,0.0015858240869774712
2013-08-12,0.0023507328186820942,-0.0011818828800188815,0.017735565654740437,-0.006828668839592196
2013-08-13,0.005592714236914348,0.002952147865241208,-0.0108227552615397,-0.014561439739172975
2013-08-14,-0.003768619515424209,-0.005142381976350834,0.009815472951498759,0.0015222808137175146
2013-08-15,-0.01706943786254918,-0.014084497957125354,0.020638289899497057,-0.013595888571339997
2013-08-16,-0.0003976432829377455,-0.0033119871986906665,0.006735556363018295,-0.0034772397903695368
2013-08-19,-0.0017239780364640804,-0.006411929423899474,-0.004308614943246926,-0.00874475596074934
2013-08-20,0.004370350284096776,0.004903582493811627,0.003327556996308892,0.007680455168809479
2013-08-21,-0.00344168512044405,-0.00617940263505473,-0.002873052164441264,-0.011004082020817678
2013-08-22,0.00976403985705399,0.009074049551797948,0.005587376516652108,0.010131563757433482
2013-08-23,0.006674259439754156,0.003366871701217109,0.015614200939507474,0.010797736252817573
2013-08-26,0.0005213048613243238,-0.0037277615036546367,0.004068828031624427,0.0049738394536886135
2013-08-27,-0.020679225546942223,-0.016215829993601154,0.00955189530149838,0.012515668964538948
2013-08-28,0.0038528899299928835,0.003545219341645902,-0.00029249824790502016,-0.008136674891112854
2013-08-29,0.007001322132152982,0.00158532004142512,-0.006163432755339088,0.007948335453443891
2013-08-30,-0.006472010064118836,-0.0031729266752580578,-0.009242551987358015,-0.0011312852636922758
2013-09-03,0.0056813907908248315,0.004511587510335621,0.013282390492898161,-0.014205465925415273
2013-09-04,0.010615632758090418,0.00823937446000233,-0.012985238492024438,-0.002209576684431976
2013-09-05,0.0016934391087708412,0.001265869548500126,-0.01843720597917757,-0.01404229554244031
2013-09-06,0.001170593371323333,0.0004823723033348524,0.014642627040753583,0.0049622449824369775
2013-09-09,0.011631288374395641,0.009530005083842852,-0.0017905715189216484,0.0004851333956546459
2013-09-10,0.004870527629350529,0.007370144642162644,-0.016337634945460925,-0.007008065540357723
2013-09-11,-0.0019198492869111552,0.0031332637977997623,-0.0003037393323617421,0.008849140639375454
2013-09-12,-0.0006408058317128616,-0.002659760424933746,-0.03107779008702503,-0.001356280066531643
2013-09-13,0.0006408058317129311,0.002246808711349675,0.0011742263444235006,0.0038699224879916276
2013-09-16,-0.002694039717265661,0.005770738908383147,-0.010776072852725437,-0.0066854245106779025
2013-09-17,0.006657357351558065,0.0044523754743656715,0.0003953591857079829,0.00823023551648373
2013-09-18,0.011922996861375762,0.01150812991193859,0.042635327513365635,0.01226612753223446
2013-09-19,0.002392624922801754,-0.0016775824399647297,-0.001971448259468817,-0.005922888298158242
2013-09-20,-0.0034374731258767968,-0.007016124869563043,-0.029188479494947676,0.0052557051639763415
2013-09-23,-0.002027324923326234,-0.004637864230561327,-0.0032092394127312043,0.0073123310624304124
2013-09-24,0.0,-0.002356822528849018,0.000862040000545821,0.010728324618520853
2013-09-25,-0.0034312361532360947,-0.002894642520844432,0.008812610259893472,0.002057002962846459
2013-09-26,0.0077348786728768,0.0038381488654417894,-0.007794819989308921,-0.007030555400036033
2013-09-27,-0.0012640877242327078,-0.004607260492777116,0.009191529856392782,0.0024428527607622073
2013-09-30,-0.0024057077040617793,-0.005342615486385497,-0.006144359705342492,-0.0015028645059147773
2013-10-01,0.010090465265282194,0.007884985549452439,-0.028407152018487033,-0.003038393033724978
2013-10-02,-0.0003761241514297834,-0.0009455685255257294,0.01963107970630708,0.0015110388349200254
2013-10-03,-0.011744388838820653,-0.0092634854060731,0.0009440116150262174,-0.001605705045842285
2013-10-04,0.008600685550920343,0.007548374912561743,-0.005123983685186541,-0.000756247403773618
2013-10-07,-0.008346851284490375,-0.008682432104213314,0.008734372074589061,0.004059446283288929
2013-10-08,-0.01949302387799689,-0.011715074344935987,-0.0018820415130879548,0.00028273563352405727
2013-10-09,-0.0031129260988980545,0.0007249426291150665,-0.01017720830751646,-0.008038334197494801
2013-10-10,0.020953534089539518,0.021329060028494974,-0.014697956002940963,0.0016122610189175533
2013-10-11,0.007855834524514181,0.006422209049657104,-0.013529579748560205,-0.0002837538184606826
2013-10-14,0.0070434968762354035,0.003985730378768113,0.0018742894021133204,-0.00809277236891048
2013-10-15,-0.0038929526122256793,-0.0072799888397093535,0.007300498898775199,-0.0006695826903737892
2013-10-16,0.011260033240366875,0.013869290863286256,-0.001536801678475267,0.01245340882112116
2013-10-17,0.00570622878141932,0.006660881681523111,0.030923704639582567,0.009028422213657239
2013-10-18,0.0160751700447594,0.0067319372801875055,-0.0044834283018233756,0.002151435624927353
2013-10-21,0.0021886470015641322,5.707520995808477e-05,0.0010243461627259776,-0.0031825058085163315
2013-10-22,0.0014561687071690712,0.005774540716739383,0.018414947525612457,0.011091592178494415
2013-10-23,-0.006082711319961989,-0.004800026645373868,-0.0050381372278342695,0.0038856123155832116
2013-10-24,0.00438367567595619,0.003316705960013919,0.009358446213496314,-0.003885612315583205
2013-10-25,0.007142030035847736,0.004557059369017558,0.00430184114069166,0.0037012470209949345
2013-10-28,0.00024154535466922727,0.0015902957257832495,0.0007661546853194367,-0.0034233916223923226
2013-10-29,0.0016867503735627063,0.005319966530277687,-0.006069186843828599,0.001296620500224268
2013-10-30,-0.0009634799241485643,-0.004979540487264145,-0.001310854659270559,-0.00603296597416036
2013-10-31,-0.0022923230063970385,-0.0028404310796379083,-0.014455899603027917,0.0021387398156855527
2013-11-01,0.00024176439876915607,0.002386077611255126,-0.006203647298539357,-0.010883609052462396
2013-11-04,0.001447937324053826,0.0035127716147318453,-0.0011034001173000462,0.0009413701992826022
2013-11-05,0.001084781859695359,-0.003171880617852755,-0.0019733992654948685,-0.012019894752337348
2013-11-06,-0.0002411527784592452,0.005093002958767881,0.00504414218537563,0.0004754351227395754
2013-11-07,-0.01897379069441692,-0.01272403607327021,-0.008209655231932443,0.00843532792645748
2013-11-08,0.013416066794013328,0.013400843861699522,-0.015013896979636615,-0.02435997371160017
2013-11-11,-0.0015758730806327158,0.00016936870160902281,-0.003304423963436345,-0.0037786582189294556
2013-11-12,0.0015758730806328673,-0.002032515960939158,-0.011529892263514105,0.00464820766058585
2013-11-13,0.012042772249720933,0.007992326147710749,0.00326132807082609,0.003664815402896768
2013-11-14,0.0031074388352983267,0.00497739026102799,0.011492504258155503,0.006142655568923393
2013-11-15,0.0019075047629494746,0.004341270492820974,0.00040229335990021333,0.0020070681889379554
2013-11-18,-0.009814865917754384,-0.0035053161800420907,-0.01148785517697459,0.005997247659785454
2013-11-19,-0.0028909496315563184,-0.002175691748555888,0.0004067148534695573,-0.00762233288898014
2013-11-20,-0.002414998834471139,-0.0031331571136847557,-0.023286477860624745,-0.01717009869305522
2013-11-21,0.010105870785533965,0.008036464239445538,-0.0014996278848543561,0.0016526918887638394
2013-11-22,0.005371963952551431,0.004989800131054208,-0.00016679957021943872,0.00928159426618677
2013-11-25,0.0023784523073943596,-0.0009960741372661492,0.004492901489940914,0.002882361082466547
2013-11-26,0.0052129862662662965,0.00027673482607835616,-0.005327125906487885,0.003735794341931579
2013-11-27,0.006947216879639885,0.0024324261401225183,-0.0030090344685490583,-0.0017223540282554988
2013-11-29,0.00596689429075068,-0.0006630099024291744,0.01032652317938159,0.00028794043459110137
2013-12-02,-0.0029203255874311065,-0.002600266686350858,-0.026189134272709247,-0.007808440409443637
2013-12-03,-0.0008196362365182943,-0.00432949580849862,0.003226607638787976,0.0036706380259669616
2013-12-04,0.0009359821583158722,-0.00011148730396330251,0.016812770063131668,-0.00959181436359858
2013-12-05,-0.001287164431148786,-0.00440527132380647,-0.013934549467759712,-0.0028271670018717157
2013-12-06,0.007234879657291753,0.011114955048971226,0.00211104147267288,0.004772400371401158
2013-12-09,0.004062102231350268,0.002538994469148599,0.009820854927032762,0.0023290098981481886
2013-12-10,-0.0006951309333264789,-0.003589315903387832,0.01738884972238615,0.007147596009176073
2013-12-11,-0.012946816853914413,-0.011294504172332097,-0.00791168691971828,-0.0077288285371614265
2013-12-12,-0.002586563742647665,-0.003306643761115744,-0.021493611686152832,-0.0037901715189819383
2013-12-13,-0.0012955963999465225,-0.00011218493994323407,0.009172415436119621,0.004856324269815981
2013-12-16,0.005524094925157931,0.006212442881574015,0.0025934275495750453,-0.0036888630724728343
2013-12-17,-0.0019945602699952747,-0.0031854404047140204,-0.008727091540916273,0.00446385854021998
2013-12-18,0.011559546957977989,0.016928387490279775,-0.008803924689540665,-0.0050472647902244285
2013-12-19,-0.0027899287750720943,-0.0011562283881248947,-0.024008388970939976,-0.0009740255175162283
2013-12-20,0.01013178448908202,0.00580002167636253,0.009707154887455789,0.015271955844678615
2013-12-23,0.010465397011826236,0.005327863183985659,-0.0031964326223482427,-0.005675693764253468
2013-12-24,0.0004576259327160126,0.0021890857789465044,0.004575471214311559,-0.008038830312904423
2013-12-26,0.0033110130900837376,0.005070987014267095,0.005497345915552918,-0.003861214635434724
2013-12-27,-0.002511199286501355,-5.4150952447689024e-05,0.003249852187408676,-0.002844478265585453
2013-12-30,-0.0014860428291653212,-0.0001627753009450492,-0.014881383746899304,0.006851978538657699
2013-12-31,0.006501195869020258,0.004721491568544079,0.006306472892281937,-0.006361197909343963
2014-01-02,-0.00787554964730357,-0.009630182817236795,0.016060461656273138,0.0030389575640684023
2014-01-03,-0.007245128579673835,-0.00016390937267931328,0.01087288650299346,0.0
2014-01-06,-0.003700646458140267,-0.002902014743507162,0.001758860402907068,0.00420052993747735
2014-01-07,0.009225485790434355,0.006122680674043335,-0.005706631012357315,0.00253078698904177
2014-01-08,0.0021782642282743955,0.00021814257133688598,-0.005908660231014066,-0.0027256338388560023
2014-01-09,-0.003326770037848288,0.0006537354804028383,0.002874262992047153,0.005831093738342636
2014-01-10,0.0032125365609541644,0.0027188167159255127,0.015080740254614516,0.011850546271100814
2014-01-13,-0.014886971558255855,-0.013394181831510442,0.006299710080651556,0.004968473483702428
2014-01-14,0.018888039594089256,0.010838706806219133,-0.009381142826874576,-0.0045851422744538975
2014-01-15,0.008181403539680972,0.00537546355842797,-0.0019202320624570302,-0.0010538847472849567
2014-01-16,0.00011256515171620327,-0.0013002645986343088,0.001085798819833523,0.006686388074856236
2014-01-17,-0.005673284013136873,-0.004238540650427936,0.009471650934748868,0.004180303307605028
2014-01-21,0.007595582548916063,0.0029361774934257324,-0.01022328125188354,0.0007580453993406683
2014-01-22,0.0025934194141292214,0.0006512922460009555,-0.0042697080909429135,-0.0024662757344379727
2014-01-23,-0.0033844954649359547,-0.008226981166666822,0.02157937863834963,0.014051173342918277
2014-01-24,-0.01986168599571632,-0.021566622645671163,0.004097023071523926,0.006440548780556291
2014-01-27,-0.009730878569685984,-0.004931608326305866,-0.010935375825426051,-0.007002651739975163
2014-01-28,-0.0005824394337892143,0.0059370489988502745,-8.269303790833496e-05,0.002433369789643251
2014-01-29,-0.010774299194321537,-0.009651518316188334,0.012488900176089597,0.008191174350291954
2014-01-30,0.01831686233663304,0.010545171328337372,-0.022292903069312663,-0.0028780453622573076
2014-01-31,-0.002662453031707284,-0.005875852754069661,0.0026682222466366365,0.006671686252682933
2014-02-03,-0.023218811376532304,-0.02276283790982911,0.010190249127034517,0.012110880681938255
2014-02-04,0.007329023923753042,0.006980458111782099,-0.002723800407789108,-0.01066749418549586
2014-02-05,-0.0025945093737777215,-0.00125503724385118,0.0024764999719102173,-0.009288306604009084
2014-02-06,0.012672047641075582,0.013100983038060334,-0.00041234529928657837,-0.0043025648032582135
2014-02-07,0.017680883861865244,0.012319443957502356,0.007641467858454635,0.0008433345314416599
2014-02-10,0.005710964024110873,0.0018349272182615784,0.006120219937763649,0.0028054999101945286
2014-02-11,0.011325477391048559,0.010884193848410668,0.011646867732522596,-0.005806537032663324
2014-02-12,0.00191208117351996,0.0004948236540057183,0.0005627211416357906,-0.005178964564360348
2014-02-13,0.007391143766609589,0.005149381168517285,0.008482745858973658,0.005648452233125668
2014-02-14,0.0020061002568722373,0.00550382010833552,0.01314144676964577,0.0005630550411997416
2014-02-18,0.004887028106709255,0.001194816598633746,0.001964251246385302,0.002249251574870772
2014-02-19,-0.006893128363581488,-0.006643726914151105,-0.00890931024990728,-0.004221529999013534
2014-02-20,0.004675246592672565,0.005883360573052725,0.01047791408716357,-0.002446761913462221
2014-02-21,-0.0013339161954406822,-0.0011412791360392491,-0.00015672578637373395,0.005263028912214148
2014-02-24,0.005323627922202328,0.005531396997683668,0.010991291396995246,-0.0025343028345289897
2014-02-25,-0.0011067815552602723,-0.00037868290538583263,0.0017041151320099485,0.008889000630281875
2014-02-26,-0.0008864570539944392,5.4467229915686437e-05,-0.008549765062402548,0.0052959911752371615
2014-02-27,0.0064674609216896,0.005233485149837994,0.0007022460492867505,0.005452145347679029
2014-02-28,-0.0011065614924031552,0.002525944719143317,-0.00453440072014137,0.0005525384682891377
2014-03-03,-0.007444055243437366,-0.007056775613226516,0.02070556372289368,0.00665339704678897
2014-03-04,0.012633377319381392,0.013957956334358455,-0.012434038231916314,-0.015156171763599922
2014-03-05,0.0027490890609483494,0.000905758395646768,0.0016306772285005259,0.002139505411275336
2014-03-06,-0.0008790115924065318,0.0022878127211747317,0.009881951730484863,-0.009898426660537888
2014-03-07,-0.004958588563750789,0.00042464967412702317,-0.008331467261762834,-0.006307055656325528
2014-03-10,0.0008834714876766341,-0.0005311629088940766,0.00030987952174799755,0.001416225170315578
2014-03-11,-0.004313514920816449,-0.004954811556084295,0.0056372651087014634,0.0026365339176259296
2014-03-12,0.0037616099549082163,0.0002668361532632283,0.01452509239828917,0.006935751270765013
2014-03-13,-0.014234983356610345,-0.01127664625707873,0.00340957412514151,0.013360433423907683
2014-03-14,-0.0068558561540046975,-0.002811856815823128,0.006709152953836264,0.0001839770639402971
2014-03-17,0.00875804443068365,0.009003092334238271,-0.01102985181906253,-0.007491295165778828
2014-03-18,0.012001228558162956,0.007112335960991702,-0.0077786123459218795,0.0036142628130269084
2014-03-19,-0.005427303783255319,-0.005342638049882633,-0.01955919383977943,-0.007801305742207096
2014-03-20,0.0027729378796061198,0.005822388743968042,-0.0017971931407437896,-0.0017724514941343387
2014-03-21,-0.012106104997137452,-0.003886212939398537,0.004759503433198317,0.010775163315987121
2014-03-24,-0.008802884195769528,-0.00414414950705445,-0.017985962184133498,0.007089591135335764
2014-03-25,0.003282109710995353,0.0047349425093080695,0.0018211601163198826,-0.0037682881435842862
2014-03-26,-0.01296393973984444,-0.007218520703003891,-0.0079422224405048,0.007796470037570108
2014-03-27,-0.005623775353785974,-0.0021105570977096133,-0.006560082119566911,0.0050135385014554385
2014-03-28,0.001955023387775144,0.0049179224223971415,-0.00024080899198659537,-0.005652859865217113
2014-03-31,0.007096918283060643,0.00816133481103143,-0.007656055088048172,-0.0024720913484402762
2014-04-01,0.017413202022570375,0.006608714723491582,-0.0017813868735330133,-0.008582603608877056
2014-04-02,0.0025750564546336502,0.003340875717698454,0.0075088182006584885,-0.005762868820184407
2014-04-03,-0.007969985636314294,-0.0013241663038175639,-0.0032227028320670663,0.004371321970353348
2014-04-04,-0.026957839243479487,-0.011892604865293376,0.013227188238038482,0.006660507174066457
2014-04-07,-0.009539465872326213,-0.011113238086025221,-0.0052698622747470985,0.005975326245474315
2014-04-08,0.00919212137932667,0.004114349461807638,0.009402401345718429,0.002380130776395799
2014-04-09,0.016996216741603322,0.010693287201607758,0.0018224588899723945,-0.004949272037176911
2014-04-10,-0.031462195149492375,-0.021229502150137008,0.005447472804123671,0.00923731690414852
2014-04-11,-0.011701566747526366,-0.009049419230959388,-0.0006300845312460606,0.008070254052303985
2014-04-14,0.007816402867074863,0.007847754392665923,0.007221933997910394,-0.0026230684784620175
2014-04-15,0.0032971865281149412,0.0068640901830831795,-0.018631632703176887,0.00622890810425514
2014-04-16,0.01319908853086933,0.010422681945097198,0.00039838308299643756,0.0012588095679076329
2014-04-17,0.00023207085665166775,0.0013963191069609907,-0.006312705550471783,-0.011024423338870932
2014-04-21,0.00739701183306796,0.0034811481289055528,-0.004096572985582176,-0.0008188183129195167
2014-04-22,0.007914537636249235,0.004533947636041997,-0.0037093751967073626,0.0033595145055857773
2014-04-23,-0.00883610520874453,-0.00234416602909999,-0.000161562923454372,0.005693873656977191
2014-04-24,0.00952104320735248,0.0020248124155171623,0.006443284399615783,0.0018912142004995343
2014-04-25,-0.016112225591325424,-0.008232672438079477,0.0069603285441200615,0.0014377917054516586
2014-04-28,0.003243241747652445,0.0031622367469980994,-0.004394582256213849,-0.004862020728594782
2014-04-29,0.007947883716950203,0.004644406130545642,-0.00016013969152065024,-0.0013550029646908894
2014-04-30,0.0026355416594334934,0.0029784024208451077,-0.00513891756378345,0.004148942777667218
2014-05-01,0.0029706943567414565,0.00010625699666890281,-0.0033868120568972798,0.010670739951901228
2014-05-02,-0.001827309860262821,-0.001434434089268095,0.010126217716067469,0.006141458638584025
2014-05-05,0.005243877554539702,0.0019124509031981224,0.00923282321005491,-0.006051870990764875
2014-05-06,-0.013046547332792834,-0.008742604513850517,-0.0019032349869848157,0.004008720967422691
2014-05-07,-0.002884226656157698,0.005872158924930218,-0.014471611157944956,-0.0035625750539593185
2014-05-08,-0.0009243569864617821,-0.0010650315930801687,0.0,-0.004291780767813786
2014-05-09,0.0036932741314237134,0.0014908653486953478,-0.0005638997673951992,-0.0032303349664781957
2014-05-12,0.016340395738760824,0.009689294359872008,0.006745961691050962,-0.004053776178362766
2014-05-13,0.000679694967424755,0.0008951999665412581,-0.0027250474989195758,0.008627103483955068
2014-05-14,-0.005223441497571045,-0.004749488106018803,0.009664218850403477,0.010769638501798538
2014-05-15,-0.007887110544740495,-0.008818962916349999,-0.008300797439581266,0.00793600462582287
2014-05-16,0.006519941390166956,0.003462815381407386,-0.002166299613193375,-0.0028141341596668677
2014-05-19,0.006930663056768571,0.0036623379214193955,0.000642378619059264,-0.007426227303332988
2014-05-20,-0.0036299756546484953,-0.0063249313366726305,0.0008825820644809731,0.002216059822922782
2014-05-21,0.009500279968729632,0.008389312936421192,-0.002408890273186768,-0.00612818515211355
2014-05-22,0.004380410721876845,0.0024286241191399777,0.0022484453545559245,-0.0014259466851480017
2014-05-23,0.007258002858821305,0.00400094003061289,-0.0012841805482511725,0.005338072014338814
2014-05-27,0.012384213239542181,0.0061280955550477405,-0.02159528357280623,0.005839410868424056
2014-05-28,-0.003081727696072479,-0.000731638713864963,-0.005348719092920464,0.012274017011760025
2014-05-29,0.006372819174876243,0.005159569674568718,-0.0021474734237060316,-0.005329368925945484
2014-05-30,0.00010971786701555643,0.0016102391095339727,-0.0042259012255481555,-0.0004381449235088211
2014-06-02,-0.0009861556214651216,0.001141341101155006,-0.006080086737565226,-0.007461623208596272
2014-06-03,-0.0004386444346471015,-0.0005185159336096589,0.002586503374912596,-0.012381715791794676
2014-06-04,0.0037216292357245256,0.0020205683880522005,-0.002085332494818545,-0.00026864134661699294
2014-06-05,0.008378275865757042,0.006500705358405608,0.007486945414296175,0.0004485329886784333
2014-06-06,0.005726786655140168,0.00477168295039585,-0.00041449870757462217,0.0
2014-06-09,-0.0007545147301620599,0.0010232698681425952,0.0003316000625026315,-0.0014351942349981656
2014-06-10,0.0017236794846843362,0.00010221237506013947,0.006114693163497651,-0.0036867171321407644
2014-06-11,-0.00021521888764948862,-0.0034826216685805195,0.00016477983735385757,0.0018004769159798487
2014-06-12,-0.009084450504606774,-0.007105131576009541,0.010079951867740265,0.008861818416865442
2014-06-13,0.0029287630906643927,0.0030438637539959095,0.0026058621978226784,-0.0005348445611721684
2014-06-16,0.0008667225169168999,0.0008237011110733953,-0.004401351318836742,0.002493220444704985
2014-06-17,0.0005404963683756807,0.002775875699797076,-0.0011442534259886873,-0.007947292837917608
2014-06-18,0.0056090663037144,0.007312705265100379,0.0031843210782079717,0.007680891437974815
2014-06-19,-0.0006453788874151099,0.001120438640431343,0.03421674499309155,-0.012894568357848012
2014-06-20,0.001175293085226792,0.002028291527737985,-0.0034722449435065487,0.007541736968437313
2014-06-23,0.00021590686260295042,-0.0003064713373620131,0.0027629658487138523,-0.0031351627447331783
2014-06-24,-0.0009704213485076395,-0.006042190190245082,0.0010243461627259776,0.010087737187206243
2014-06-25,0.006344073576320812,0.00450965327364199,7.870619989025702e-05,0.0025726778232082236
2014-06-26,0.0005359588395570557,-0.0007159632024530602,-0.002049460796069654,0.004772859058095308
2014-06-27,0.004382604451175097,0.0019424074117796845,-0.0005525055816399519,-0.001500265803565053
2014-06-30,0.00170553117879715,-0.000510993243460323,0.010836302664764272,0.0024699840590983353
2014-07-01,0.010907881267415721,0.006671103858152478,-0.002658923525334879,-0.00840777295015626
2014-07-02,0.0016845218976266829,0.0010142787133207124,0.0,-0.010745721817907688
2014-07-03,0.006289042387887278,0.004906059444570488,-0.004237574298798854,-0.0036069416657724296
2014-07-07,-0.0030350303590730497,-0.0034874392571744603,-0.0011016368953835223,0.007291593594684541
2014-07-08,-0.012126112133920163,-0.006450439216510747,0.00039358536836548694,0.01114913417617688
2014-07-09,0.007398375409251638,0.00447415408098729,0.006041340057119357,0.0007981150913251677
2014-07-10,-0.003164082591357268,-0.003965457311981059,0.005460634339476959,0.0002661721876244042
2014-07-11,0.006423584994294358,0.0013745906041426098,0.001865424919652749,0.006359310273262345
2014-07-14,0.005965167453931011,0.0050228436469496925,-0.024048290991992773,-0.004323785210220785
2014-07-15,-0.0034491016347896132,-0.001874311990983654,-0.0095105807084893,-0.0020355250630416663
2014-07-16,0.0039708039001946785,0.0036944445199555485,0.003527077335086919,0.005302503509259047
2014-07-17,-0.013333078090271884,-0.0114309880649036,0.01682174981323043,0.01252391441094775
2014-07-18,0.015728612234139447,0.010167727959354817,-0.007582368755593338,-0.0032253481594965417
2014-07-21,-0.001249041182562588,-0.0018734551283049016,0.0016635571611118736,0.004965078125521257
2014-07-22,0.006334031690475814,0.004348330158468694,-0.004760390518762728,0.0020834192104353193
2014-07-23,0.006396839528160497,0.002217503978584359,-0.0009547670752033489,-0.0013015945289935884
2014-07-24,-0.0011319814111400773,5.0499526041891964e-05,-0.010161340911870228,-0.007494665526868816
2014-07-25,-0.003920158741099676,-0.0046927031455833235,0.01151369915042729,0.01173971082422298
2014-07-28,0.0003097806554019089,0.0004045874828204733,-0.0016708368622554031,-0.0013842007121666114
2014-07-29,-0.001757900562044902,-0.004306770765279282,-0.003030585975810523,0.0036290016665548696
2014-07-30,0.003925571025048274,0.0001526968115690195,-0.0029596079595894664,-0.013984511778611233
2014-07-31,-0.020417272630331346,-0.01994614096731719,-0.011602760367427354,-0.002978534079898329
2014-08-01,-0.0036901413418983483,-0.0030601853300081068,0.007991307629640355,0.007711366769196608
2014-08-04,0.006842429858169608,0.007195255710903356,-0.0031404736308630744,-0.00262219578305876
2014-08-05,-0.007687765889529336,-0.00974369910082476,-0.0009682492234866406,0.0032325607287498
2014-08-06,-0.0007406080112767402,0.0003123582227723743,0.014426758317503117,0.0006104429351114083
2014-08-07,-0.0031789235520001324,-0.005429683820948749,0.004050052304525599,0.009285951301908558
2014-08-08,0.007191323465552363,0.01150244590309763,7.926565064659302e-05,-0.002162303800999186
2014-08-11,0.005883700550156879,0.002893974634867319,-0.0018243380474585883,-8.620671929485554e-05
2014-08-12,-0.00041899356058163774,-0.0013943439496966795,0.00023813280255596478,-0.006514230364679672
2014-08-13,0.010529165826610011,0.006746342079374513,0.0016654041582138744,0.006514230364679706
2014-08-14,0.005171849228640983,0.004710565708676479,0.0008712575320018362,0.008019046877244005
2014-08-15,0.004837129683053342,-0.00020414499509307924,-0.00659277338198299,0.01084791461009405
2014-08-18,0.007670403468257861,0.008344492296292081,-0.004152731310402707,-0.009989604412142375
2014-08-19,0.005587955672246015,0.0052050543048385535,-0.002243221418003945,-0.0030936017564241925
2014-08-20,0.0,0.002668049991056657,-0.0036962603887065737,-0.001637004125444072
2014-08-21,0.0020248179332454583,0.00291128404740959,-0.010845949910482008,0.005588091451604788
2014-08-22,0.0015150028104316514,-0.0015546962958111763,0.0025196517444803458,0.005557390424945687
2014-08-25,0.003527502119345009,0.005057332685890281,-0.003659619235666915,0.003744263387481117
2014-08-26,0.0010055406037770887,0.000649242620088192,0.0049575510486128994,-0.0032330437971480486
2014-08-27,0.00020088645293433815,-0.0003992920727596475,-0.00024323006176227963,0.0084858565906782
2014-08-28,-0.001106087115291704,-0.0005492523774261631,0.005498965061752994,0.005224843893253309
2014-08-29,0.0037152803547674004,0.002843491684579129,-0.0011296651673684001,0.0006722648481830069
2014-09-02,0.002902216200186578,-0.0004984485385455796,-0.01800381866494826,-0.01740070296660422
2014-09-03,-0.005913390095112316,-0.0005479897183726458,0.004101728422874365,0.00555253752392978
2014-09-04,-0.0009053827937034726,-0.0014474606682245426,-0.005500142384415236,-0.012257034683763227
2014-09-05,0.0050182942152077045,0.004485028217773315,0.004763039303479569,-0.0018994667694075373
2014-09-08,0.001900396414185871,-0.002588946737214012,-0.010956031965065586,0.00043200987207191735
2014-09-09,-0.008328089353500965,-0.00635107893980591,0.0011589354452107377,-0.0007781441806262491
2014-09-10,0.008228171612923269,0.003755597173624128,-0.005059527219948347,-0.0063299741718768525
2014-09-11,-0.0007997015362246195,0.001148578380456248,-0.006590779328069263,-0.00331054125293476
2014-09-12,-0.005113688558887652,-0.005858178944962078,-0.009165537985610185,-0.010528170117857814
2014-09-15,-0.009697262510099466,-0.0007537941926116138,0.002193926623932413,0.001498133336453054
2014-09-16,0.008691603353147195,0.007510278415789787,0.0016002230258534479,-0.0040592266727924615
2014-09-17,0.0015080260821212015,0.0013458544958773074,-0.01091520673738707,-0.0025677607508746442
2014-09-18,0.007507035983286833,0.005315948810790771,0.0020397581785849142,0.0031868360234573027
2014-09-19,-0.0006194783400002793,-0.0009017924480280442,-0.005875628567548555,0.012644677030915766
2014-09-22,-0.009345817954570186,-0.007752500754746302,-0.0020517906581858703,0.0012209294906509302
2014-09-23,-0.0027292384348712256,-0.005740772037269555,0.006397974562940498,0.006168985287540061
2014-09-24,0.010673648342552921,0.00779732978993554,-0.004687802480188137,-0.005559258629127741
2014-09-25,-0.02125788398006536,-0.016266849686473607,0.002900499681904287,0.011775949944970205
2014-09-26,0.01058423563751237,0.007913751782707415,-0.002815116684031948,-0.0014641435989810015
2014-09-29,-0.0013167297785889626,-0.0018205059686252176,-0.00025630125106070766,0.007985007885055823
2014-09-30,0.0014179643102450602,-0.0026361391731325114,-0.007031410399421769,-0.005660035314172985
2014-10-01,-0.01612302213047862,-0.013644852759029153,0.004807267982801864,0.019205596001751528
2014-10-02,0.0,0.00015468295569693753,-0.00025693786276910794,-0.008749858659672975
2014-10-03,0.009827020570416966,0.01094915312442937,-0.018414155642527203,0.004256891325341354
2014-10-06,-0.002141196223405563,-0.0011710525253615844,0.012313702004798997,0.0005942297715080963
2014-10-07,-0.014291406999837452,-0.015557114429717592,0.002840071033501484,0.013410787096054881
2014-10-08,0.019280952673574665,0.017338896117842287,0.009494153355036908,0.00025130650663862685
2014-10-09,-0.016282055677524346,-0.02003273196678606,0.0014461162700842916,-0.004364714040093661
2014-10-10,-0.0253020295789581,-0.011480325904116278,-0.00042514180520484993,0.009877538958359416
2014-10-13,-0.015795426833959774,-0.016562913071209613,0.007877727689301057,0.006062953151659549
2014-10-14,0.00010775092820524399,0.001546024687586826,0.0005904407146892826,0.0065185523597742125
2014-10-15,-0.00647472366481424,-0.006789332122252169,0.0033673029177564103,0.007866521235729538
2014-10-16,-0.006298906273856392,-0.0008585801471191157,0.0019310980168237603,-0.006386663488980782
2014-10-17,0.013096098582729428,0.011742054929438835,-0.0019310980168237627,-0.005600790134110376
2014-10-20,0.014835606341430083,0.00966254719888685,0.006784273141083318,0.003627610660881409
2014-10-21,0.025934528660318635,0.019617435757213333,0.00183465643646135,-0.008014612621456054
2014-10-22,-0.0051747293008127795,-0.007136254333660101,-0.0056818361839991085,0.0010774057635633536
2014-10-23,0.014934099247744508,0.01155786083639486,-0.006894837025991361,-0.008906508379744575
2014-10-24,0.008145141523017598,0.007665263540004024,-0.0014353713145334821,0.0010030896429081822
2014-10-27,0.0007090705504008791,-0.00137536196486513,-0.0024533739338829107,0.0018359455814861362
2014-10-28,0.0149851272436597,0.011404890500959169,0.000338761149914085,-0.006273215835837373
2014-10-29,-0.0037001918393377454,-0.0015130957564190425,-0.01441323656422149,0.002262621887792839
2014-10-30,0.0021022152153636867,0.006390327605735951,-0.010535513585850021,0.0008372010927688565
2014-10-31,0.013702638936049281,0.011370186757778568,-0.022208494160597073,-0.0025963839241689365
2014-11-03,0.002954182659881394,0.0005455912183187408,-0.004537191400506066,1.7242627904415495e-07
2014-11-04,-0.0033486737990855503,-0.0034753525556974743,0.0006239666286797927,0.003105398211011607
2014-11-05,9.857592216119392e-05,0.006296093872190068,-0.021891782615057327,-0.0014257397637954976
2014-11-06,0.0031518418318014596,0.003995461769196797,0.0008193776453400158,-0.0064826415713419615
2014-11-07,-0.0008853931353897952,0.0009348621011586626,0.027733471313511962,0.011421855124999068
2014-11-10,0.0035372045644997546,0.0031423331358976124,-0.022468851359662735,-0.009228669973799807
2014-11-11,0.0031332251170645125,0.0009798729657346178,0.014202502378614763,0.0006746835710997865
2014-11-12,0.0017584081237387707,-0.001077867930136286,-0.004831367663167211,-0.0008431662535490452
2014-11-13,0.0042850359153039225,0.0011265882767100023,0.0015234861605119636,0.002357644541832401
2014-11-14,0.003105292206838637,0.000245009312210989,0.024764713533656276,0.004865719466204008
2014-11-17,-0.0030078686325086357,0.000636779472025751,-0.0036758151058755954,-0.0025135342938277937
2014-11-18,0.007454188845249965,0.005757206244302976,0.008729867518400021,0.002764986798092135
2014-11-19,-0.0045436926066984,-0.0016068985178903674,-0.011979356533504938,-0.006379193020648019
2014-11-20,0.0044474733003125625,0.0017525263864285778,0.010326514276663132,0.005206953503505074
2014-11-21,0.0019271873244736046,0.005336653936573094,0.004603689167085155,0.0060130130830945054
2014-11-24,0.007768074457976606,0.0028022655587198555,-0.0024294916878058385,0.0008325941703273958
2014-11-25,0.001527211607555284,-0.0007236907207248114,0.0023428067947762364,0.008284735582820018
2014-11-26,0.006465186865436009,0.0025555162352417344,-0.0019085074799196843,0.002719278835841406
2014-11-28,0.00463305245895744,-0.002121363432427625,-0.026841959934437463,0.007868370847139794
2014-12-01,-0.011384681359339156,-0.00697426879590805,0.03909721071410293,-0.005851207801488609
2014-12-02,0.003999583940424307,0.0064431573197399426,-0.012428974377113709,-0.009759967325849845
2014-12-03,0.0018037861045826545,0.0038558798061386927,0.010282221622139046,0.0038993972248225674
2014-12-04,-0.0004740332893227797,-0.0011069691904754667,-0.0038758463696522295,0.008326350194216273
2014-12-05,9.458817694246472e-05,0.0016358601123655139,-0.012591864202654362,-0.005846601785303159
2014-12-08,-0.007142714617453028,-0.006705330570197974,0.011728543111015293,0.012148392645613874
2014-12-09,0.0031491513170784683,-0.0006777860764791743,0.020601691573211994,0.005126989930500434
2014-12-10,-0.015844990684586804,-0.01616127760428223,-0.0019479434950336577,0.007278794845045749
2014-12-11,0.004731607829525144,0.0050567305246384175,-0.0022915065517861103,0.004101240188012767
2014-12-12,-0.010945944240900288,-0.01629315318385974,-0.002381955801053023,0.01347113044927417
2014-12-15,-0.010378071394731238,-0.006893059141742208,-0.026058456631024355,-0.002060737768183047
2014-12-16,-0.016171534901928797,-0.00805188881582888,0.004883567458748182,0.012300402342328879
2014-12-17,0.018039931683972995,0.019415168044073824,-0.005933184879209219,-0.009052547531654123
2014-12-18,0.023781545989636287,0.024427910531555252,0.007671599736508545,-0.017953810360182492
2014-12-19,0.004390350871425329,0.004245850336015233,-0.0033055430745708814,0.013355809490230734
2014-12-22,0.0024893721804589088,0.004589493078609683,-0.019532501975925175,0.001350146059277106
2014-12-23,-0.0035443967699591247,0.0013485962111115326,0.0016866692377105724,-0.020034467018286123
2014-12-24,0.0008635155172635193,9.6472892911423e-05,0.00026605277109273347,0.005428361997892055
2014-12-26,0.007069637384356633,0.0032194436998992503,0.018102473257655193,0.0037039754847438297
2014-12-29,-0.00019043263207756258,0.0013425000815160274,-0.010153292143778678,0.007447374962776475
2014-12-30,-0.006687695680042408,-0.005380406900243923,0.013370224180731385,0.0027091865259659276
2014-12-31,-0.010309695179436865,-0.009972479597263887,-0.014162271200273567,0.001907885957067158
2015-01-02,-0.003006907648952759,-0.0005356729505997499,0.0043925221460414865,0.01105668442579682
2015-01-05,-0.014777540269499637,-0.018224701937255935,0.014964618775983719,0.015586728994707779
2015-01-06,-0.013498910721528581,-0.0094637330093336,0.01133448217141997,0.017856308620577504
2015-01-07,0.012808624509366715,0.012384724711104142,-0.005908836993974842,-0.001976694291985051
2015-01-08,0.018958785737674313,0.01758892991475385,-0.004217399700950183,-0.013331430975045648
2015-01-09,-0.0066046655828583154,-0.008045574079611418,0.011320872784880804,0.010893152359919323
2015-01-12,-0.010481384059605935,-0.007864621412477082,0.011025431201653892,0.005705865658672087
2015-01-13,-0.0002955221729558314,-0.0028163516466349395,-0.003379471739693634,0.0
2015-01-14,-0.005531330376031822,-0.0060556792599414,-0.0016093040146014643,0.007557655442167432
2015-01-15,-0.013060060818945573,-0.009202914983719064,0.024864209830664365,0.015612591030405961
2015-01-16,0.011672578041391655,0.01302917407157611,0.01297967953352017,-0.012830591434349642
2015-01-20,0.007903574767421888,0.0021301400796061975,0.013618890362551296,0.013201168245514724
2015-01-21,0.005104100545874427,0.005034791394542188,0.00024156831944978564,-0.011626239849467895
2015-01-22,0.018334614225909387,0.014761961809551406,0.008017360134577187,-0.0036046401706185073
2015-01-23,0.0022084667575748436,-0.0054978840678598555,-0.008017360134577146,0.013822457022394815
2015-01-26,-0.0011519355675341284,0.0023391224157813797,-0.010031679362329541,-0.0030470561759656425
2015-01-27,-0.02626838516355446,-0.013278106761049773,0.011399158685807192,0.0015615288352421619
2015-01-28,-0.005139250321769441,-0.012907209650903145,-0.007909034514030033,0.01621641921993064
2015-01-29,0.009565608057764916,0.00920090067947556,-0.02178803552843412,-0.006602260275552181
2015-01-30,-0.007783995742684266,-0.012654752595566764,0.022031068542067805,0.017581952342328153
2015-02-02,0.008666839874703312,0.012307663959017254,-0.008378450604819716,-0.003782254538167449
2015-02-03,0.009563907621332218,0.014358180314081419,-0.011254031870982083,-0.021394467047240052
2015-02-04,-0.0008743568217287639,-0.003815564998456101,0.004368788786280421,0.0017085937731618236
2015-02-05,0.00861405449877435,0.010044807025408449,0.0017257602352123193,-0.011040452943715882
2015-02-06,-0.006089798715921425,-0.002769229307225014,-0.026204564931172653,-0.01786022657046939
2015-02-09,-0.003205117296492012,-0.004485707710787385,0.004457337052542182,-0.001605030654403928
2015-02-10,0.015444243471604016,0.010597031926188173,-0.005891255467082124,-0.007985771510762131
2015-02-11,0.0036334452178133137,0.0005799991846526261,-0.01188773038576783,0.0018484663585516487
2015-02-12,0.011576053009117022,0.009570626454005294,0.0023036284035265445,-0.003314203632617832
2015-02-13,0.008548401019082568,0.004107908317024339,0.005439474740014081,-0.010322111656152228
2015-02-17,0.0009349047386115331,0.0015720950018439665,-0.016838734326833547,-0.015170183169319782
2015-02-18,0.0014007975328686555,9.504057367714467e-05,0.0028404943034609498,0.005922796031578386
2015-02-19,0.0049333876840807755,-0.000714333341961774,-0.003444070035884628,-0.00663548114984394
2015-02-20,0.006663756268210016,0.00598303907423044,-0.005708895866845205,0.0029279914970396503
2015-02-23,0.0010140954169034887,-0.0001421620138468113,0.0013003471683988895,0.011394040900365237
2015-02-24,0.0007370378692313981,0.0028368990278652495,-0.0014738237281034486,0.013040510393120978
2015-02-25,-0.002489310637146376,-0.0008501124461978045,0.003810143280624359,0.004309188229862255
2015-02-26,0.005064179654974604,-0.0011823067704086246,0.003192846928133665,-0.013762118248998215
2015-02-27,-0.004418139712125203,-0.003411820358527717,0.000775127851616969,0.008372312242259742
2015-03-02,0.008999645576805005,0.006293629943964216,-0.004140821554351363,-0.01880201839083408
2015-03-03,-0.004673321538698247,-0.004112376057506571,-0.0018169945131893267,-0.003632503030718339
2015-03-04,-0.003865340345712777,-0.0042247795994441,-0.0031225683060647487,0.0003166319652905067
2015-03-05,0.0017506404126303417,0.0010934526762836213,-0.0009560698660537595,-0.00126656610038425
2015-03-06,-0.011386679344602236,-0.014164013748865127,-0.027684033513420175,-0.02233920161352934
2015-03-09,0.00288218292543076,0.004135961287460933,0.0009828943243309087,0.009188102163537382
2015-03-10,-0.01874123607761828,-0.016355080037556535,-0.004924161015297649,0.01307241432747564
2015-03-11,-0.005786566140739118,-0.0023440442394751662,-0.006031419233618076,0.007258975109805544
2015-03-12,0.00654303885768842,0.012633576926507328,-0.0002709060307489861,-0.0007079599312518409
2015-03-13,-0.004357239449413296,-0.00615142843058492,0.0014440077763354022,-0.003072641457111777
2015-03-16,0.012827737515837653,0.013272454229178497,-0.0006315097549614711,0.009581099493246141
2015-03-17,0.001591958756983381,-0.0029770045432564946,-0.005429372519536195,0.008250433455258905
2015-03-18,0.00977720248716424,0.011949578556591435,0.019409393965783985,0.019119146238583563
2015-03-19,0.0014814894146614407,-0.004571715838008112,-0.0007122036244302048,-0.005108573984098032
2015-03-20,0.006452210629893172,0.008788160600662929,0.011334565478751316,0.005260322022009481
2015-03-23,-0.001936791177836721,-0.0019505169924224912,0.006319701703631724,-0.001217494537964026
2015-03-24,-0.0036072300465044413,-0.0056347760713605305,0.002446901321801825,0.009622629089394001
2015-03-25,-0.02315090562437099,-0.014762309274349917,0.001395583828601838,-0.008480696317815338
2015-03-26,-0.003419410796263086,-0.002383935218448205,0.006515812793653495,-0.01571238796648089
2015-03-27,0.003988164522102244,0.0022867754742777234,-0.0036436736475295383,0.012360431598274099
2015-03-30,0.011401813650663272,0.012125908564051501,-0.011450652385538355,-0.004972038838072672
2015-03-31,-0.010643926069880748,-0.008777838478542768,-0.000791489742224147,0.002144996968206453
2015-04-01,-0.005221977137608077,-0.0035425065694277345,0.016924374949796855,0.013049050775026187
2015-04-02,0.0006662473535665424,0.0035909252446616247,-0.002772001936393702,-0.010651712581570093
2015-04-06,0.008147755620759803,0.006710646797089927,0.012156925637931892,-0.005600205160422275
2015-04-07,-0.0016998940899646214,-0.0026499768151679016,-0.004982843844589143,0.008349957101628608
2015-04-08,0.007908258542792587,0.003371121898431273,-0.005527256360212914,0.0003053885779841903
2015-04-09,0.0062629266982877,0.004413953072329891,-0.006952344453191623,-0.01304922752013438
2015-04-10,0.004092020806054913,0.005442466930996508,0.011273125412459931,0.001466799559839596
2015-04-13,-0.002508969575355595,-0.00453299525072152,-0.007182773547924921,0.0013879469950761189
2015-04-14,-0.002888230562846059,0.0019109375999396912,-0.006098084431298223,0.007063176077383083
2015-04-15,0.006232049844436758,0.004477035820972069,0.008613598755223903,-0.0008422319480052277
2015-04-16,-0.0013917525255299325,-0.00028486393128706504,-0.0034713349747602833,-0.004989462063552566
2015-04-17,-0.015723192458165808,-0.011570195391607939,0.004942989742755055,0.011400516758334192
2015-04-20,0.01488717955266982,0.009095246140380315,-0.007641555546604684,-0.008864346958518704
2015-04-21,0.0042654694212588724,-0.0011923478260209778,0.005736617532052148,-0.004538852177080538
2015-04-22,0.0054455042777624965,0.00490213208918358,-0.013524881601083907,-0.01538358125753574
2015-04-23,0.0037665105057434274,0.0025130460067601507,0.007265135996097461,0.004296952373466165
2015-04-24,0.013479094721042346,0.0023178616484956934,-0.014141033700353254,0.006217936274271689
2015-04-27,-0.0025362413452416537,-0.004166421176859189,0.01996737439576267,0.0
2015-04-28,-0.001997004820147239,0.0031738452385860344,0.008633395454348151,-0.013887555407547712
2015-04-29,-0.00629045008428141,-0.004123098366150473,-0.007073870774361553,-0.012331023595958598
2015-04-30,-0.015854313030869784,-0.010070764428807789,-0.01781862923365432,0.0017483255854176918
2015-05-01,0.013107082234659192,0.010782875296043031,-0.003442946542885586,-0.013552819690207529
2015-05-04,0.0016489718770293673,0.00284355588310003,0.0089796944769085,-0.009479948189918054
2015-05-05,-0.01642978975306561,-0.011518316283001944,0.0028006293425995657,-0.001385142691197446
2015-05-06,-0.006910394240877767,-0.004125114548417503,-0.0005245000462393765,-0.017268418169037684
2015-05-07,0.005978919019227185,0.003981736859731023,-0.008253646349355704,0.013347433571673402
2015-05-08,0.01240571376562059,0.013080273090591676,0.0048375401365222245,0.0026977978371784126
2015-05-11,-0.003871850571401596,-0.0047843924265177085,-0.003868158154194018,-0.024625579088405344
2015-05-12,-0.004535971101638883,-0.002995776412216646,0.008507714570103646,0.002589517752304658
2015-05-13,0.002039066501229553,0.00019082108930579665,0.017745568671579635,-0.008042793082615811
2015-05-14,0.014523857047304653,0.010373555111658323,0.005390825055101934,0.002688124828730464
2015-05-15,0.0,0.0010829086714390628,0.0029823930374759115,0.019852016369809856
2015-05-18,0.004370637248141071,0.003102031519288298,-8.510645761585739e-05,-0.01692011697058431
2015-05-19,-0.0010906444683192345,-0.0003285553302859404,-0.013967043221181913,-0.008906150130088978
2015-05-20,0.0006363225517103578,-0.0007043006869531906,0.0016381642703537944,0.0016869114656730079
2015-05-21,0.00516819414656219,0.0029082958290731066,-0.0033654032062089196,0.013888883222293485
2015-05-22,-0.0009955251496073438,-0.002391777289521705,-0.0007782781051664031,0.0004153268802526837
2015-05-26,-0.011562796851966489,-0.010809990863357682,-0.014727247977664972,0.01696519058259769
2015-05-27,0.015988633110243466,0.009447450397635932,-0.00017563013383993815,0.002283653954859867
2015-05-28,-0.0022558102353393726,-0.0011288862322489657,0.0011407772346871212,-0.0024471845417098305
2015-05-29,-0.005979446042342972,-0.006232232404922216,0.0007014013330434771,0.0022026446083705463
2015-06-01,0.0033565603614532876,0.0020346594573292186,-0.0008767951003625541,-0.010805374189848602
2015-06-02,-0.003174572794167584,-0.0009933824918691326,0.0040269605877943865,-0.014050840360827646
2015-06-03,0.0029935360182695137,0.002645711322650014,-0.0071898573672245485,-0.016205353799870398
2015-06-04,-0.007637663223761643,-0.008482197012100602,-0.0070646979352704175,0.012935170715448828
2015-06-05,-0.002375837809677989,-0.0017147588888233533,-0.005331436918291504,-0.012255047276621661
2015-06-08,-0.010207501170911897,-0.006168214128035032,0.0029358308942225293,-0.001105317303912824
2015-06-09,-0.001664988315766796,-0.000144104000815253,0.002218377951124773,-0.007948868485531476
2015-06-10,0.013608862498216613,0.011921994077813719,0.008473122987024092,-0.008791093111228387
2015-06-11,0.001460377275829142,0.003218113353005963,-0.00458066904691928,0.020817909225883283
2015-06-12,-0.008241734480380195,-0.007684174259237419,-0.0002649015739743867,0.0
2015-06-15,-0.00497793513175086,-0.004295055120372635,0.004406069740065375,0.001609201880634144
2015-06-16,0.005437899179173497,0.005436930041410527,-0.0036115754437751487,0.00784129469609357
2015-06-17,0.002753306976821416,0.0016160120343310055,0.004666106837939518,-0.0077566895588688425
2015-06-18,0.014468499553973562,0.010345710937705465,0.012829091016651683,-0.004920859913511628
2015-06-19,-0.00495613836806636,-0.004449091561849429,-0.0017357836863243674,0.012761324068856801
2015-06-22,0.007343699100905147,0.005110121191373936,-0.012939534822473103,-0.020617451794322
2015-06-23,0.0008129779389188782,0.0007075046652864775,-0.006621663748214055,-0.006018502225937133
2015-06-24,-0.005158164841998907,-0.007289084698472233,-0.002661018577875129,0.008587269792210075
2015-06-25,-0.001998008790917627,-0.003045171878419021,-0.0013331015376761225,-0.0035124030598100717
2015-06-26,-0.006658502721182823,-0.00019099374588139731,0.0010666233650124298,-0.01130433889957021
2015-06-29,-0.023894525120743994,-0.02119304823773154,0.004520702131842665,0.026124690622068868
2015-06-30,0.0035555580682069083,0.0020910198969365103,-0.006210070886037382,-0.006957008352192144
2015-07-01,0.007907180378768183,0.007984163928075093,-0.003476708463396305,-0.013589287129752521
2015-07-02,0.00027771703346683285,-0.0009166458582110804,-0.0019665798355693646,0.003281061022231961
2015-07-06,-0.0023180453856262956,-0.002849991753671867,0.002680686287387427,0.01836426710316038
2015-07-07,0.0025039864487964867,0.00626917233549654,-0.011668702760757443,0.009350958276067668
2015-07-08,-0.017565746602348345,-0.016919519785207806,0.0029749330386005784,0.00860014679358684
2015-07-09,-0.0005657191591430915,0.001807019866449248,0.002427551438613741,-0.01989942914867357
2015-07-10,0.015162964573059325,0.012512774398380798,0.001166679551747385,-0.015985091118448858
2015-07-13,0.017404608355384273,0.010976953955109179,-0.004494793701909413,-0.0031072962154752794
2015-07-14,0.006551453447902134,0.0043286952469609305,-0.00225499581251802,0.0032793417381022103
2015-07-15,0.0010875988458437123,-0.0003323585357960642,-0.005251204440368454,0.010540993050866244
2015-07-16,0.014034172718043188,0.007992530849244192,-0.0036377042236319986,0.0068816320245998425
2015-07-17,0.014632359570524289,0.0008471872042949588,-0.010164462693893107,0.005151304820450887
2015-07-20,0.003427675371738274,0.0005178040629187067,-0.02752685674211234,-0.004219862535938465
2015-07-21,-0.0006143333158820729,-0.003959041545285895,-0.003126872326802464,0.005398711713053084
2015-07-22,-0.011389377046217682,-0.0017961714171188068,-0.005424190670740339,0.006206609007627501
2015-07-23,-0.0037364113792615035,-0.005646108055208953,-0.00449483097628429,0.012381203478199354
2015-07-24,-0.009852401115111386,-0.010426015982429378,0.009729155735813993,0.0024749154535282127
2015-07-27,-0.008315181698223626,-0.00583422315476681,-0.004661992801277996,0.0053399911819478315
2015-07-28,0.008585395478998711,0.012207846346564353,0.0015246432799856059,-0.007319499878503375
2015-07-29,0.003772171000615099,0.006855792216533749,0.0014272948765040416,-0.003721797501920666
2015-07-30,0.004740142455841157,0.00023740217551053455,-0.00859441451463339,0.007675826318042548
2015-07-31,-0.0011609302113569301,-0.001519072532745912,0.006309807471318708,0.007372615878479894
2015-08-03,-0.0031311556299197622,-0.0033788292266669173,-0.007941503115089978,0.010471353878963988
2015-08-04,-0.0018835728842342737,-0.0019563441711861716,0.002015250319480653,-0.007963421674836171
2015-08-05,0.007690994127495492,0.003289960496121571,-0.003649612745895922,-0.007534555882949313
2015-08-06,-0.016165648180916068,-0.008221196600707326,0.004416281036678492,0.008839052428968467
2015-08-07,-0.0012681259337214785,-0.001921694926356671,0.0024875838994236877,0.013032906464841799
2015-08-10,0.011357572526083376,0.01252046409363432,0.010172637809864738,-0.012462990215134985
2015-08-11,-0.012900026861310697,-0.009064032907647976,0.005094839843947383,0.015754843295503425
2015-08-12,0.0034442270210260487,0.001197251056012057,0.013924787857253812,-0.00546561137502062
2015-08-13,-0.0016300719709371545,-0.0012451813648302755,-0.008294156742538458,-0.0032297743506927577
2015-08-14,0.0015395116945704065,0.003635651831162949,-9.36047567321894e-05,0.002342905844527181
2015-08-17,0.008290676844203938,0.005571386449637663,0.0026170571520377807,0.004507151365342963
2015-08-18,-0.005128388727621504,-0.0029007950176310245,-0.00018667516172391786,-0.00790130375990657
2015-08-19,-0.006606678008177885,-0.007937242173859532,0.013354574963244535,0.0098268077972703
2015-08-20,-0.028085124093983668,-0.021102263599932867,0.017261484729986225,0.010048474305633806
2015-08-21,-0.04468947876198687,-0.030565181109280366,0.006228253314387141,0.0030113097274484914
2015-08-24,-0.03923637049788733,-0.0430189952848306,-0.005413696203742859,-0.0003168969729975546
2015-08-25,-0.0037648768223699936,-0.011837595763004973,-0.012472236890549283,-0.01619568574568496
2015-08-26,0.04913452052927137,0.037675313670287515,-0.013743752566773907,-0.0194920332263525
2015-08-27,0.025016878533502408,0.024434251289732506,0.0005571512452685862,0.0005741494707778803
2015-08-28,-0.00018910677207934027,5.0097740702598586e-05,0.00896363798539372,0.0029463275182414097
2015-08-31,-0.012480864706563528,-0.008112102292213184,0.0011033722012558356,-0.00771244466428927
2015-09-01,-0.03175165074150492,-0.03030213133795505,0.00348589711093372,0.0071806329552129905
2015-09-02,0.027813380663036322,0.018803240730523255,-0.005325457471451406,-0.008642123057533627
2015-09-03,-0.004920668149534334,0.0007160989406489077,-0.00720696468758582,0.004865167105540011
2015-09-04,-0.01196807224401655,-0.01525238368544462,-0.0032508130940551347,0.00908926377363585
2015-09-08,0.02780118512044691,0.024820308884964094,0.0002790454421465056,-0.014864316787728265
2015-09-09,-0.011297347014917827,-0.013461764268152382,-0.013012113659039884,0.004787326874113217
2015-09-10,0.010821536920838032,0.005427102085012264,0.002352831601258748,-0.006774797924886435
2015-09-11,0.0055087574288660455,0.004533977167930223,-0.002070138975493721,0.006280527404799265
2015-09-14,-0.003035542137145171,-0.0037175243343320116,0.0005650019663848919,0.0015640910956374503
2015-09-15,0.011712490479039824,0.012422037542693606,-0.003017159470430642,-0.01935048373495214
2015-09-16,0.005618227611498301,0.008629307354054377,0.013226552172031262,-0.003780486505175207
2015-09-17,0.000373602877257858,-0.0022507269622368876,0.01019855026531129,0.01213119220055524
2015-09-18,-0.014324897136294066,-0.016476181372889406,0.007352256373074212,0.015267405077728379
2015-09-21,0.003127648809468474,0.005154199330928944,-0.006246004616141289,-0.016432157114787665
2015-09-22,-0.015063756343880769,-0.013064620831231747,-0.006841722923155944,0.013808220671947289
2015-09-23,0.0007681494616528121,-0.0016001047969349486,0.00398130520726097,-8.245434940236501e-05
2015-09-24,-0.0036540359463934965,-0.003622332101345343,0.02075879629651289,0.006793652890494053
2015-09-25,-0.008514095096042184,-0.00025924079106617843,-0.006173422414314381,-0.008683968233339166
2015-09-28,-0.028881863118770976,-0.025417581901191016,-0.012739020432957309,0.016969306280360846
2015-09-29,-0.005213892438984822,0.0005849358825697513,-0.004066501065043471,0.002827052069111949
2015-09-30,0.022761044114955508,0.01848687685272182,-0.010426483637297347,-0.0034747771079511824
2015-10-01,0.00451003640991836,0.002605475114244754,-0.0012172598628681067,0.004257524515070301
2015-10-02,0.017359693703270302,0.014827403344288004,0.020953802922526705,0.006039091348359693
2015-10-05,0.014223941776835895,0.017638347257521732,-0.0020205850578978056,-0.013660523910459573
2015-10-06,-0.004750485925446858,-0.0034323122416739208,0.009971303227116472,0.004304158051857919
2015-10-07,0.00598184996774578,0.00815744540721411,-0.001457494008134859,-0.0033279081032614173
2015-10-08,0.003968422771810508,0.008985961669625347,-0.005117883296347929,-0.008409790962888257
2015-10-09,0.004515908592847137,0.0005961729106676182,0.015726912391542485,0.002620300699093275
2015-10-12,0.0024375230024551407,0.0009431917540220361,0.0039607110144831365,0.0075769051493709445
2015-10-13,-0.00648212504489882,-0.006322037410458879,0.004929015278091239,0.001702717539202099
2015-10-14,-0.0016034579894850802,-0.004805384846312349,0.017282274992371418,0.008712489291631246
2015-10-15,0.016292167486312296,0.015237624296892576,-0.004579458875531695,-0.004911009201775303
2015-10-16,0.004170748058001404,0.004536316882745634,-0.007086601152338509,0.0003219263791641258
2015-10-19,0.0057180753410272225,0.0004921124231139099,-0.004186912999915291,-0.002747182742010253
2015-10-20,-0.005163267332758859,-0.0012794095991305447,0.006318212020552837,-0.006168125887842827
2015-10-21,-0.006119501656839338,-0.0062227389432425685,-0.008910332230671142,0.009883697397016965
2015-10-22,0.020163569071082466,0.01675202154800083,-0.00035807819279052113,0.0016914392755591119
2015-10-23,0.027598530085062998,0.010902559540543671,-0.0017026075113336088,-0.008567768473156805
2015-10-26,0.0006205833259782207,-0.002460371561766914,-0.0006279971024889811,0.006634057327710992
2015-10-27,0.002036040721185091,-0.0019347139601662586,0.002241047948969033,0.0024964055085117762
2015-10-28,0.008278318115992042,0.011310585639314167,-0.008091400160860905,-0.004029353408037772
2015-10-29,-0.0015799108200900533,-0.0005745982692362733,-0.009614564390769178,-0.01603669635520827
2015-10-30,-0.004490077500516,-0.0043189577838780215,-0.0038352540915993893,0.007521231133475974
2015-11-02,0.011231174345799531,0.011761302813042584,-0.006517134598801595,-0.004606047789319852
2015-11-03,0.003484092530405153,0.002895261209100905,-0.014937356022442439,-0.008234284084100778
2015-11-04,8.673443293834044e-05,-0.003037746578197435,-0.009485885776108033,0.0011572958509401456
2015-11-05,-0.002698575604206029,-0.0009986538585448818,-0.0031189650547963797,-0.0026463668433792773
2015-11-06,0.0006970532703736951,-0.0005237728887903468,-0.014685120688170974,-0.01476412934561014
2015-11-09,-0.010685138694092258,-0.009375585978947762,0.0028777291011320622,-0.0056470458371530715
2015-11-10,-0.002556645290730338,0.0023045097905215247,-0.002109514817878502,0.0029541383693761076
2015-11-11,-0.0012366911042086856,-0.003939677180610317,-0.00336521129587392,-0.0021087014147941415
2015-11-12,-0.009769711836123794,-0.014057708949612547,0.00019257167853245404,0.004801608882571161
2015-11-13,-0.019831636036798654,-0.011291937986863091,-0.002796404320479703,0.005697711293986474
2015-11-16,0.014282449601912635,0.015092249756253123,0.001447402465342363,-0.0009195494404679386
2015-11-17,0.0006276397542171252,-0.0007299585572568001,-0.013297966180688193,0.0016708926050010744
2015-11-18,0.01901256884343012,0.015742038939437014,0.0008790738346113607,0.002085467881961938
2015-11-19,0.0007040377566546726,-0.0008629733370856743,0.010971489880734318,0.00664370856359606
2015-11-20,0.006748850300667747,0.003637421442399693,-0.004548773723664315,-0.0030674072380542936
2015-11-23,-0.0028868815897466617,-0.0011470306563845908,-0.008083747042833161,0.0030674072380542966
2015-11-24,-0.0008761002901144763,0.0013385346099736416,0.006627707399357638,-8.292245894175452e-05
2015-11-25,0.0008761002901146315,-0.00014345199258760868,-0.004673848365801943,0.002315187743853816
2015-11-27,0.001400597227135546,0.0011457476316092412,-0.011879763588946619,-0.0009915670532151387
2015-11-30,-0.0025399295870220827,-0.004160060958052219,0.006595467871597316,0.003959477028272285
2015-12-01,0.009948716799894224,0.009490165530628047,0.0035259646298247574,0.01341735420906216
2015-12-02,-0.006184602518479935,-0.01025735373619523,-0.015667624313787498,0.0003255864391514613
2015-12-03,-0.017095848273476086,-0.014101819925261126,0.010570606410359536,-0.027558850764955997
2015-12-04,0.023106757156406282,0.019315279463039684,0.021966035488281806,0.008745401206075483
2015-12-07,-0.004526584927400838,-0.006076914546984272,-0.013063212596420425,0.009656062411871707
2015-12-08,8.717291434113393e-05,-0.006742196063930153,0.0016544033114080684,0.0004932851749121628
2015-12-09,-0.01529549258537797,-0.007810172901998397,-0.0019466324270582696,-0.0010679033319669642
2015-12-10,0.0045073206667309434,0.0025779551500611573,-0.0008772000837340084,0.0013137586603668779
2015-12-11,-0.023285030930308065,-0.019571572752491044,0.0054458711721541595,0.015635482009782025
2015-12-14,0.007553331034878234,0.005039928156581008,-0.012884508990749449,-0.01301198784796851
2015-12-15,0.006073178542239906,0.010443071735845319,-0.0026560861191144095,-0.005911748846805358
2015-12-16,0.014760334644972905,0.014525774692031439,0.012043063036934096,-0.0021432196350170147
2015-12-17,-0.014671368821398769,-0.015355494697031572,-0.022141125877213518,0.011241975014134615
2015-12-18,-0.019368548108876216,-0.017975555622873663,0.015207174746719882,0.005533830165948413
2015-12-21,0.011046736998586666,0.008215526473501593,0.010819352064225785,-0.0002438105355637534
2015-12-22,0.006552202343936053,0.0090331833287329,-0.0052488544876924,-0.00725048507352364
2015-12-23,0.0073978441579551175,0.012307230208646203,-0.002928003794366426,-0.007550144719767934
2015-12-24,-0.00017774118071667012,-0.001651875408131724,0.007206940922791017,0.005713078237512077
2015-12-28,-0.0005328307678798572,-0.002287460172872971,-0.007597994957113434,0.0029502369003577807
2015-12-29,0.015606789712038494,0.010615327852676642,-0.0006846940847352253,-0.01675293445668057
2015-12-30,-0.009052317369631826,-0.007112872556038268,-0.007661355596264362,-0.0009989407086079037
2015-12-31,-0.012526113649898812,-0.010054004861976875,0.0003943308023186173,0.004488138861960832
2016-01-04,-0.021323811827909028,-0.01407768971627849,0.013995827340626326,0.00718903259569318
2016-01-05,-0.0017368420827464602,0.0016897791056629185,0.00281458831856644,-0.004042634566664756
2016-01-06,-0.009651841398907965,-0.0126943344875586,0.014337487598989632,0.013385762722911676
2016-01-07,-0.03181433245600247,-0.024284112501749944,0.014040676150811138,0.0017924499265875072
2016-01-08,-0.008234414087819013,-0.011037339857201706,-0.0044375394222030354,0.004469217103263312
2016-01-11,0.00307211374955025,0.0009894502459592638,-0.008934594646018349,-0.011003713932444939
2016-01-12,0.011530944626942822,0.00803600942630841,-0.0050729832368576954,0.01432163282745564
2016-01-13,-0.03509819494210556,-0.02525713025236464,0.004882048039545079,0.009808797930955026
2016-01-14,0.021071759177139975,0.01628385992792639,-0.016367021706295802,-0.009405063039994046
2016-01-15,-0.03152830033278391,-0.021700418364520226,0.01023674024483427,0.015466979960608626
2016-01-19,0.0021792430892761546,0.0013308108509394552,-0.0009612465570264486,-0.003106656802730386
2016-01-20,-0.0030724696632691132,-0.012898239311714901,0.013279386437522704,0.010475015287119074
2016-01-21,0.0009919283211547439,0.005586332258045426,0.00113814976565955,-0.006811992718563872
2016-01-22,0.02854291799025276,0.020307672856600203,-0.004655791285644273,-0.0038221160458396727
2016-01-25,-0.014951521153815851,-0.015231924636861419,0.010233193541102439,0.005410356303951605
2016-01-26,0.008958716686056191,0.013550869311352989,0.011341913483231932,0.00047613064350684217
2016-01-27,-0.02523094790576721,-0.010942614324973312,0.0037212948296183107,-0.0002380369842050672
2016-01-28,0.01401973435673213,0.005195619755345753,-0.0107362419293496,0.0014268994790845174
2016-01-29,0.02066730361465114,0.02408479585244992,0.0038408969118528882,0.008441007517526302
2016-02-01,0.0026852852410621866,-0.00036117165142353537,0.010232704202856196,-0.0030659482004357316
2016-02-02,-0.021883161192474597,-0.01818683058929026,0.00037006835108891606,0.018382039076087348
2016-02-03,-0.00480859727595243,0.005977186646110182,0.010674654427775114,-0.008328018382982133
2016-02-04,-9.823764176960218e-05,0.0015668463792625064,0.012009967818587527,0.004834205342136198
2016-02-05,-0.03534446177053522,-0.019233735965445597,0.015703135766193033,0.0011657295713146678
2016-02-08,-0.01540529371187726,-0.013552226921001439,0.013354185862515874,0.021291075238739156
2016-02-09,-0.0031100328109395863,5.353478419036787e-05,-0.002198672852432284,0.0010645919084471933
2016-02-10,0.0038341169890701216,-0.0008630046372873355,0.007717958411726099,0.008773469596405875
2016-02-11,-0.001448777883849491,-0.013093556716293066,0.03940213823727399,0.006979512604621181
2016-02-12,0.015110195873561907,0.020407340638959628,-0.00589671453081662,-0.016741094793917773
2016-02-16,0.022296312005435383,0.016737317569766718,-0.030800736245396157,-0.010626706814381399
2016-02-17,0.022395226900241576,0.016202629249290525,0.006167287420776475,-0.006167703088875539
2016-02-18,-0.011480443120226372,-0.004104162314033428,0.024041860433202913,0.012220698750410102
2016-02-19,0.0029560890292037677,-0.0004685694710516601,-0.006020275750380445,0.0008403403926029534
2016-02-22,0.016105381572876512,0.014375310464263774,-0.01793504091705753,-0.0005343698855144587
2016-02-23,-0.016597134045771286,-0.012709815536270352,0.014868593832169054,0.004039494539235483
2016-02-24,0.009503925659111524,0.004565046692836254,0.003321549590506587,-0.0019796113523019004
2016-02-25,0.009800484744859611,0.012038978832880288,0.002632341860518043,0.0035751846292100477
2016-02-26,-0.001256046789255245,-0.0023040836847024607,-0.006892743647260338,-0.009690946075829947
2016-02-29,-0.00903225705079837,-0.007873277420762905,0.012980023419282503,0.004360996481704911
2016-03-01,0.03159301855832941,0.02323495840196381,-0.007360151335800538,-0.017765374468549325
2016-03-02,0.000377984578672588,0.004482349040889882,0.007697256644730053,0.004118112785442421
2016-03-03,-0.0018915083510429413,0.003912065991993297,0.017125877155555313,0.0036379321266856116
2016-03-04,0.00037863451881582904,0.0032480763527690548,-0.0015750194994792542,-0.006432743857472393
2016-03-07,-0.006170275047306871,0.0007981133972907983,0.004965240864288737,-0.00031172027997450357
2016-03-08,-0.008318484706881958,-0.010978243522349813,-0.0046334482677505085,0.01098543811571454
2016-03-09,0.0064123737310560975,0.0049276971234982715,-0.00832782948151173,-0.006096826117660592
2016-03-10,-0.0015275403662103396,0.0008019549374047619,0.015928644015462578,-0.004110842514465601
2016-03-11,0.01733416046131509,0.016008647617548315,-0.01735128256694606,-0.010155691907669968
2016-03-14,0.0016886421238595166,-0.0012836422968355967,-0.012980634673388813,0.0031362994552366678
2016-03-15,-0.00037485379796735915,-0.0016304468602702825,0.0007632306454701139,0.0009384707961415768
2016-03-16,0.008869909355695083,0.005770187873319801,0.02205075556149502,0.0029672128839576912
2016-03-17,-0.0005579562205114869,0.006324293628747261,-0.0038218648773646413,0.0041235590195367895
2016-03-18,0.0015656776279174035,0.003921644552011332,-0.002750755714748547,0.0020941165768097467
2016-03-21,0.003904222777953821,0.0014182026499912532,-0.007036416699314462,-0.007700297664564047
2016-03-22,0.0030565681398898774,-0.0005375486680141841,0.0029378329691904675,-0.00023399351082667447
2016-03-23,-0.00826523772353346,-0.006621733869675723,-0.02289008865862743,0.01126099971515016
2016-03-24,0.00027951529336269144,-0.00044293565178664705,-0.00240404319751751,0.00038536321763825193
2016-03-28,-0.0013994260248690422,0.0005906544402990848,0.0023182652611009025,0.0013120462933994817
2016-03-29,0.015930804760705186,0.009207891539197256,0.01835540705340136,0.01043023843796844
2016-03-30,0.004858291933753656,0.004377976722270675,-0.014076410310244578,-0.01058479092871037
2016-03-31,-0.00146415870699542,-0.0024301709186272825,0.004600850924385841,0.007069163758718533
2016-04-01,0.010566436130992082,0.006788891863351941,-0.006053640735366039,0.002605158030036905
2016-04-04,-0.003812758699127455,-0.003242862216890942,-0.006692995408569699,0.0006118151845739409
2016-04-05,-0.0096885168831862,-0.010037985521139789,0.012916668207256437,0.010877039324624362
2016-04-06,0.016306185533771944,0.010861778094567114,-0.0061381369358647206,-0.007288731897817712
2016-04-07,-0.014470892394676305,-0.012038109829357622,0.014179801562102948,0.012268629153886441
2016-04-08,-0.0007338779680700267,0.002693402167327344,-0.0015187338768047718,-0.006342925086291794
2016-04-11,-0.0036762869064847345,-0.0023503885750928693,0.013419630057020864,-0.0012883823874699223
2016-04-12,0.008344224812893953,0.009269900326060194,0.00016664672071527165,-0.006926763362737512
2016-04-13,0.01270339618381984,0.010050239588250258,-0.010719526565990727,0.003507649366125785
2016-04-14,9.021158968775111e-05,4.8079436854810943e-05,-0.014075152256168354,-0.004806515110319905
2016-04-15,-0.0025276031429338416,-0.0011062404145288863,0.006892743647260424,0.008528741847373745
2016-04-18,0.005318150836139754,0.007002025367169003,-0.0015276274565966695,-0.004331559662219883
2016-04-19,-0.0061318874154862426,0.003149207921741158,0.015506833308651099,-0.003127178641850702
2016-04-20,0.0008137365793464196,0.000952453754265381,-0.005114248016109923,-0.011061356708214993
2016-04-21,9.035791040182511e-05,-0.005392806853656165,0.003775305036917395,-0.005965704125989101
2016-04-22,-0.015207610536472958,0.0,-0.012894694659209222,-0.0025675333179682523
2016-04-25,0.0,-0.0017245237008862583,0.0028799271415296556,-0.00413757957042899
2016-04-26,-0.004875123326065208,0.0014852080331489684,0.003967367637514969,-0.004547660443112297
2016-04-27,-0.008054478222495502,0.0020558189864784593,0.002860302869919961,0.009930668892031208
2016-04-28,-0.012157758913749926,-0.009116813473495945,0.018724801093336303,0.004115489128249503
2016-04-29,-0.00528317776793472,-0.005413585321687857,0.019270626438691787,0.002553823325127724
2016-05-02,0.009414742225829486,0.007917353435527684,-0.0033213499131697927,-0.010119020983128191
2016-05-03,-0.009319870403153196,-0.008741505518225222,-0.0022745646099545844,0.012517372026459623
2016-05-04,-0.006452670079173078,-0.005593712367603607,-0.006118222826125519,0.005470102882828492
2016-05-05,-0.0002856298462712803,-0.00019532056592499547,-0.0011462207767798868,0.0066628013161697435
2016-05-06,0.005318376910976714,0.0036524114491703523,0.009052054554673597,-0.004283452362703746
2016-05-09,0.0028373698415327343,0.0008259141385199825,-0.02075289801818274,0.0031382204793673355
2016-05-10,0.01360184801068162,0.012357325094685245,0.002731465708414251,7.608768596173025e-05
2016-05-11,-0.009078566474076087,-0.009398819287092242,0.009378919930915114,0.005639252755491287
2016-05-12,-0.004428630211919656,0.0002905368284943562,-0.007892173973086844,-0.004570108558116499
2016-05-13,-0.003689772178077578,-0.008752773438218429,0.004529141979827091,0.009647303449461707
2016-05-16,0.012434223068190385,0.009817353536461617,0.0007392219670169126,-0.008655226343607018
2016-05-17,-0.012624002240832752,-0.009377354418778553,0.003442329123242772,0.001676394722329385
2016-05-18,0.0035958791305613106,0.0002928766152684377,-0.017497993073654197,-0.01433791161099189
2016-05-19,-0.005209023015857336,-0.003470867035913541,-0.0019168712488535215,0.0043152145554011525
2016-05-20,0.010954925204682824,0.006297159608507128,-0.001335701516612647,0.0007682361545998561
2016-05-23,-0.0013160951158479157,-0.001363542868846621,-0.002844207499474105,0.0022262040520394572
2016-05-24,0.019834266624253985,0.012879155665516742,-0.017493154439807392,-0.004456690536118585
2016-05-25,0.007165824073499163,0.006760014132750252,-0.002731772964595234,-0.003779802532895582
2016-05-26,0.0029252568978500345,0.00028676333173539907,-0.003425260387699169,0.005165105621444323
2016-05-27,0.005188964264424144,0.0042899972113665,-0.008268772914245718,-0.001462362932249741
2016-05-31,0.0019048710143470102,-0.0019045449801901075,0.003798302317157037,0.0023848839201082595
2016-06-01,9.097369582171874e-05,0.002046984941286775,-0.0010344407576528966,0.004048709954219394
2016-06-02,0.0020821366084999493,0.0030393149665062626,-0.002331543491761781,0.007181652693101639
2016-06-03,-0.004713869208826371,-0.002991584705996035,0.027373264388307245,0.01413545386965607
2016-06-06,0.003627904357598656,0.005075514679652008,0.0003364248669020046,-0.007458592081192475
2016-06-07,-0.002537994724658232,0.0015600392071810866,-0.0008412423733233627,0.0024168308884907116
2016-06-08,0.0017229314710806036,0.003254332154712249,0.014703707887444253,0.0053417528314361985
2016-06-09,-0.0016320480762668241,-0.0013663263775969144,0.005541081570940133,0.0064322269976357
2016-06-10,-0.011408954474438276,-0.009522548310407131,0.004033075700703472,0.004833917550582762
2016-06-13,-0.008388670768342115,-0.007741681456398691,0.007365624068488461,0.004442132818060689
2016-06-14,0.0,-0.0019690713640661914,0.0010594292626908233,-0.0007388529104342318
2016-06-15,-0.0028735542079783467,-0.0013946979694100328,0.0073849284570991006,0.003836552217509181
2016-06-16,0.0029664731039495663,0.0029797956415387678,-0.01056665171524312,0.004848663229390429
2016-06-17,-0.01179068787834954,-0.003730951444162639,0.01274729826898987,-0.006248626265170636
2016-06-20,0.006272133156094295,0.00641943721285599,-0.005988024654369792,-0.010749797999517143
2016-06-21,0.0031676023254120895,0.0028344538727774525,-0.01942288299292089,-0.004632238474021926
2016-06-22,-0.002421363066700594,-0.0016327904663090793,0.000496444028716167,0.0016461595058610092
2016-06-23,0.014165955302843019,0.012938642459474214,-0.0065557755937431204,-0.011504163495096607
2016-06-24,-0.042059727855600276,-0.036569791546570515,0.047873912303474195,0.026492849684985553
2016-06-27,-0.020048084282914415,-0.018071969619955,0.0053823171279899626,0.024660013675258968
2016-06-28,0.02167664592065378,0.017875442587676125,-0.01079376043064916,0.0020820422736492882
2016-06-29,0.017555022028178695,0.016884145546092987,0.004140765999889028,-0.007702169169115611
2016-06-30,0.011503864172772337,0.013553494941407127,0.0049939058952932335,0.0036783908279435177
2016-07-01,0.0050087754513792925,0.002098045472249931,0.015223162818061162,0.013788841202684511
2016-07-05,-0.00612544569091132,-0.007219104205076749,0.008220905136956962,0.01244265718046958
2016-07-06,0.008158825815036087,0.005979651062157805,0.005852881673551483,0.001614355665027322
2016-07-07,0.0029503574787863277,-0.0006202183491091409,-0.0037695950478742334,-6.985310006343307e-05
2016-07-08,0.01534843864224322,0.014780592989483463,0.005994014334570738,0.007338761172335613
2016-07-11,0.005695258224522894,0.0035210342249140034,-0.00946861312154938,-0.008813026153111768
2016-07-12,0.0050356241427475835,0.007236793547519912,-0.016690387468968386,-0.01657599856445713
2016-07-13,-0.002424766613284369,-0.00013944418496331792,0.009159697327218079,0.011717021913798174
2016-07-14,0.006809941206836122,0.005568081546194658,-0.007745045230236175,-0.014649932640410068
2016-07-15,-0.0016086601861905595,-0.0013428130722784246,-0.003855735167465888,-0.008633672567092238
2016-07-18,0.006597402219418781,0.002683661226004951,0.0015755839071671933,-0.0009398432081372521
2016-07-19,-0.003649984211254928,-0.001017013501525907,0.0013372522657107563,0.005625996692939139
2016-07-20,0.011615450872388746,0.004154425330103118,-0.01441038163632243,-0.005481391714418948
2016-07-21,-0.0022948600555537726,-0.0037846916581980358,0.015117654201499693,0.0020229873000194853
2016-07-22,0.004144023580445013,0.004475325579084468,-0.0074907077787214,0.0017302010316591011
2016-07-25,8.823297208808297e-05,-0.002719889025783047,-0.006989125856947095,-0.0007209494264090872
2016-07-26,0.0011430991778942296,0.00046157469442254954,0.004215211050825792,0.0015851057145311745
2016-07-27,0.006918530133888896,-0.0010613661142726328,0.01598269497210111,0.012376304818985981
2016-07-28,0.003484865039517832,0.0011537374508813615,-0.00289409340924044,-0.001849624825442289
2016-07-29,0.002171951563729168,0.0016134412908387042,0.010286811942904156,0.008299283012567148
2016-08-01,0.005279695924712794,-0.0008294072309727856,0.0018590671194806466,-0.010901363189122854
2016-08-02,-0.007625669934091858,-0.006428011887992771,0.008092864929715934,-0.010356133194075157
2016-08-03,0.0033001289641490894,0.0029187585225259717,-0.004770787598632875,0.0005779422563605682
2016-08-04,0.0028568736710101517,0.001063116550889163,0.0016954476164976306,0.0074863213052922244
2016-08-05,0.00955059444473485,0.008145501271163508,-0.018025444010511534,-0.010452114825701448
2016-08-08,-0.001113675866274552,-0.000596072908941277,-0.0008627837547004024,0.0018816822879048128
2016-08-09,0.0023120249248384365,0.0005960729089412882,0.004072023167431496,0.009788393853186559
2016-08-10,-0.0025691226767959544,-0.0024781751812011214,0.004677994512329687,0.0038601659800932718
2016-08-11,0.004278095630162699,0.004630054724514099,-0.006946906948684773,-0.008958478667347624
2016-08-12,0.0006828000573440131,-0.0008691418625312892,-0.0021170403750345335,0.008387964917187801
2016-08-15,0.004257108422544484,0.0028795293895483177,0.003447698256792746,-0.009467959458768872
2016-08-16,-0.005537984801565437,-0.005170944461031832,0.004915970173444719,-0.0026701102682760406
2016-08-17,0.0017928095863591208,0.001879097080057407,0.00023348078990268189,0.005979622345271016
2016-08-18,0.00025583363159776765,0.0022414173581927215,0.004735854578729188,0.0015787077764075502
2016-08-19,-0.0002558336315978837,-0.001463206854097919,-0.008868887925520175,-0.0052487134163159595
2016-08-22,0.0007673046259353895,-4.560729590701169e-05,-0.0014858453674488508,0.008399022713358937
2016-08-23,0.0017875368055712418,0.002011571270032858,-0.0001565049936259337,0.0010722642422592086
2016-08-24,-0.006485586148441417,-0.005128114374713038,-0.011176864142998198,-0.0023596009199826073
2016-08-25,-0.0016280076979269182,-0.0006887810825947971,-0.0008709901258544955,-0.0038013355328801106
2016-08-26,0.0014566971382487337,-0.0018851306410660215,-0.0014269885139346196,-0.005837024844373501
2016-08-29,0.0013695241312654685,0.004912046094379766,0.001981375674593548,0.013282756261666584
2016-08-30,-0.0032552507520271843,-0.0016498273809765355,-0.01010635477558835,-0.0038592069725991024
2016-08-31,-0.0010299326412641116,-0.0028480970443277164,-0.0020015218438290436,0.0014308753842888233
2016-09-01,0.0025731594208053686,4.601201486488997e-05,0.004078880664929754,0.0011024329524183093
2016-09-02,0.003249821853151419,0.004497717936212993,0.010164454828507231,-0.008189674291421416
2016-09-06,0.006213508120607191,0.0030178861974031177,0.016766351430797802,0.0072588481982218
2016-09-07,0.0005937411894124069,-9.125595578187963e-05,-0.0034244132039321193,-0.0007157616011148608
2016-09-08,-0.005868484634581319,-0.0022854104772073894,-0.005315481388614766,-0.012620969226767361
2016-09-09,-0.025486399716124063,-0.024226116070895275,-0.006605326760192751,-0.01661179208247792
2016-09-12,0.017779656938377825,0.01424522356000557,-0.0012631537514554386,0.0005164029654743328
2016-09-13,-0.008980071939239082,-0.01447948915261012,-0.006657679739988439,-0.011422633716937452
2016-09-14,0.004758800883814172,-0.0003752558677763592,0.0034136523813896856,0.001490962873031374
2016-09-15,0.01541934635574875,0.00994318333529288,-0.006440074325495675,-0.004329351835936787
2016-09-16,-0.00047723162791713924,-0.003872990107531497,-0.002475784418470438,0.008047098806850724
2016-09-19,-0.004357829060219802,0.0001872969358983316,0.002076861031546589,-0.003270621159538179
2016-09-20,0.001881992199280562,4.68808730596889e-05,0.0009571124160199947,0.0034927975182832654
2016-09-21,0.009781294240313263,0.011182670987292887,0.014483211562644741,0.00805476893772643
2016-09-22,0.007924461689641804,0.006281783569275,0.0023544435304930274,0.007917246808230595
2016-09-23,-0.006402081127399567,-0.005494491289922337,0.0006269244831308528,-0.0009487844443294107
2016-09-26,-0.008401851044765077,-0.008135089330814589,-0.0007836871273146296,0.006338387975227148
2016-09-27,0.009837438510308353,0.006188573603729994,-0.00731797170627855,0.007308362156561631
2016-09-28,0.0016863082268346104,0.004951532897629507,-0.0031640709801869947,-0.0021653848536171143
2016-09-29,-0.0072716220282127726,-0.009088552531792977,-0.001189120004834333,0.0025255324869420856
2016-09-30,0.007440082867096473,0.007517750887002391,-0.0034166360099868506,-0.008976596016534529
2016-10-03,-0.0014331309770103749,-0.002406876893061107,-0.002550206163687112,-0.0033062983097236743
2016-10-04,-0.001519347688356819,-0.005110873993941343,-0.03532787258610445,-0.011763733451319374
2016-10-05,0.0035418340137053825,0.0044157001464714875,-0.0015718922897908132,-0.004670617523074939
2016-10-06,-0.0005050329088620482,0.0006951738474698444,-0.009316280206747919,-0.005588145815421026
2016-10-07,-0.002192365491150612,-0.003435335203806062,0.0006682890904551575,0.0006719480238762837
2016-10-10,0.006310707956946287,0.0051950783917188974,0.003501510836135576,-0.005916008449859837
2016-10-11,-0.014361990689864441,-0.012710083589335248,-0.005089499061391432,-0.0022560792355488623
2016-10-12,-0.0008511955487247786,0.0013110496530919634,0.0015879882252557648,0.0009779452781035623
2016-10-13,-0.0035835100004993786,-0.0032810185950920994,0.0024189937106391113,0.0037536190879471783
2016-10-14,0.001196023232183806,0.0005163708075193329,-0.005597559798283797,-0.014110588321125606
2016-10-17,-0.002735445007594907,-0.003478370150387623,0.0026773752071126027,0.006363323659070807
2016-10-18,0.008863267262467972,0.0062430179379602884,0.006164100054633751,0.0032414195468583305
2016-10-19,-8.508280547830357e-05,0.0026638116893277506,0.005713611741873303,0.0008276677542365605
2016-10-20,-0.0011887444492950643,-0.0018688321476365223,-0.0030597728971403517,0.0010522785484398665
2016-10-21,0.003731276008029933,0.000467597521172251,0.0007451585177257722,0.0015016514740274248
2016-10-24,0.011946861476527041,0.004243729277814308,-0.002237080125500534,-0.004360574255620018
2016-10-25,-0.0031832037179777136,-0.0033562343101887875,0.007519794693909835,0.002633701058016462
2016-10-26,-0.006819102145442919,-0.0020097988349776583,-0.0056138205649168835,-0.006785974259426478
2016-10-27,-0.0045719013866992566,-0.0026699709399870767,0.0018196962666161048,-0.01095406666477594
2016-10-28,-0.006299490303140464,-0.002960270487694811,0.004699292917769531,-0.0022204703492923607
2016-10-31,-0.0009397496650489679,4.7155937667031265e-05,0.0029566431199742503,0.006114060564573777
2016-11-01,-0.0075505901683866105,-0.0072720029484520405,0.006457707460557924,7.56789737070124e-05
2016-11-02,-0.008041612946843609,-0.006036564635356007,0.0073872643657927,0.004341379708031885
2016-11-03,-0.009859207580848166,-0.004587483494789216,0.005323910740822675,-0.007705111504132414
2016-11-04,-0.0035138302208571784,-0.0011023817872139598,0.0007237632468994597,0.00892056065378027
2016-11-07,0.02347973452726101,0.021817175952107675,-0.01817197611952108,-0.008537986022099174
2016-11-08,0.006510675606853016,0.004493890883732309,-0.004183952404118774,-0.004065760697698646
2016-11-09,0.004600334508362013,0.010546240479062774,-0.0006579098268444278,-0.04335842320152396
2016-11-10,-0.016281456905593152,0.002492461817542198,-0.015001711673606965,-0.014881149642511183
2016-11-11,0.0004318638670522071,-0.002307606695685505,-0.022377978717915834,-0.005637863213114209
2016-11-14,-0.010155017252497385,0.0007850288269500453,-0.008490234677527317,-0.00599958200725079
2016-11-15,0.013775594967866617,0.0077726870659882135,0.008661050768427549,0.004933952227337873
2016-11-16,0.005919596957118986,-0.0018802324718941066,-0.002992914324639575,0.008982357342683215
2016-11-17,0.007244036779046539,0.005127689717300179,-0.00515153957584098,-0.014823530179799512
2016-11-18,-0.0037433105996454714,-0.0022399779606437713,-0.008818980245606272,-0.0028918858265795724
2016-11-21,0.010345341124169403,0.007522990462824288,0.0037273072140238833,0.0024790866607288416
2016-11-22,0.003032178711245395,0.0019511772449501003,-0.00034614845492716306,-0.0003299749355435853
2016-11-23,-0.004045248883430124,0.0005441487243342963,-0.020019033913875547,-0.003888460314640904
2016-11-25,0.00320380005274621,0.003708371163702343,-0.005667237234161627,0.001491020719083073
2016-11-28,-0.0022752560318408973,-0.004705882756502415,0.01051202138010083,0.007339439183002055
2016-11-29,0.0034528949492044917,0.0019485798469515044,-0.004668228933024833,0.004181026344206596
2016-11-30,-0.012180843881415583,-0.002402068135900355,-0.013510086082379656,-0.016332575838308914
2016-12-01,-0.01742732407433585,-0.003682424071589808,-0.0018809543242076046,-0.010614611136465085
2016-12-02,0.001989572627653298,0.000500866788479827,0.005364806083291903,0.007300875569838255
2016-12-05,0.007748770485112179,0.0059906751286954935,-0.005364806083291772,-0.0010875491951186358
2016-12-06,0.0023985307088486034,0.003162425134284885,-0.0009866853717861235,-0.0007537251961778821
2016-12-07,0.012583312551488032,0.012995955324605962,0.003583283615967707,0.008507433120045755
2016-12-08,0.0017725315820719743,0.002445789674301194,-0.0023276835438490475,-0.01186388561296204
2016-12-09,0.007812730135884209,0.0060222550858261585,-0.010542046205441346,-0.012516914301018894
2016-12-12,-0.004528954233009995,-0.00114847044622578,0.003797113021044969,0.0018709556972594634
2016-12-13,0.012530338470339325,0.00665181443680597,-0.003344358449500988,0.0035609031057248297
2016-12-14,-0.0020775617179765128,-0.008288483755846903,-0.01477585370302796,-0.0112360345744652
2016-12-15,0.0015795995738609383,0.004108912865781216,-0.013785715901107913,0.005038223835464067
2016-12-16,-0.00371391784030821,-0.001957736237834335,0.006592778565065687,-0.002302713680853701
2016-12-19,0.004088424684968537,0.0021750001134576706,0.004985177307786946,0.010699053361450687
2016-12-20,0.003823136462622196,0.003850074309201841,-0.007394390217464912,-0.004995661912855191
2016-12-21,-0.0007466305744285388,-0.002786567865305911,0.0005564603998491446,0.0044040164822651984
2016-12-22,-0.0028265753092424095,-0.001729006703970837,-0.0024136861188265224,-0.0017895010981976434
2016-12-23,0.0006659067017914436,0.0014631582521361117,0.003155199096609045,0.0020353762351463635
2016-12-27,0.005144723737544765,0.002477860817055154,0.00582012137282036,-0.0032244022093139415
2016-12-28,-0.007810812523483105,-0.008298352358118963,0.002759665575201272,0.0072823582798168035
2016-12-29,-0.001418788667885092,-0.00022297945521157698,0.01305061000633585,0.00353687548339764
2016-12-30,-0.01032802327255486,-0.003661632177262473,-0.006184651823121631,0.0015121342772178262
2017-01-03,0.008906676571297255,0.007620786001744754,0.00781538513824579,0.004271896430538888
2017-01-04,0.005422976358529887,0.005931327560190571,0.0035241475629946054,0.0038377874200362684
2017-01-05,0.005641435389873752,-0.0007945940712570217,0.015395946803090798,0.015532069290811235
2017-01-06,0.008731597351556002,0.003571291793149216,-0.007399862806678017,-0.009224375604874054
2017-01-09,0.0032752334422978127,-0.0033063310766428813,0.008198942430912352,0.007994144827132893
2017-01-10,0.002204705809412,0.0,0.004251209640407789,-0.0006570086370724667
2017-01-11,0.0026882831231235748,0.002822197504190425,0.003088451356458922,0.0033620784759425615
2017-01-12,-0.0015467906162748124,-0.0025131653724370937,0.0036058581395100996,-0.0022130351931196916
2017-01-13,0.0034160881922482515,0.0022929919700965746,0.002630155985373185,-0.004769766025187379
2017-01-17,-0.003008958809402215,-0.0035296939157731084,0.014257386660884261,0.01041459938297489
2017-01-18,0.002034152032508408,0.0022075570260454746,-0.008495159639561354,-0.012890110659886874
2017-01-19,-0.0004879246648395706,-0.0037114033800498157,-0.0008709816243124942,-0.006882887614815504
2017-01-20,0.0021929340508124915,0.003667227110526992,0.0024367465635149513,-0.0019991852654495834
2017-01-23,0.0008111200636210955,-0.0026055086441840788,0.006411370524106662,0.00995499312837195
2017-01-24,0.0067062937251871,0.006391375977609731,-0.00450104004040464,-0.006874834849702588
2017-01-25,0.010015715480944902,0.008618271623721687,-0.00827564253844338,-0.012630578542389402
2017-01-26,0.001035999874576448,-0.0010461996873306538,-0.00931545140516917,0.0033614130649992527
2017-01-27,0.0019095918573541967,-0.0015708941542701103,0.002028628943019752,0.003601314863244452
2017-01-30,-0.007820788005018085,-0.006221176330508179,0.004220558088409409,-0.003014215282938091
2017-01-31,-0.0020048551795614484,-8.765769267314233e-05,0.013768096552717091,0.006935384641958458
2017-02-01,0.006880051452648883,0.0003953641749322781,-0.003033641360264487,-0.006202320381100141
2017-02-02,-0.000877374802668953,0.0006587988705281708,0.005540175253055282,-0.00041984088948682886
2017-02-03,0.002868755354088424,0.0068690892491096245,0.002500332582847749,-0.00042009875628266804
2017-02-06,0.0011926700662387374,-0.0017892680165712514,0.013428758731216857,0.006032007208078746
2017-02-07,0.0036489248328247354,4.3830441292435535e-05,-0.002041146037959061,0.007323336321843174
2017-02-08,0.0016615530465297706,0.0013097278415014882,0.006195677380773958,0.01350708055782494
2017-02-09,0.003629697505580854,0.005915087567727859,-0.0076440113416854985,-0.011601711258619146
2017-02-10,0.003302729203887541,0.003938288108848308,0.0026395141502793757,-0.0005793920208395402
2017-02-13,0.00563640407844971,0.005427929768111356,-0.00682592596717586,-0.0031515679408436253
2017-02-14,0.0033513006436175744,0.003987221387052764,0.0011123712399388251,-0.007253231006932008
2017-02-15,0.005895539874533571,0.005206734745282241,0.0044372173593291335,-0.0046127932226000595
2017-02-16,-0.0003095519359194631,-0.0008515711492476487,0.005349691237603948,0.005448663352502081
2017-02-17,0.00432334629699902,0.0015749751847320588,-0.0033932974726115484,0.005918615006566116
2017-02-21,0.004918178806701798,0.005937387633349905,0.0005946540100771037,-0.0017471277902627676
2017-02-22,0.000382947258523675,-0.0008880850005044421,0.0013579197505681978,0.0016639927291640338
2017-02-23,-0.003761614694532342,0.0006767289522482019,0.00869753215772035,0.0029874713658176316
2017-02-24,0.0019210466917863967,0.0012680605789726854,0.006369402264058673,0.011043789519097926
2017-02-27,0.0012277322801106595,0.0015615472627198727,-0.004857175635850916,-0.005918698198986448
2017-02-28,-0.0030718188481394302,-0.002702744263308793,0.0009230175401251751,0.003703737803305779
2017-03-01,0.01086216663285401,0.013900521226293235,-0.0014268817535848305,-0.016898708273483685
2017-03-02,-0.005034114920525651,-0.006317271838502321,-0.012508578672613836,-0.0036055807850080557
2017-03-03,0.0018338130763268787,0.0006291405059496857,-0.0005955140219629334,0.0026006283116007767
2017-03-06,-0.0022161261743394657,-0.002982356846027755,-0.006745539852068352,-0.004787385180888883
2017-03-07,-0.0016842887001442316,-0.002991129613403375,-0.008086086565359004,-0.0030352867669029547
2017-03-08,0.0017607010433715587,-0.0018581120903223107,-0.006238117890961693,-0.0054189644874725945
2017-03-09,0.0007646074663444462,0.0012671206427191295,-0.005140919622256575,-0.00801321392965052
2017-03-10,0.00419501524797489,0.003498284052522136,0.0021815968976861885,0.0035032379071546138
2017-03-13,0.0016729555539957218,0.0005045423702347564,0.00017429306368713733,-0.0063317452387713505
2017-03-14,-0.002434360979930417,-0.003833978469121502,-0.005418130142925278,0.0047946643759479305
2017-03-15,0.006150636546480898,0.00861631579290562,0.018492494054676123,0.012141444202886067
2017-03-16,-0.0006815115954783814,-0.0019689340963475258,0.004120559955210867,-0.005076128081316861
2017-03-17,-0.0003490956252066532,-0.0017578367784168286,0.0022248383768926597,0.006256348086120181
2017-03-20,0.0009105113253790794,-0.0010972447453411211,0.004435011725417898,0.004289942040396188
2017-03-21,-0.015289583916877184,-0.012922761822468829,0.008727009558066982,0.00827419599189575
2017-03-22,0.006756197782952408,0.002350248339328314,0.0024434516279076965,0.003987665777420166
2017-03-23,-0.0025283520674190883,-0.0010675896061725276,-0.001347399463717088,-0.001410736652276101
2017-03-24,0.002069329477960725,-0.0007267501698373026,0.0015998188263156232,0.0035642513909451374
2017-03-27,0.001606276032874541,-0.0010266667363850288,0.005621040603803889,0.004539039304125196
2017-03-28,0.006095572016775789,0.007250587797860799,-0.0041077969016607725,-0.0066925540427943365
2017-03-29,0.0046233518743611385,0.0009344234702990425,0.0024332009503229184,0.005951322292658871
2017-03-30,0.0016619953861979843,0.0031790994339963904,-0.007233005455458062,-0.008109404217311277
2017-03-31,-0.0006794789831908295,-0.0023303063550649027,0.002108015430704589,0.0029039771383723868
2017-04-03,-0.0006047697817773156,-0.0017408353346602254,0.005292550298656713,0.010035798821382818
2017-04-04,0.001586504840652819,0.0006370631597357459,0.0022597345773738855,-0.005439195684972847
2017-04-05,-0.00408374392249305,-0.0029768869901093493,0.0,0.0030533956147848216
2017-04-06,0.0005299882479897876,0.0028071620666892433,-0.003685116697841802,-0.0014837562117661245
2017-04-07,-0.0005299882479897056,-0.0010199220257582477,0.002346621760815808,-0.004051793334640663
2017-04-10,0.0003786091918503568,0.0005950375562003,0.0,0.004628748131664691
2017-04-11,-0.004327039918990618,-0.0011904293929146967,0.014378002485395934,0.009438344183070352
2017-04-12,-0.004039793464231134,-0.004391576480051461,0.006825356086692966,0.005458200745038287
2017-04-13,-0.003979975086100396,-0.006516196346239452,0.0047420728437496,0.0030820923684384592
2017-04-17,0.008248243511715025,0.008821068041366984,-0.0029407031136137306,-0.003082092368438535
2017-04-18,-0.001522079910131778,-0.002988527162554084,0.004733558474010278,0.012994601320687435
2017-04-19,0.0015980831576469783,-0.001840584968647601,-0.008914361418128501,-0.00546770962826003
2017-04-20,0.008331202908379059,0.008106246309040359,0.001887609614885789,-0.003877744622753571
2017-04-21,-0.000226805930992892,-0.003191878784740069,0.002865670925194773,0.0
2017-04-24,0.011998117662845881,0.010937813266316666,-0.006809117727285548,-0.0049501063275445905
2017-04-25,0.00720412711332991,0.005801813661377053,-0.010176758825308857,-0.012112286838463073
2017-04-26,-0.0014070561084259861,-0.0006290086161014653,0.004894417227160271,0.005501278827161296
2017-04-27,0.005984767337528967,0.0008386880394746565,-0.003730858335881937,-0.0003274659608694257
2017-04-28,0.001766398853652874,-0.0021819654986578053,0.003151414614046289,0.002209225270090846
2017-05-01,0.008858097030175517,0.002516965292278471,-0.009149943206636764,-0.00834792752716732
2017-05-02,0.0016749169121687039,0.00037709791392805445,-0.00016711217732273407,0.0051073307846078
2017-05-03,-0.0032067351653906687,-0.001215358183628077,-0.014055680078894413,0.0006574005116573776
2017-05-04,0.00036503266078591757,0.001173294442691192,-0.010137688898777003,-0.004939319981611015
2017-05-05,0.003641958478662616,0.0039294160849528085,0.0018819613581217375,0.0009074126784643728
2017-05-08,0.002178872315115416,-0.00016673659081138114,-0.0022245229386793674,-0.005456708417751773
2017-05-09,0.003476257433055832,-0.0009184254274142487,-0.006013737531638919,-8.249500718040151e-05
2017-05-10,0.0005779305607554286,0.0017940660906550286,-8.619187440805963e-05,-0.001161327582430222
2017-05-11,-0.0007950476038872315,-0.002044672280857869,0.003956305862795571,0.0
2017-05-12,0.0022394061158455907,-0.0016726809155851615,0.0028286293961141936,0.007524593289846102
2017-05-15,0.0031693107784893947,0.00550849763195057,0.00264989304932151,-0.0027220662564508068
2017-05-16,0.004163123963098159,-0.0009159783264965551,0.004344332691827055,0.0037103628671363745
2017-05-17,-0.02575469964839633,-0.017903206104931325,0.018026089242991115,0.014461372786503439
2017-05-18,0.008707191025394056,0.004020355521946042,-0.008214659464641129,0.0011349660503816835
2017-05-19,0.004216527375645286,0.0064829590342908635,0.0049536558166890015,0.0023472175106485655
2017-05-22,0.008380671040378838,0.005064557170046002,0.004178861021674379,-0.002752464915199304
2017-05-23,0.0010064763691679133,0.002210263816750127,-0.006358807682167539,-0.006750452976199498
2017-05-24,0.004588839437911807,0.0023301843762882973,0.003937188086656905,0.005615183123697317
2017-05-25,0.008477183759930439,0.0047681267109676104,-0.0010874337201151904,0.0003249078084103763
2017-05-26,0.0017721569322711663,-0.00020679372840880252,0.008832634206008617,0.0017015178606810582
2017-05-30,0.0008491504170803279,-0.0008692617677982644,-0.0033239313084347183,0.004928590505212145
2017-05-31,-0.000353696437515285,-0.00024839582654617606,0.003987406451696997,0.002494553700398027
2017-06-01,0.003885165288841595,0.007920666253292116,0.0008286937780719529,0.00010486725524145888
2017-06-02,0.011356899046833954,0.00332306773673105,0.007345383440385594,0.011770992409778835
2017-06-05,-0.00020944988818922104,-0.0007377926199852755,0.0009862969865506888,-0.006228706177412824
2017-06-06,-0.003982019885492462,-0.0032017757773694366,0.011191515796581182,0.005432631414383235
2017-06-07,0.003912118340662411,0.0018486501712918102,-0.005294262319270497,-0.004792267913221216
2017-06-08,0.0010455325961691248,0.0004923488953441518,-0.006554676702975053,-0.002645005716565429
2017-06-09,-0.025322815724237193,-0.0015186033953488171,-0.009166426122606205,-0.0015260593682147087
2017-06-12,-0.005372992665352232,-0.00020589501066337182,-0.0014943988172197275,-0.0003212753506283283
2017-06-13,0.008083667486786468,0.0048780894168552885,0.0009965350816834196,0.00016045717796756823
2017-06-14,-0.004355516904733325,-0.0012682811080875413,-0.005493177805750778,0.015318910412058266
2017-06-15,-0.004446162403397282,-0.0019263656086072481,-0.00418165701990386,-0.0015852694671101906
2017-06-16,-0.0043482302277075575,0.00021860940249587886,0.00016757431865917162,0.0019805852469192936
2017-06-19,0.0165831500061349,0.008290588758769884,-0.00765446009733337,-0.0014255465401569673
2017-06-20,-0.007862698322860535,-0.006767105158564037,-0.0021131828104241023,0.008916832045137766
2017-06-21,0.009854186498812815,-0.0002468724692657814,0.002872805881766109,0.0020401575699424915
2017-06-22,-0.0002846649499032872,-0.0004529132333531869,0.0033692883509404193,0.0021924189634366267
2017-06-23,0.003830447529508157,0.00119341949518814,0.004279445503073095,-0.00046946950959225584
2017-06-26,-0.00468355234365954,0.0006581574185944243,-0.00899959554685728,0.003749374220477109
2017-06-27,-0.018305610072026843,-0.008088950068103678,0.003794725232620457,-0.010739052330095226
2017-06-28,0.014313996723789815,0.008910877262041487,0.000757258608664271,-0.003315072031672231
2017-06-29,-0.0175073400076468,-0.008828123442881957,-0.004890000706728738,-0.008416830426550125
2017-06-30,0.00036362556530162877,0.0018628531423079526,-0.002538742638049931,-0.0023149228004160707
2017-07-03,-0.010590672300464633,0.001693986653176715,-0.01648835238074312,-0.0032250938963376613
2017-07-05,0.009790943577194969,0.002309781201421635,0.0036971824767883434,0.00024145256126063803
2017-07-06,-0.00905682622915347,-0.00918683203822744,-0.0004291636859008885,-0.008308377522870109
2017-07-07,0.010727874371274343,0.006464251372925608,-0.010269798493159019,-0.006011889106778816
2017-07-10,0.006511738508424514,0.00107345599851858,0.0016468254331296226,0.0014656201008936846
2017-07-11,0.0028089318891363416,-0.000743044627607086,0.0012982088742114774,0.0017073226381738795
2017-07-12,0.01179644278832158,0.007486784034938929,0.0035397924292921755,0.006880698160019717
2017-07-13,0.0022006058168557055,0.0016788706038830935,-0.0018115086761426493,-0.006311873989203979
2017-07-14,0.0078411796667088,0.004653309001226801,0.008168900176639902,0.0012165636433090759
2017-07-17,0.0004921141028063868,-0.00012211130893538994,0.004443348999716993,0.002753065794827504
2017-07-18,0.006659152830748368,0.0005291122264951945,0.006966890452323186,0.00869465894747379
2017-07-19,0.0058515215203490244,0.005399441761301757,-0.0002540224323477312,0.00040117125921671935
2017-07-20,0.0013185452247166268,0.000445234397676564,0.00135406277392805,0.002880423694305596
2017-07-21,-0.00041630681417280054,-0.0008905260592570282,0.008589562474350264,0.004225651905302545
2017-07-24,0.00456920215743216,-0.00024314312012589816,0.0004191258176561492,-0.003906397592293431
2017-07-25,-0.0025588609091370456,0.002427860078862809,-0.0032741446924645485,-0.013104648081621473
2017-07-26,0.003249707531031636,4.025375347431344e-05,0.008040236804836134,0.0016173928148353997
2017-07-27,-0.006301406653501453,-0.0009298388483548373,-0.0007510021513585564,-0.004940582182643928
2017-07-28,-0.0008340023280075764,-0.0011738998117728982,0.00748507747253413,0.005909717195066766
2017-07-31,-0.0042497182271898,-0.0005671454494908158,0.0004969976741389874,0.0012099833572770105
2017-08-01,0.002300966127232614,0.002226454799081917,-0.0008284878144892227,0.006996188875447629
2017-08-02,0.002713187437641645,0.0004851036602982379,-0.002074259170059369,0.0005620854393335696
2017-08-03,-0.0038976474801620396,-0.0019417576885944043,0.0015767861990997622,0.010290592074522563
2017-08-04,0.0018117520483065478,0.0018205038335074198,-0.007825504639997654,-0.008528305027402835
2017-08-07,0.006314626239230355,0.0018573779137380445,-0.0011707593535363761,0.0011200982362623245
2017-08-08,-0.0017308272709204964,-0.002464149507355243,0.0029243323685439523,-0.0036047621536366126
2017-08-09,-0.001317488919736805,-4.0351855509505435e-05,0.012024832535234332,0.005441739949008641
2017-08-10,-0.021673780900041992,-0.014215690228764165,0.007391636301004261,0.008503685109407784
2017-08-11,0.007558777884734877,0.0014758338147500703,0.004734717669981235,0.00047467091158608115
2017-08-14,0.012795663984786699,0.009864419065853685,-0.007110509708619983,-0.0051547402759786025
2017-08-15,0.0006943171836587797,-0.00012197905415105866,-0.007739806493235807,-0.004222548726965694
2017-08-16,0.001734413316337657,0.0017429506128856741,0.007329654945785988,0.0036657795767487517
2017-08-17,-0.020658338240176176,-0.015713775393244256,0.005074451187161252,0.00744991821292736
2017-08-18,-0.0007077003800770156,-0.0015643036369911044,-0.0015523089133794997,-0.00023712207456573836
2017-08-21,-0.0012752385030491383,0.0007825293838859091,0.003754179507042542,0.002445239378938349
2017-08-22,0.015127763346007394,0.010402707218346576,-0.004490378194735464,-0.0038677898031798546
2017-08-23,-0.003567573052824944,-0.003591965262631807,0.003756939159508119,0.006778716721193919
2017-08-24,-0.0029481016285847245,-0.002333319280344929,-0.003102527430184758,-0.003699153312845778
2017-08-25,-0.0021105528630174153,0.0023333192803448905,0.0036729988686282277,0.003856296190739753
2017-08-28,0.003094181675839637,4.100927529291172e-05,0.015762397031869272,-0.0006283432222267563
2017-08-29,0.003924530063623872,0.0011442351027921135,-0.002167752218151974,0.003216816210037631
2017-08-30,0.01168246218713715,0.004726342216928872,-0.0004823342716563527,-0.00031334762797222626
2017-08-31,0.010658130420745229,0.0059980040225713505,0.011671721617894353,0.0029733696349504373
2017-09-01,-0.001368705301657005,0.0014132812237879033,0.0019056530015576626,-0.007678690820371519
2017-09-05,-0.009013312724095545,-0.007208171677433882,0.011044617985341777,0.015733529914151625
2017-09-06,0.0030368821900700342,0.0034079169894101567,-0.005112698708954078,-0.0061540759765593865
2017-09-07,0.002339610205978666,-0.00012158963653755463,0.010355527635419215,0.0101845502503084
2017-09-08,-0.00869913290490578,-0.0011751877827669756,-0.0012495406412696415,-0.0021682194909287958
2017-09-11,0.011445510252249099,0.01060961009398821,-0.014007143976598416,-0.012009976698292766
2017-09-12,0.00239613641214517,0.0033649126882280616,0.0029277577169540335,-0.0052701531803253515
2017-09-13,0.0013668676847507966,0.00047966947307692654,-0.007534611170577271,-0.00395138845975766
2017-09-14,-0.0058906556438664305,-0.00031973087467470696,0.004369098124020519,0.004109065410327043
2017-09-15,0.0034286820368947127,0.0013454094487547127,-0.005006207576558888,0.0003941213252632484
2017-09-18,-0.0013110909027028539,0.0021244608760858535,-0.009364174007229185,-0.0057710297479099375
2017-09-19,0.0017159916644983759,0.0010008287907920183,0.002088539057238403,-0.002460568820556969
2017-09-20,-0.0030910189925445765,0.00035974011642323146,-0.008056762706663206,0.000715386813600421
2017-09-21,-0.006142009097758826,-0.002683042892441411,-0.007633024715442955,-0.000556798301178319
2017-09-22,-0.0009694402005708848,0.00020027470977003787,0.0045543146609353605,0.002857044104701432
2017-09-25,-0.010588062563218434,-0.002046384746735497,0.01041298453601274,0.006240572452488819
2017-09-26,0.0025874700244511183,0.0006024395434302388,-0.011224726404076811,-0.0018133062694908068
2017-09-27,0.00897003273933818,0.0038867332540875785,-0.009464790137827282,-0.01518236493254299
2017-09-28,-0.0003460332161795473,0.0011991244422396247,0.0018837445698112896,-0.0029680181766526966
2017-09-29,0.007175737000185145,0.0035087731055810506,-0.0051683715774128456,0.0022470148821336373
2017-10-02,0.0008934956108739444,0.0043295154469076185,-0.006684614889873803,-0.001832925707274994
2017-10-03,0.00212701997402522,0.0021376722310803586,0.0004967317019956395,0.0009650559577740924
2017-10-04,0.0009591229193030779,0.0011857381790224158,0.0028098889387879367,8.046239880998462e-05
2017-10-05,0.00974526917032701,0.005907624479558054,-0.005378816723625571,-0.003785053249831883
2017-10-06,0.001355365062511473,-0.0011394471136733425,0.0047183541150492775,-0.0028273554089477586
2017-10-09,-0.001152526843407769,-0.0016523178264762838,0.008142542011554031,0.003150129461101248
2017-10-10,0.0007459684515547547,0.0026345878244873424,0.002617800009600174,0.0016120788329347059
2017-10-11,0.002976365030039721,0.0015698452655306396,0.0031812040839063376,0.0019301961218662592
2017-10-12,-0.0018252415879852451,-0.0014913216616624016,0.0008140547013934963,0.0042510345665228025
2017-10-13,0.003849809965913281,0.001216871722608344,0.007539254296557061,0.0071772620960404866
2017-10-16,0.003431900694754536,0.0013326090238171531,-0.006888462515220647,-0.0007158754051498592
2017-10-17,0.0012758889116968439,0.0007047726314559185,-0.006854404417199568,0.001271732309470386
2017-10-18,-0.001208434556865732,0.0009782459200522522,-0.0037735819439878113,-0.006613102665407313
2017-10-19,-0.0037017902832071916,0.00027342045156130253,0.005900215657301968,0.001757103480474964
2017-10-20,0.002693608700051128,0.005147275854134427,-0.006393454395473306,-0.01067042933675295
2017-10-23,-0.006544090668815413,-0.0038969035868940804,0.0015611723194451613,0.0017728211863400247
2017-10-24,0.0016909024618005863,0.0017557055886498686,-0.0038662591759729935,-0.006218827883872295
2017-10-25,-0.0037918053009892085,-0.004962516858959678,0.0001647984431062872,-0.004791525881068766
2017-10-26,-0.003192884205773007,0.0012917943430971837,-0.008440935931398883,-0.0033429955105410396
2017-10-27,0.028707578224029,0.008143063148977047,0.0047257865747334146,0.006594020033012591
2017-10-30,0.0022455019310248484,-0.0037320497107571535,0.0019005561122998722,0.009528783010930653
2017-10-31,0.0037535439789188794,0.0015564947473095895,-0.0038047944426046506,0.00032198914264570564
2017-11-01,-0.0003283294502400931,0.0013212832285498964,0.0036396966611634005,0.004442573768779031
2017-11-02,-0.0019087502722238395,0.000388518101000369,0.0006603535530684753,0.004399290378079538
2017-11-03,0.009571148965411,0.0033330951242470145,-0.0047144513322975885,0.0027099569800207368
2017-11-06,0.0033870922109064993,0.0015463984314262628,0.008502950979344039,0.0037336833918545334
2017-11-07,0.0005851350145773828,-0.0006957005985343845,-0.0036235108435323914,0.004193685457620947
2017-11-08,0.004021190422058124,0.0016994951516876489,0.003459056119704665,-0.002213137113648998
2017-11-09,-0.005256609701168941,-0.0036343313921495886,0.004102401645100611,-0.0028534877552747516
2017-11-10,-6.533439643649646e-05,-0.00030983557013852933,-0.008221702339946372,-0.015194137706487804
2017-11-13,0.0012353953705775498,0.000929554215442098,0.0014849063034307734,0.0020927662361379393
2017-11-14,-0.003645802640160628,-0.002325406843152805,0.002058715307154061,0.006732099441159379
2017-11-15,-0.004707543642699721,-0.005017967571946743,-0.001234670245587114,0.010804168379105911
2017-11-16,0.012698050079416866,0.008465230356858032,-8.238652462762423e-05,-0.00872969431653635
2017-11-17,-0.0038244654579579884,-0.0029429241108086535,0.011954609509226865,0.0073853325386214475
2017-11-20,-0.0007799360166110594,0.001704761824984823,-0.012696268046166224,-0.00039583782288671543
2017-11-21,0.010797702186456204,0.006521402292993866,0.001647348843739489,0.003161647810377122
2017-11-22,0.0012208413220592565,-0.0008850627497158009,0.009175087875408043,0.0032291968202685416
2017-11-24,0.003654636410929349,0.002307388424322976,-0.0025311102507151856,-0.002756279975938179
2017-11-27,-0.00044805106265573665,-0.0004994947578690184,0.004160741332319787,-0.0014205500554655436
2017-11-28,0.002557782854737898,0.010093548280338923,-0.00016287471547679085,0.0013416960430395978
2017-11-29,-0.017587844525952006,-0.0006086167620238008,-0.006289558392421287,-0.009907712115767343
2017-11-30,0.008349502037248411,0.008716815064975392,-0.007732229391441411,-0.0033513445166137037
2017-12-01,-0.004263314666744439,-0.0020776293148092903,0.0040380612309282235,0.013404518665901546
2017-12-04,-0.011588315379522453,-0.0012105413618858645,-0.003377653154607993,0.0004740878786452067
2017-12-05,0.00065424529937466,-0.0036033775661693055,-0.007122188370048705,0.00496354101158652
2017-12-06,0.004505609628655686,0.0001901695012361027,-0.002079954164184071,0.003452197026008447
2017-12-07,0.0033815016994286095,0.0031480385569543435,-0.013246352701112026,-0.007863031954802969
2017-12-08,0.004405388528530763,0.0054382191964065804,-8.43525069872456e-05,7.876163313389056e-05
2017-12-11,0.007727032429071716,0.0030084230911117562,-0.003974813553107367,-0.002054255838307151
2017-12-12,-0.0013481732531021723,0.0017633370508961666,0.0011856318079057743,-0.0003955826208437072
2017-12-13,0.0019255974290844293,-0.0001124274082058591,0.008596013189973703,0.007488843549211182
2017-12-14,-0.0007057286022017125,-0.004094502426867773,-0.002015942432484809,0.0042317968457046135
2017-12-15,0.011291015113352726,0.008292880754675757,0.00209987057429634,0.0037474856693327533
2017-12-18,0.008348812102054287,0.006321553276042743,0.004604277886820867,-0.009158178467448475
2017-12-19,-0.005942671728267375,-0.003847982515140795,0.0007513783425439744,-0.013058451315378737
2017-12-20,-0.0010786931459249446,-0.0005243716268537658,0.0026671102328525206,-0.011134430033163495
2017-12-21,0.0001270014580372897,0.0020574437826987833,0.0014140004111240193,0.005810901693692356
2017-12-22,-0.0011432880854847375,-0.00026139538571754535,0.005222850279184247,0.0013631823973078066
2017-12-26,-0.005415787450975488,-0.0011969640945260378,0.006839416919106556,0.002961726392836139
2017-12-27,0.0001278209212172042,0.00048659262225555366,0.003770551302149118,0.012940816548314773
2017-12-28,0.0012128698536611221,0.0020552135681377107,0.0050595432932777126,-0.0008678621886933634
2017-12-29,-0.006207970399473226,-0.003777798948055844,0.006490919761210391,0.0015777859790987545
2018-01-02,0.017374871010122514,0.00713233346557849,0.012058023762451863,-0.010858172723933987
2018-01-03,0.009670144782390401,0.006305017623760578,-0.0026403330092135157,0.0047699419871462395
2018-01-04,0.0017478229602601461,0.004205548693279887,0.005114278310262769,-0.00015817070758855926
2018-01-05,0.009992861878308166,0.0066420582780041095,-0.001036702137934486,-0.0028599585348101325
2018-01-08,0.003883391631085564,0.001827113262919858,-0.0001596255390370604,-0.0006364825271410148
2018-01-09,6.144288238988138e-05,0.0022609512625326724,-0.004639219643041588,-0.013462794690607901
2018-01-10,-0.002339962875312844,-0.0015310899780027621,0.002402270692406848,-0.001211339058073399
2018-01-11,0.0068206339458463505,0.007269588174394222,0.003273877321212141,0.004111618861522879
2018-01-12,0.007321839537939429,0.006497762000673669,0.012044492942167013,0.0016878582773570687
2018-01-16,-0.002861057458807944,-0.003423953387234041,0.001652690627169873,0.00416714450242844
2018-01-17,0.010733654937141398,0.009486328764017896,-0.008132363237354055,-0.0013608437508731569
2018-01-18,0.00018071552355811043,-0.00168194637944485,-0.002222213448585594,-0.009332412433408557
2018-01-19,0.00313069978790149,0.00453900209031986,0.0044394996120163946,-0.005268326829918143
2018-01-22,0.010644440564577447,0.00809794792845235,0.0018177059354296304,0.0009746131548302356
2018-01-23,0.008233798241199275,0.002120546366678784,0.004961985943158681,0.004293713675087781
2018-01-24,-0.006510416335782013,-0.0003883573073539803,0.012104345577545294,-0.00543077767406032
2018-01-25,-0.0003563806696296745,0.0004235886603654777,-0.006697849027902464,0.008174935644228875
2018-01-26,0.015209323281083608,0.011511438847498104,0.0007811756386790387,-0.0037152839048382046
2018-01-29,-0.004867821506196832,-0.0066522954267039785,-0.005637857183470335,-0.006982411106573961
2018-01-30,-0.00826432339789461,-0.010309664892056779,-0.004328123373076199,-0.005884000900397783
2018-01-31,0.0041405094723781476,0.0004965979716460918,0.00668108957049156,0.005884000900397884
2018-02-01,-0.00853673733875313,-0.001135889683196204,0.0032848909860550284,-0.014599405041824155
2018-02-02,-0.020146858643122045,-0.022010199759164975,-0.013204686797240324,-0.009322256206317414
2018-02-05,-0.040225084131433136,-0.04272260928201582,0.0025286437555192493,0.009405514813400372
2018-02-06,0.0261535458677314,0.019510544981608532,-0.01055189964568088,-0.006231999563143899
2018-02-07,-0.013022445009597605,-0.005439395819261215,-0.004716772083453344,-0.009548849413310731
2018-02-08,-0.04311020445482764,-0.03823046982299375,0.001521419504394612,-0.00109511418980498
2018-02-09,0.01712178055514023,0.014909865694902893,-0.0016817358427458674,-0.006338720787358464
2018-02-12,0.01758936733225625,0.014577528970536557,0.0047973715177869495,0.00439919005672009
2018-02-13,0.005148575214130456,0.002484399656384864,0.005647253596785453,0.004464622626531384
2018-02-14,0.018550020073648442,0.013405756148894277,0.0169088525197643,-0.011155887732587095
2018-02-15,0.018394280801379875,0.01267953369266417,0.0011691607653979673,0.0033935078933184115
2018-02-16,-0.004475806151587819,0.0002929728115863991,-0.0032769459911664296,0.005405820600723884
2018-02-20,0.0019980030512661852,-0.006280846861457996,-0.013532867750937797,-0.004389745557031125
2018-02-21,-0.0028471906966007965,-0.004986566865830573,-0.004604964057785746,-0.012344415519474934
2018-02-22,-0.0001213992482727438,0.0012950993197049722,0.005080177401414419,0.0029937852071748824
2018-02-23,0.020242846696617744,0.015813817542677366,-0.0012676571223934087,0.00884264173468264
2018-02-26,0.013173168521271752,0.011545273931555975,0.0024545525850455277,0.0003388745752396551
2018-02-27,-0.01246043967658753,-0.012565045424260854,-0.010493774054732095,-0.0014401486055863827
2018-02-28,-0.006437722789742702,-0.010181963816671157,-0.0010394376248337527,0.006336227359589417
2018-03-01,-0.016461564355363466,-0.014647368593162536,-0.0022425027652310265,0.006802534729831157
2018-03-02,0.009138827501438698,0.005141835724298361,0.005357640797750738,-0.008162308310452613
2018-03-05,0.011023990717142761,0.011491669368002964,-0.0016761714003699012,-0.0027076636521242534
2018-03-06,0.004221287001650397,0.0025314963200950276,0.010726720619181963,0.0009321211395799155
2018-03-07,0.0023114589715604473,-0.0003662696238367616,-0.006422202914569186,-0.0011014437415509002
2018-03-08,0.005489820467125852,0.00482736128379345,-0.002389131123572836,0.005745798765681561
2018-03-09,0.0192418543066939,0.01725250679166002,0.000956349666608725,-0.006593482852864916
2018-03-12,0.005298790530654594,-0.0012556154093204166,0.0,0.0057506574690506206
2018-03-13,-0.013707923003153277,-0.006483780488601011,0.001909899228192024,0.005046646737021649
2018-03-14,-0.00017470315238656692,-0.0051447768912567535,-0.0006362480921955626,0.008770807932940017
2018-03-15,-0.0008744419440036158,-0.0010904212019818226,-0.0063846619697597,0.0
2018-03-16,-0.0029770512450638014,0.0010835334471512436,-0.002404835241203122,-0.0035825375810652244
2018-03-19,-0.021567217299506367,-0.013622658065579905,0.0021646240154515875,-0.0031765473838620117
2018-03-20,0.003286018540585644,0.0016996848196517056,-0.0044947919586221805,-0.004027262941141796
2018-03-21,-0.004363816696206786,-0.0019209196786230624,0.017305793278474,0.0010924268978157218
2018-03-22,-0.0249921938956217,-0.025315092610219924,-0.0039610286020946425,0.009860574743017998
2018-03-23,-0.02670496005353078,-0.021545118925891064,0.01285555168848731,-0.0007489032037393231
2018-03-26,0.03648511082240202,0.026991281698642802,0.005236622780197456,-0.0038353891506713394
2018-03-27,-0.032895444662174665,-0.017157947901116508,-0.006177451915059315,0.010635579015482547
2018-03-28,-0.011570386897885164,-0.00295913565997985,-0.013901136089334824,0.0026414307372591523
2018-03-29,0.01814909663623455,0.012696520080935749,0.0004770798243684067,0.004852195459608777
2018-04-02,-0.02927611075342417,-0.021820732264874087,0.01161839746199109,0.0019706000010537503
2018-04-03,0.011190730783773195,0.01273551764219833,-0.0075722010717776825,-0.007742158641371004
2018-04-04,0.015646879889074136,0.010642259822133954,0.0011868954626521053,-0.0020693202510141955
2018-04-05,0.0056805114341906444,0.007860760073341124,-0.005153580456720969,-0.007484785583105312
2018-04-06,-0.025341405292254243,-0.02253758586446876,0.004678991304775993,0.01087618350581884
2018-04-09,0.0069980286860358175,0.004916116942329196,0.0033963960355940744,0.0016501040598947828
2018-04-10,0.021823257754326784,0.015775049068880925,0.002362787969159084,-0.0018151709234392938
2018-04-11,-0.005785642769690768,-0.005255765807325406,0.007757730797944395,0.0035450796260848155
2018-04-12,0.011969699081623977,0.00819345056338046,-0.011698777825105413,-0.007351969798012476
2018-04-13,-0.005192081485193616,-0.002937684756054909,0.00653361006986455,0.0023186579471012156
2018-04-16,0.007593395691199231,0.008188440416517132,0.0014113245973425364,0.00033122141667176234
2018-04-17,0.021296867230255707,0.010641251638959973,0.000939797609092718,0.002724940659412608
2018-04-18,0.002044859365348942,0.0007402849221628315,0.0007824607184664891,-0.00803079987480012
2018-04-19,-0.009234976724417705,-0.005563114868991841,-0.001957330849889553,-0.008179846752937859
2018-04-20,-0.015953471006378013,-0.008515664732395309,-0.007630932179694891,-0.007233291693058886
2018-04-23,-0.0025292383258808814,-0.0001497383204894998,-0.008007927882251619,0.0002527074490438484
2018-04-24,-0.02141487986795831,-0.013558722372797498,0.004844167468111617,-0.00456708264827781
2018-04-25,0.0011982640913689787,0.0024687403398167347,-0.006517267321502421,-0.006720199332838212
2018-04-26,0.02083396293397645,0.010114040727221222,-0.0035146807713917604,0.006974238902864433
2018-04-27,0.0006168673692867013,0.0009383260922561188,0.0042320403061771,0.007683521525069552
2018-04-30,-0.00711989237480957,-0.007720248084862655,-0.00727744165435215,0.0017649442521465088
2018-05-01,0.011367956433030988,0.0017755940158253928,-0.007088207443339079,-0.0036079705477157593
2018-05-02,-0.005914925870007252,-0.006740337441974081,-0.00048510316641562344,-0.001098624033781798
2018-05-03,-0.00012374698147221523,-0.002206331715923246,0.005082068394914099,0.004470931508960597
2018-05-04,0.018796038133797235,0.012863483737454185,0.0020898820929316714,0.0015138281041956326
2018-05-07,0.008275525694521073,0.0033776230918326727,0.00024084765259023235,-0.0015981200206862426
2018-05-08,-0.0010230406946187631,0.0,0.0001605124693187213,-0.0009264919617268412
2018-05-09,0.010840066237106942,0.009619478476054088,-0.002088981225264128,-0.006000013073426569
2018-05-10,0.010311156629432956,0.009306810340522772,0.006813368242228766,0.008020164856670328
2018-05-11,-0.0009437042393936747,0.0030468552994401374,-0.0014389666321499815,0.0025192079831959802
2018-05-14,0.001710021213240704,0.00047611028866644667,-0.0040883630684626394,-0.005297979973226386
2018-05-15,-0.011137159471321916,-0.006910431510440518,-0.016277595476396185,-0.011448107874203995
2018-05-16,0.006590480532725173,0.0041961850406982285,-0.0015524980696371136,-0.003845131942346077
2018-05-17,-0.0038539444120673197,-0.0008454544552882817,0.0005722435830601718,-0.0050642308408845055
2018-05-18,-0.005181846565008306,-0.002502945919529899,0.00040857173330558584,0.00856838706399919
2018-05-21,0.005597765130189053,0.007490561227926043,0.0005716827532715196,0.0005116204479862075
2018-05-22,-0.0013075649236606245,-0.0027838018200185793,-0.0005716827532715781,-0.0015360488136114813
2018-05-23,0.008407991134307912,0.002747373526284413,0.0010614187645907496,0.007233412971264285
2018-05-24,-0.0002949648946986264,-0.0020506018074872047,0.00853209120176816,0.007938319362599193
2018-05-25,0.0010025258667786226,-0.0023858454623098217,-0.0030793967645780895,0.006205750192347331
2018-05-29,-0.004429068909222011,-0.011567746679294236,-0.00016231041385129715,0.021666383945702784
2018-05-30,0.007135438676411848,0.013256820422806882,0.001460093554237964,-0.0067310015141282915
2018-05-31,-0.000646259356053943,-0.006145100709252207,-0.0021909715513725716,-0.001648798344930556
2018-06-01,0.015577284067140786,0.009770089696737637,-0.004967644235411557,-0.005297258482599226
2018-06-04,0.00899022436684455,0.004740250170314626,-0.0009801121170807511,-0.0072585375753979105
2018-06-05,0.003093370496484803,0.000726856517553245,0.003914822104047846,0.0023416005357558274
2018-06-06,0.005816840520306724,0.008326109709198337,0.0005696358194504353,-0.008135991785453378
2018-06-07,-0.008164921654926934,-0.00010832005082203317,-0.0004882216623280107,0.009638488822730593
2018-06-08,5.744127079680416e-05,0.0029518224247774773,0.0012201695433653895,-0.0030068625446647494
2018-06-11,0.002691166870670134,0.0013293257130844742,0.0017868849442266759,-0.0018424028856395707
2018-06-12,0.0052457361716522575,0.0012914894732607512,-0.003332688774722517,0.0002511901769310164
2018-06-13,-5.671361041552111e-05,-0.0031961931381665276,0.003008032375587246,-0.000502758063898814
2018-06-14,0.010073307076859725,0.0025145300213212005,0.0015411027282310494,0.008265385997708492
2018-06-15,-0.0034972280974126906,-0.0012762728308400434,-0.016672509186741995,0.0009143897806934797
2018-06-18,-0.0005781859863942894,-0.002059052225252559,-0.0018972637609840908,-0.0009143897806936322
2018-06-19,-0.002836508488595714,-0.003839785619496535,-0.0025629178089953803,0.005804104027893464
2018-06-20,0.007076828847658826,0.0017041458076172361,-0.0044802273887545,-0.008801530221749147
2018-06-21,-0.008725918219790633,-0.006288441478006487,-0.0017477352868705306,0.00524012028545458
2018-06-22,-0.0022218517694842397,0.001821347072608652,0.0024126912728642744,-8.273384701267486e-05
2018-06-25,-0.0227883393890373,-0.013706177453197372,-0.003746388732216758,0.0022374723008109078
2018-06-26,0.004076395307087293,0.0022115171665896246,-0.0052686490212925504,0.001406671482496416
2018-06-27,-0.013692535867490484,-0.008318560819850686,-0.005718147886604777,0.009379515936523485
2018-06-28,0.008565307995830397,0.005701154021404832,-0.003040547998821346,0.0002451237497355432
2018-06-29,0.0026835903028685918,0.0014387958692732127,0.0036306900201949913,-0.003444380129616747
2018-07-02,0.006677266298317033,0.0021354895100017283,-0.010080153442110952,-0.0007825952459257102
2018-07-03,-0.01164162748327159,-0.003537436873007679,0.010080153442110855,0.005342293791939098
2018-07-05,0.012335624942345125,0.008124786189179469,0.0033656028250155126,0.0028646124357483917
2018-07-06,0.015436799053313703,0.008422857793532659,-0.0015972634935638506,0.0032639349665368237
2018-07-09,0.0089570527241995,0.008964187792635601,0.002436881277559937,-0.006456895548190157
2018-07-10,0.0007336476400930332,0.0035914752073020135,-0.0018481290459546572,-8.189281233210789e-05
2018-07-11,-0.005089018414871906,-0.0073413382183098895,-0.010905978807671088,0.00384693010151572
2018-07-12,0.01708509042285322,0.00902521703415394,0.0041565812124297165,-8.204384135394329e-05
2018-07-13,0.0008356223288195076,0.0007874166161921664,-0.004411618657356192,0.002529403713205499
2018-07-16,-0.002397357101071421,-0.0008946143768895332,-0.0005102701051305093,-0.004164342975721192
2018-07-17,0.006065006119217373,0.004037181060452792,-0.010862735754725461,-0.0018836747988556673
2018-07-18,-0.0018877984958245162,0.002101045103708046,0.00025795416772476286,-0.004025540499565551
2018-07-19,-0.005014568413088939,-0.0037784968834681516,-0.004308123245285948,0.006318124219504846
2018-07-20,-0.0002234146816330415,-0.0011434157820033358,0.006455244826308788,-0.012344855771829847
2018-07-23,0.0031794911896266937,0.0018575093035525958,-0.004815949835095058,-0.012415025776719647
2018-07-24,0.004112666398012328,0.005019753080414633,0.00034477603659500224,0.0034316902322785317
2018-07-25,0.01387977931482017,0.00848615173292701,0.00550018047205447,-0.0015889919046817495
2018-07-26,-0.015267092500347548,-0.0023620242772862095,-0.00782971239395345,-0.0019264381858130654
2018-07-27,-0.01358834599557624,-0.0067991123636285365,0.0005181795313150905,0.0016753467495673174
2018-07-30,-0.014231938364670519,-0.005237556363169156,-0.001555212880989931,-0.003438178765563094
2018-07-31,0.007622956965878272,0.004917603626212004,0.0029355602050311473,0.005445303548014879
2018-08-01,0.0037899330741549566,-0.001671954747613239,-0.007355188129705078,-0.008180337086789058
2018-08-02,0.013515157609441738,0.0054326215860990125,-0.0053993230298752665,0.0014343080277334098
2018-08-03,0.003058815949635481,0.004275828274430966,0.003486767260953241,0.004960855104634364
2018-08-06,0.005868588681497936,0.0036604856674694974,-0.005147198608389075,0.000587348299929019
2018-08-07,0.003637520226287879,0.0032965824275731207,0.002271488910587502,-0.005211314207853795
2018-08-08,0.001209191478865857,-0.0004201312238509024,0.002788736658924094,0.0010106947362563594
2018-08-09,-0.0006044129714400539,-0.0013669166000410417,-0.0014805645831976347,0.008383043817727089
2018-08-10,-0.007670464804774052,-0.006723059691683982,-0.00043582289228197795,0.007236894413221141
2018-08-13,-0.001108786708707352,-0.003750119112143861,-0.015199092023381782,-0.0020741015975052385
2018-08-14,0.0062470354816479825,0.006360339464179208,0.000973327608104041,-0.002245142719974735
2018-08-15,-0.012310355033582835,-0.0074954810098133125,-0.016766621575930757,0.005809267376620487
2018-08-16,0.003286540425020094,0.008059155047807078,-0.0008097887609237462,-8.26993692905097e-05
2018-08-17,0.00022238360444876845,0.003514328348038187,0.009228205066865915,0.0012407765532103886
2018-08-20,-0.0008898312986600404,0.002137375984731177,0.0049818196508907165,0.006673167378399576
2018-08-21,0.0036660825373154384,0.0023428405689610377,0.0029240568705197916,-0.003372218940077419
2018-08-22,0.003873777691717444,-0.0005941849053554953,0.0022095550764809732,0.0039469466013434895
2018-08-23,-0.0014372271836737554,-0.0013285940862848033,-0.009491353686729823,0.0015578529687601628
2018-08-24,0.009249028115428149,0.005999987350616885,0.017318039357996126,0.0019643959005553463
2018-08-27,0.010141214730025251,0.007864371322541195,0.0037595032326643405,-0.005740647565579243
2018-08-28,0.0014639810613142424,0.00048332215210849714,-0.007973022006627225,-0.006022040757173851
2018-08-29,0.01147163049243364,0.005366158976811726,0.0045637840256251986,0.0013233538169317486
2018-08-30,-0.0017686084536863756,-0.004056537527530179,-0.004915718883921124,0.0021459036365156802
2018-08-31,0.0012863604489085209,3.438479363459318e-05,-0.0011445940280617694,-0.0023111402913209116
2018-09-04,-0.004295122259641783,-0.0017236385890611351,-0.005122797149079999,-0.005798455386483835
2018-09-05,-0.012997438725746836,-0.0026950591824978143,0.003447511831347845,-0.0026697729317989483
2018-09-06,-0.008980071636033949,-0.003014534617239785,0.0019395335367870974,0.0036689479216303177
2018-09-07,-0.003857590005199634,-0.0019453313802703558,-0.0027340278330774677,-0.008525645304021527
2018-09-10,0.0033623501547003962,0.0017368720476235611,-0.000706792407982718,0.0036863097580032687
2018-09-11,0.007674257852726459,0.003292064508564919,0.0006184538252070439,-0.007639325198400957
2018-09-12,-0.0029530227146837185,0.00024230058670966073,0.008355710260063364,0.0023570124666619043
2018-09-13,0.010623539109922975,0.005897352480378589,-0.0035975648169408914,0.0015119921827583956
2018-09-14,-0.0029304250627590965,0.0001717163440626026,-0.006526220333750846,-0.004796389264405719
2018-09-17,-0.01450794262835906,-0.005308373519848961,0.005206771454576303,0.0
2018-09-18,0.008237966515169412,0.005411201156553349,-0.0014974516487718237,-0.010514855273056782
2018-09-19,-0.0007660398941150572,0.0010650247408155247,0.0038711539862427546,-0.005985247873408885
2018-09-20,0.010995905851041139,0.008071444582704108,0.0034188014897895418,0.004620221092002998
2018-09-21,-0.005482795718705865,-0.0009141420688102897,-0.0068493312914384265,-0.00042651063754743553
2018-09-24,0.002776938720625365,-0.00332740936600501,-0.00017621292914007548,-0.0025657630938625917
2018-09-25,0.0013587000468696995,-0.0009284465146614129,0.0015850681638403528,-0.0010276083007889705
2018-09-26,0.0007059996477172159,-0.0029965339528062332,-0.005293338005935142,0.007002832246181108
2018-09-27,0.008430165573445307,0.0027901604282867826,-0.008884998236125718,0.0006807530563125757
2018-09-28,-0.00021545340714368126,0.00010325061508844825,0.0063164577082286105,-0.0026398975942182466
2018-10-01,0.002043091421387506,0.003468264390316842,-0.0016864375351172442,-0.007368679883675196
2018-10-02,-0.002258419321696698,-0.0005829675851468606,0.011482223287117932,0.006094527115203752
2018-10-03,0.0010762620158262545,0.000548671055952356,-0.003959744500981412,-0.017523998570404604
2018-10-04,-0.019385126846181752,-0.00784624453077714,0.0005289130805079614,-0.007078559013736269
2018-10-05,-0.01230296699479537,-0.005612681536251976,0.0028159089867124108,-0.008632484198303021
2018-10-08,-0.006124564185827541,0.0,-0.011133826368821452,-0.0033671226405629657
2018-10-09,0.0032338897578486907,-0.001460708883849196,0.0005329800140063239,0.010068280372969333
2018-10-10,-0.044975853351975355,-0.032175169768696214,0.0024835810584159217,-0.0027280963298586844
2018-10-11,-0.012480531596582954,-0.022272655438672073,0.025366544894876334,0.0120862433588897
2018-10-12,0.027449857179277427,0.013792541083218274,-0.0047616679491750925,-0.003488085436905735
2018-10-15,-0.01217803681995644,-0.00563248241029985,0.006660030947980057,-0.0004372330577872235
2018-10-16,0.02867725871775057,0.0216300000339774,-0.0017255996137757622,0.002270683987283033
2018-10-17,0.00039485820009312994,0.0001784533944814161,-8.637796161615032e-05,-0.005947925950694433
2018-10-18,-0.023455357607993475,-0.014546283500907312,0.001122068685606197,-0.00035034868617268595
2018-10-19,-0.0009239860727371946,-0.0005428725331206831,0.0007761304849288288,-0.0021962462261908076
2018-10-22,0.00513034171483391,-0.004498950666765086,-0.0025893597255193914,-0.0013201486227219013
2018-10-23,-0.003686804092989612,-0.0051035032789845235,0.005859562733875961,0.003165107233402763
2018-10-24,-0.046847015067378144,-0.03076715968213027,0.0023171370069294235,0.007520640152634092
2018-10-25,0.0340106110677,0.017781389626673312,-0.002231204310531111,-0.004190860680826148
2018-10-26,-0.026058663271270537,-0.01774387296422039,0.0031736109331066205,0.006018636520031454
2018-10-29,-0.020795276238671338,-0.0055559033555731855,-0.003947139978932357,-0.0022638277277004506
2018-10-30,0.016345385587721552,0.014709904581979244,-0.004394427867848015,-0.0049800143168523695
2018-10-31,0.023233062194733162,0.01062452804746799,-0.005628951974666804,-0.005093587923341137
2018-11-01,0.013103934973574064,0.010585250373838683,0.01277086763550321,0.0009264551368566691
2018-11-02,-0.01569808836328021,-0.00594030460996441,0.0001715043948444399,-0.012511290938454572
2018-11-05,-0.002482754297465963,0.005501739088011076,-0.0024032178261358607,0.003921087798778287
2018-11-06,0.007547104728467878,0.0063081056465439786,-0.002839826579174042,-0.0006223204302713665
2018-11-07,0.030885549090560908,0.02118303378393885,-8.61993040877103e-05,0.0013339412777259672
2018-11-08,-0.006398976309067714,-0.0018167396637963687,-0.002156939731312277,-8.927527401921299e-05
2018-11-09,-0.01699609355399386,-0.009816231693550052,-0.011291663536045476,0.007438010332187196
2018-11-12,-0.03072593848555738,-0.01886204327784416,-0.007188596482678694,0.006507358090070661
2018-11-13,0.0008413290231225154,-0.0018729221833985077,0.00035180582721631255,-0.0006134802885799558
2018-11-14,-0.007658074289262063,-0.006860163639391064,0.008233404279793029,0.0006134802885800464
2018-11-15,0.0173427219543236,0.010382591181567046,0.0011333182475063862,-0.00043860331002146133
2018-11-16,-0.003516351060503426,0.002597260333640104,0.0073788789662288,0.005771397947062435
2018-11-19,-0.03301666054692525,-0.017059302875923523,0.0004323180677422659,0.0027854852935785407
2018-11-20,-0.018056564181248184,-0.01867963355452971,0.0,0.00034837631072561176
2018-11-21,0.007573411990990422,0.003401638690364844,0.001641277459165227,-0.00034837631072573037
2018-11-23,-0.007259425978142835,-0.006701056584273337,-0.0007771357154266267,0.0010429123051765548
2018-11-26,0.022851278035579032,0.016015593404725657,-0.0011235233509469095,-0.0022606428424653668
2018-11-27,0.0033702867860116318,0.003358855611849135,-0.005984687209490868,0.0011311215244297012
2018-11-28,0.03167638293316172,0.022764265943332036,0.00373378036345705,-0.00488091672248718
2018-11-29,-0.0032655045296792673,-0.002187743699864332,0.003115272664463216,0.003923928239773779
2018-11-30,0.007228788105315568,0.006077118556116003,-0.001729479411524255,0.0037354591776499373
2018-12-03,0.017325835340160526,0.013154317897963884,0.007501675441848404,0.007075384884129662
2018-12-04,-0.039111810174962236,-0.032939156321824294,0.006080599945141696,0.01660261857342748
2018-12-06,0.007035721047456697,-0.0015179773814409988,0.00017072178718187972,0.003135791302298865
2018-12-07,-0.033573258865793286,-0.023510263506279164,0.008077219150826301,0.0018598545848537101
2018-12-10,0.010417686789340951,0.0018954349942973989,-0.003477935715567025,0.004129401392977537
2018-12-11,0.0033061601205883404,0.00022704604242052018,-0.0011903699128753065,-0.00016866318278770183
2018-12-12,0.008763035640918411,0.005022974780651038,0.00212467676965701,-0.004467891323218178
2018-12-13,0.00030268599954318934,-0.00033939459229265787,-0.0022097759847801487,-0.002368449331290649
2018-12-14,-0.024650184379743142,-0.018637417015490453,-0.004007006751401848,0.003466149128867493
2018-12-17,-0.022920331388557272,-0.019813299075879764,0.0068957425332182515,0.005807087591881802
2018-12-18,0.006268770482694098,-0.0010970582906813615,0.0023726710074086807,0.005970947642811726
2018-12-19,-0.02486155161892298,-0.01508921360229227,-0.0061126025718981495,0.013124203771074393
2018-12-20,-0.014601460349686256,-0.01641162223068537,0.015295836918707156,-0.00363785324366602
2018-12-21,-0.0314840442519003,-0.020702623383121205,-0.004370461193212718,-0.00016547021948487708
2018-12-24,-0.025110750273075005,-0.02677815077414699,0.01089057789030817,0.004957865637772894
2018-12-26,0.06056736361856556,0.04928987628965066,-0.003003949025405859,-0.010773409520274767
2018-12-27,0.0038622836833455405,0.007648031833406689,0.0075760760319352385,0.00016712738256471178
2018-12-28,-0.0005229301879379301,-0.0012909191125259065,0.004055775698519239,0.008378306802263615
2018-12-31,0.008397831574338894,0.008720831056436534,0.0015682595209626012,0.003792822656782122
2019-01-02,0.004011424841667813,0.0010398358848827379,0.000659591337713554,0.0052530849759253335
2019-01-03,-0.03321662685731851,-0.024152147539212042,0.00902531942317299,0.0113155297015294
2019-01-04,0.04189492153515729,0.03294696505768534,-0.008119106827353268,-0.011642600875834892
2019-01-07,0.01183516269915982,0.007853724107398078,0.0034525160778516237,-0.002952634794381984
2019-01-08,0.0090050478412314,0.009351344334192354,-0.0027117139907279018,-0.002632063684084315
2019-01-09,0.008116376862574732,0.00466285395674932,0.006397649700215412,-0.001565879209524126
2019-01-10,0.0028559750192108263,0.003521351560909005,-0.005904086348646452,-0.006454286255634342
2019-01-11,-0.003664932170820139,0.0003862511117950314,0.0017256811414607263,0.003894271536718465
2019-01-14,-0.00887600360721088,-0.006119780394723926,0.002378067354322114,-0.0037278311963454274
2019-01-15,0.019338606048388985,0.011395516983302474,-0.0017215161032263467,-0.003658719657414052
2019-01-16,-0.00018505757702015656,0.0024170182279650253,0.0031947551186356582,0.0009988745717249118
2019-01-17,0.007853245046225695,0.007558311763617323,-0.0013094038577051105,0.0002494284073323266
2019-01-18,0.009852080831050285,0.013221944169952636,-0.008966489387798326,-0.005255430246689283
2019-01-22,-0.020233852928387377,-0.013602476834046421,0.0035468368649853345,0.00675199938919211
2019-01-23,0.0012959961101478303,0.002090305070304061,-0.0014007184915951448,-0.00041522902302580867
2019-01-24,0.006454612845422342,0.0005311694941728374,-0.0015678713054947328,0.006544325529333038
2019-01-25,0.011877742449768794,0.00842587504878716,0.014511460180241248,-0.004800724521384
2019-01-28,-0.012429446301959251,-0.007629104282832611,0.0034938106026215594,-0.0009955768462431582
2019-01-29,-0.009486346397793194,-0.0013279402601273835,0.005580978043920208,0.005052678327652854
2019-01-30,0.02511966622990964,0.015706466131363648,0.005710387238117351,-0.0007437947341336059
2019-01-31,0.014857820211670566,0.008744124641821026,0.00048105804332541224,0.008563297159604591
2019-02-01,-0.004231171601398753,0.00048194924964772124,-0.002006018726865743,-0.006058183287375027
2019-02-04,0.012345113592381045,0.007010433770762961,-0.0043467903708823,-0.004474141758659332
2019-02-05,0.00880890937149745,0.004183298659693493,0.0025781491687657575,0.004557139098756485
2019-02-06,-0.002985925748477873,-0.0013193381496338873,-0.006781846869660092,0.0004952519175771157
2019-02-07,-0.013520470470515385,-0.009578334989389557,0.0024273450059934865,0.006588294106286773
2019-02-08,0.0019593364421467132,0.0012207020160391203,0.003791101346321012,0.0042592017393465525
2019-02-11,-0.0009496394153933544,0.0005544405296669961,-0.004923141507008373,-0.0039306818319484816
2019-02-12,0.014678097926356215,0.012777696518533381,0.0021013677593768472,-0.002547076058960388
2019-02-13,0.0007020317899719174,0.0032413920602691196,-0.003963908091330168,-0.0037910622811087496
2019-02-14,0.0012273012144282801,-0.0022205497715576555,0.005577307519395154,0.005681595593049105
2019-02-15,0.004196173646353812,0.010838129263657183,0.005947180522781207,0.001558925578476902
2019-02-19,0.0019756072576048275,0.0017289115329321774,0.015109582852092095,0.0025380903251864748
2019-02-20,-0.00017451482750178697,0.0020134345410664483,-0.0017378437981698566,-0.0028662383314146593
2019-02-21,-0.0036642561474156737,-0.003561954063009435,-0.011370537714508392,-0.008979065358123366
2019-02-22,0.007373158922793918,0.006180954452412519,0.0035920768439101198,0.005940569471679356
2019-02-25,0.0036372037263767104,0.0013601014596313348,-0.0010363715360959395,-0.0029662154036214764
2019-02-26,0.0010369591632105205,-0.0007153094532865319,0.0016736332310033522,0.0049380342036427095
2019-02-27,-0.0006335490995811088,-0.00043003730307929287,-0.00711234367844341,-0.01139354623560922
2019-02-28,-0.002307145894654645,-0.0018640971220311982,-0.005629776625606553,-0.003410508682840322
2019-03-01,0.006905164830957531,0.0062243421647846,-0.017163968380321165,-0.009285861303996645
2019-03-04,0.00017182568299394793,-0.0036442647425994853,-0.0026289836177433583,0.007806603642814803
2019-03-05,0.0007453924816279364,-0.0013606253352709925,0.0013153870929190252,0.0020886486768656384
2019-03-06,-0.005687976138399847,-0.006075463780489953,-0.0009041270457165541,0.0036648449830305138
2019-03-07,-0.012348339695926894,-0.008400921948047306,-0.0008226265106168819,0.006463698952613368
2019-03-08,-0.001518131840850616,-0.002001924268902324,0.010886084259377201,0.0042041855058272725
2019-03-11,0.02058483507425942,0.01439741144652239,-0.004896357818091546,-0.0029657174511417477
2019-03-12,0.005479352723953962,0.0037636416696056317,0.006035459879402026,0.00698815644930303
2019-03-13,0.00748492606658727,0.006597457362107822,0.006968612448215201,-0.0018863660158219856
2019-03-14,-0.0016961166748967658,-0.0006397399876122683,-0.011614284265949192,-0.007249408742225342
2019-03-15,0.009238023014829882,0.004928214006239082,0.00456433710702197,0.006592449724800055
2019-03-18,0.0023784455942983825,0.003618992767148217,0.0005690800870331783,-0.0005749006891506856
2019-03-19,0.003356940026917685,0.00024837556899452213,0.0027594883221057557,-0.002221224178642433
2019-03-20,0.003957311825089664,-0.003014795304707401,0.006463126873942885,0.010406102038866915
2019-03-21,0.015511345714421034,0.011231311973382658,-0.004034541087699915,0.0021985540255239173
2019-03-22,-0.02220917044582472,-0.019433713935956793,0.0023420233902432335,0.015415171034618418
2019-03-25,-0.0019059818495210236,-0.0007523944991981882,0.007633907060241407,0.0016007693700088015
2019-03-26,0.004646494755834993,0.0074265192396740475,-0.0049754946888428755,-0.0007198562892231584
2019-03-27,-0.006443626818280722,-0.005242880629998519,-0.005243016760484571,0.009159747699472427
2019-03-28,0.002301957876167348,0.0037835467061175044,-0.014253957303041619,0.003482603397473969
2019-03-29,0.007542760127407716,0.006285422130726051,0.0009019770912032663,-0.000948711077196939
2019-04-01,0.013160311309238663,0.011789331761857058,-0.003941890257643701,-0.01430552667944799
2019-04-02,0.0037831962199200994,0.0004896665840787009,0.003695988550420936,0.0018478650348033045
2019-04-03,0.005729651306796668,0.0015723567004779283,-0.0014767440573913667,-0.008705944854634698
2019-04-04,-0.00038077829570555305,0.0026499505883488,0.0025419025120261784,0.0028293174221416294
2019-04-05,0.005157578618254985,0.0048286785669477165,-0.001065158454634802,0.0012915120093582528
2019-04-08,0.0025421909230404554,0.0007618492335321589,0.004335552354601057,-0.0035539541494021844
2019-04-09,-0.0035172662159867044,-0.005137865959402097,0.005210460213684454,0.0031503647349473193
2019-04-10,0.005352000531722423,0.0034052740514052397,0.0030808947099307334,0.002416661615049215
2019-04-11,-0.0023750740558923654,-0.00027742804052202635,-0.012872932029622242,-0.005890544580517359
2019-04-12,0.00431422274142496,0.0067428873566984454,-0.0009844542413608548,-0.0071485708146304325
2019-04-15,0.00016146887448856805,-0.000655204445012609,-0.0018896884121835308,0.0025238765488611826
2019-04-16,0.003437592263223077,0.0006552044450125091,-0.009004202217837268,-0.00628096294878315
2019-04-17,0.0034788967455635276,-0.002449981378527068,-0.0019104067944000637,0.0004092085330937694
2019-04-18,0.0012817522258009215,0.0019672713466042623,0.0007480072379889946,0.005221178215819152
2019-04-22,0.0028242009879573507,0.0008616778893640443,0.0,-0.004812287031949449
2019-04-23,0.012638179522834019,0.008951431555574936,-0.0020790892290242957,0.0021230643277974854
2019-04-24,-0.003157755949786883,-0.0022220000179591594,0.002909503431152912,0.008125708729520101
2019-04-25,0.0040508243860586214,-0.0006159592439427778,0.0008297251865102907,-0.0014575996931800695
2019-04-26,0.0008917713669658917,0.004646178070062129,0.006613259149985578,0.003398013813999038
2019-04-29,0.0019388498567363926,0.0015664464589648223,-0.004459139554905491,-0.006401008120352588
2019-04-30,-0.007777889102767086,0.0005103000676217026,0.003057434262503009,0.005108014940862127
2019-05-01,-0.0032232667334442487,-0.007545179004581915,-0.0066225029075604345,0.004116727127989149
2019-05-02,-0.004349992570883925,-0.0021608592351338015,-0.003827907452540267,-0.004773128547205944
2019-05-03,0.01582240396913485,0.009740293389834736,0.005902166622599615,0.0028341207150864565
2019-05-06,-0.0061411189351781425,-0.004124195795375724,0.0013252386046357174,0.0027459608884498497
2019-05-07,-0.01967191272880257,-0.01684038412301593,0.0033055276063594123,0.007631736201279507
2019-05-08,-0.0025270201645255694,-0.001390232760354354,-0.002478073455137969,-0.004330895284212097
2019-05-09,-0.005397268765745966,-0.00303043156935514,0.002395550981643927,0.004090549434095671
2019-05-10,0.0012437828587487608,0.0050109431094151665,0.0018959191232165698,-0.0013612668802809305
2019-05-13,-0.035319163165122035,-0.02545128468777308,0.010159840539079522,0.007824736953410247
2019-05-14,0.01091597151807155,0.009002638025136636,-0.0017133695443152437,-0.0029470454907526444
2019-05-15,0.014025191380650762,0.005840616416101385,-0.0005717761663673002,0.006123673548061051
2019-05-16,0.009999733500469718,0.009219086776686144,-0.007216080906090217,-0.0033358338601902136
2019-05-17,-0.010272790341356718,-0.0064867433983644305,-0.007102776783024275,0.002224762000160372
2019-05-20,-0.017025676368658038,-0.006633722912821284,-8.290551782707826e-05,-0.0020655561972785846
2019-05-21,0.010393202398154716,0.008974943619946931,-0.0023236423674714048,-0.0015919603589526626
2019-05-22,-0.004465004550993866,-0.003075790920226452,-0.0009975291545631813,0.0057194674417273715
2019-05-23,-0.01542012929909444,-0.012294117710648768,0.007704775453647589,0.011184961886000799
2019-05-24,-0.0005049956952576075,0.002265814820892047,0.0010723379767872785,0.0008606323932574257
2019-05-28,-0.0037676785852006046,-0.009343753186151592,-0.0038822269155751525,0.00717451908195027
2019-05-29,-0.008260048728061914,-0.006733624341011499,0.0003309964016131658,0.0030253097196427554
2019-05-30,0.0041951106324848025,0.0027276376016980796,0.006761236816409685,0.008562008065210147
2019-05-31,-0.01608167800850275,-0.013566835580594686,0.013386857013473643,0.012441707688314997
2019-06-03,-0.022263652378567818,-0.002546362310958983,0.014329650783140814,0.0066666537639553484
2019-06-04,0.027767168672477242,0.02147451062914972,0.00031967486235552026,-0.011467268074744717
2019-06-05,0.007405270106375101,0.008624810191388485,0.002553665830468566,-0.005667426359074454
2019-06-06,0.007913521917872913,0.006481467474916805,0.0032623544765036684,0.0032207241026467517
2019-06-07,0.019128088691270702,0.009957529309123641,0.005624438342681366,0.008614213060726681
2019-06-10,0.011587301421314844,0.004577904380215011,-0.010003215486538885,-0.00945691390578266
2019-06-11,0.0013641535233008411,-0.0002420283949826642,-0.0011975692988471266,0.0006130327794397466
2019-06-12,-0.005796645063748144,-0.0017667386231570072,0.005179100221238763,0.0007651688054985568
2019-06-13,0.005905662334687557,0.0041177389971875575,0.0061006935016299476,0.003438052551609466
2019-06-14,-0.004261723240560724,-0.0011052262281974585,-0.0003160129284807664,0.002513089614041626
2019-06-17,0.006004731197502532,0.00037968098288758493,-0.0006322652864021801,0.0017479292091419944
2019-06-18,0.01442690456879564,0.01041687123545211,0.005047324392238259,0.004999554513657195
2019-06-19,0.003748272879133047,0.0022546175077203124,0.006038970838080658,0.0014344771911522461
2019-06-20,0.009256272457228551,0.009508936633435548,0.024866155493817887,0.0026375319922989126
2019-06-21,-0.0014840509389752185,-0.0014545324527501238,0.00661369341666817,-0.011047675849092201
2019-06-24,3.202888668717183e-05,-0.0012254490334794666,0.014741593126273352,0.007428809197481876
2019-06-25,-0.017315072740809265,-0.009856303378985073,0.0019392450876947497,0.0030917927105698993
2019-06-26,0.004639581933828824,-0.0009977688871717933,-0.009207653748305768,-0.006420354424447484
2019-06-27,0.003814129101754636,0.003539825073935783,-0.0009781791081800058,0.00702233872222344
2019-06-28,0.0012860982844459857,0.005132426607229679,0.0027063662544696662,-0.000677489917272897
2019-07-01,0.013404430401986066,0.009037703856906562,-0.019559428102497136,-0.0023412317388272308
2019-07-02,0.003954849512937575,0.0026007434156590918,0.02113481354805423,0.007683704209813273
2019-07-03,0.007497821004386806,0.007963516050445214,0.0016477026920105947,0.007103432992614263
2019-07-05,-0.0020390574033216616,-0.0011386956902419388,-0.011212861349998495,-0.013351729548821507
2019-07-08,-0.007038743405465198,-0.005509814047723265,-0.006453396174434407,0.001358566095500935
2019-07-09,0.004994937490366719,0.0012453778222451571,0.0034976216131429347,-0.00037730515469134115
2019-07-10,0.009916138336695395,0.004766928795652273,0.015664164068756106,-0.0055219695656861505
2019-07-11,-0.0007274145587052421,0.0023414831689617848,-0.008479433149487648,-0.013439951576599883
2019-07-12,0.005752437852789166,0.0044667964948012775,0.006235244213343071,0.0011520860848516297
2019-07-15,0.0031981674425031045,0.0003327689298330335,0.0,0.005743040554004005
2019-07-16,-0.005163698856781685,-0.0032308073971887034,-0.008498565150237166,-0.0029820830636076204
2019-07-17,-0.004930797268611574,-0.006828331728031998,0.01633123396202252,0.01073993758157091
2019-07-18,0.001143890830100919,0.003654361444339506,0.01401922107283276,7.5825938211329e-05
2019-07-19,-0.007354540575570387,-0.005570429010622525,-0.01483691752503857,-0.002351758963476558
2019-07-22,0.00792620161246713,0.0024534216204496976,-0.0001487748968767623,0.0018970625017879841
2019-07-23,0.006523059940875743,0.00712449078182495,-0.005668654760058427,-0.005471989590065103
2019-07-24,0.006993706436285019,0.004688774267805403,0.005073447292028362,0.004334308503291749
2019-07-25,-0.00952541196090912,-0.004788665303975223,-0.007095118991376651,-0.004791986419497495
2019-07-26,0.010242247853414885,0.006677838619492161,0.00164757936404381,0.0023606959436112372
2019-07-29,-0.0034366098054246803,-0.0018228963116446307,0.006637600502192369,0.00030460733030356014
2019-07-30,-0.004325654551846657,-0.0024576317712034913,0.0033393742390960437,0.0024302051756141907
2019-07-31,-0.013926302900201777,-0.01100091437622857,-0.013199706898717264,0.008008747420174328
2019-08-01,-0.004983907037091459,-0.008745801873348181,0.0237382025873749,0.01966547064894471
2019-08-02,-0.014834561225926022,-0.00755789742950639,-0.003819352910475418,0.009198859506690141
2019-08-05,-0.03597432665901982,-0.03053460053153003,0.013885007839557597,0.01714014388571287
2019-08-06,0.013901717857323248,0.013925386927447537,0.008095529492025941,0.007961697233318047
2019-08-07,0.005387387076777147,0.0005905981421576371,0.01507548681526026,0.00035692375768232144
2019-08-08,0.021530909938741235,0.019430073619309058,0.005022054446004403,0.0021400382855656618
2019-08-09,-0.009446464356986605,-0.006834824114469948,-0.003321683939870917,-0.001996797780387852
2019-08-12,-0.011541725183147559,-0.01224806330695522,0.009651773675578623,0.020635395090293957
2019-08-13,0.021678217244410453,0.015431858482991419,-0.005977346952418699,-0.0034337190245994644
2019-08-14,-0.030340535721640815,-0.030013493761968362,0.00681829671908825,0.02227947335836677
2019-08-15,-0.0011493083991299083,0.0026384964223601787,0.006632923311853109,0.011058560932308024
2019-08-16,0.015922437316835143,0.014647015835846676,-0.00642279632319684,-0.008042399787901382
2019-08-19,0.015779692006955663,0.011975440841226257,-0.011765243129746363,-0.0144062130362632
2019-08-20,-0.0077785194058642634,-0.007691565940118179,0.007765153200510364,0.010291336190225027
2019-08-21,0.008839438121929909,0.008102581789619388,-0.0031694374885161206,-0.006687679614754374
2019-08-22,-0.0032392765803039747,-0.0003081600530649049,-0.002542737809443374,-0.0066630171909943
2019-08-23,-0.03215677810179604,-0.026023083730819973,0.0194004358255685,0.016301237508522373
2019-08-26,0.014990717669125934,0.01099778767579373,0.00013874512727632068,-0.004050840387727735
2019-08-27,-0.002112257388356239,-0.003931088700646679,0.009525229640210546,0.01529196142369116
2019-08-28,0.0035723361033797173,0.0070164147328984575,-0.002820513317677276,0.0012866881612850268
2019-08-29,0.015173941961238273,0.012692204166612734,-0.007190355573252848,-0.003796581659166983
2019-08-30,-0.0023972650969487654,-0.00044407409077314175,-0.0025705723222454796,0.0002710761405719118
2019-09-03,-0.009755600194394995,-0.005864308310767856,0.013817145553141903,0.0012915442265222959
2019-09-04,0.014332296965396344,0.011286142865636692,0.006224182405113975,0.0014943379207146164
2019-09-05,0.01815341445322746,0.012773548619462725,-0.02429383958928248,-0.01827710417525375
2019-09-06,-0.0009911679316971411,0.0007717403678785289,-0.008559662387184017,0.007090192045822473
2019-09-09,-0.0020902135148380516,0.0005034085881982646,-0.0037414803722944866,-0.017925332788792523
2019-09-10,-0.002880748881432579,-0.00023463760431015438,-0.008594766463448816,-0.017682602125054795
2019-09-11,0.009345540497118278,0.007085406313504371,0.0060453662250154515,-0.0017785702726086118
2019-09-12,0.0041490484268929045,0.0034585456069022307,0.0020542492696135994,-0.006572878776406356
2019-09-13,-0.003577499524974799,-0.0006647889656809198,-0.008313640257218174,-0.021590327424522767
2019-09-16,-0.004476564904234125,-0.003093128370405042,0.008313640257218249,0.012663322729091289
2019-09-17,0.004788113848123826,0.0025284954252765986,0.001979350045407386,0.005408962389679816
2019-09-18,-0.00041550254146984,0.000598144522574436,-0.006305141849164153,0.004234607453901799
2019-09-19,0.0016608108355221347,-6.657891909026781e-05,0.004042645700960864,0.0030034214510122875
2019-09-20,-0.010635090591788758,-0.004735896484055759,0.011751169204553406,0.013124393223574917
2019-09-23,0.0004411813476866505,-0.00023450331500034327,0.005580782257567522,-0.00021167540005404445
2019-09-24,-0.013370107275538605,-0.007878110291807404,0.00527299162043293,0.011982154336648865
2019-09-25,0.011163000940639742,0.0058976323877601555,-0.018719501081169466,-0.014734681747098417
2019-09-26,-0.003689565348415264,-0.002085518194183859,-0.0002821278180384957,0.006411583313917699
2019-09-27,-0.012486654405742608,-0.00540142419987155,-0.005161727926224835,0.002455113261859066
2019-09-30,0.009472209540727073,0.0046266931379433445,-0.015647105922203676,0.002449163909097214
2019-10-01,-0.00818971273767757,-0.01196606495544175,0.005457893373498284,0.0030060761375473883
2019-10-02,-0.01734401345597006,-0.01782244636314754,0.011606023170116823,0.0024398957005361648
2019-10-03,0.010915613325447753,0.008159091520530846,0.004520416059329575,0.0090807671871042
2019-10-04,0.01461811286819962,0.013441578143070352,0.0,0.00735654674422461
2019-10-07,-0.0030237273841747935,-0.004323885967447491,-0.00856363541098911,-0.008323033247013174
2019-10-08,-0.015094016244239903,-0.015646778090371325,0.00870459991703739,0.002690173621580458
2019-10-09,0.009714353346411077,0.009451783306596248,0.0009156241246349503,-0.005664454551924904
2019-10-10,0.007714606478875238,0.006740657450769126,-0.008767683192965708,-0.015006712438198292
2019-10-11,0.012796777536259404,0.010313781820318595,-0.005554769940672898,-0.01245379803785264
2019-10-14,-0.0001046035198340131,-0.0011145786413640356,0.003991150393420187,0.007236391674516234
2019-10-15,0.01263623681683329,0.009851574628297433,-0.0069950016712766044,-0.012161931935718889
2019-10-16,-0.002483398516572128,-0.0016067259784829768,0.005713914835703777,0.001216314239826081
2019-10-17,0.002638615885396577,0.0029442153821711216,0.0014233647353723328,-0.002433200442969558
2019-10-18,-0.009656447214045202,-0.0043867680873955865,-0.001067306413452129,0.0
2019-10-21,0.008829215674744647,0.006756225933118212,-0.004781550075213642,-0.007551318955712629
2019-10-22,-0.007995146037785025,-0.0032719665094528808,0.0029287043785159624,0.005830561535843368
2019-10-23,0.0019266917966660549,0.0029052833216174937,0.002351027592914482,0.0010037450100323583
2019-10-24,0.009681653847917466,0.0016325753705581484,0.007090719694468963,-0.0020091497795480216
2019-10-25,0.007954203898759326,0.00408663259939621,0.0023289599557340403,-0.0048971426110620995
2019-10-28,0.009816628631079257,0.0056210067650650395,-0.008637230479381003,-0.009138018102366169
2019-10-29,-0.007774142065492575,-0.00029708909029003576,-0.002776885194246242,0.0006556759264104474
2019-10-30,0.00483422103583247,0.0030626007302791613,0.005475210184932403,0.01452826905714076
2019-10-31,0.0004565774012939312,-0.002666611559517968,0.009948844935468628,0.013400246656798205
2019-11-01,0.00904172433435614,0.00922094229320315,0.0009123470738276627,-0.0030830617412615654
2019-11-04,0.006166103614649725,0.004009763589340602,-0.0028801514371747305,-0.013249099112890413
2019-11-05,0.0005494105914760577,-0.0011066203916285046,-0.016312331868591004,-0.011310477175740422
2019-11-06,-0.0022501623592505984,0.0002279848722677897,0.004281068530555171,0.006033754562135563
2019-11-07,0.0033485526115069188,0.003510677471897411,-0.015643205521891117,-0.018284331143815866
2019-11-08,0.003983320484687249,0.002462917325740194,-0.0063847338065501705,-0.004216621131960016
2019-11-11,-0.0013425503117600647,-0.0019115188336033245,-0.0024048241483873045,0.0006672053731230247
2019-11-12,0.0028820043439214058,0.0021056987292506083,0.002695874927586959,0.004581147851594616
2019-11-13,0.00024789235678199587,0.0003232615193303463,0.003994072881030811,0.006468971938013467
2019-11-14,-0.00079375481119411,0.0014551097931408332,0.004194711040663475,0.010276455305255014
2019-11-15,0.007320525551088733,0.0072102462200160445,-0.0025291110010524226,-0.0010885551786601923
2019-11-18,0.0007882014247397995,0.0007374232788956616,0.002962025072169786,0.0018128577378865533
2019-11-19,0.0014762539047551344,-0.00028803637949915305,0.0005049030061831341,0.008298817988261376
2019-11-20,-0.006017017544786157,-0.0037259505975606156,0.0005045382424530197,0.01029465786123814
2019-11-21,-0.0022285436543062653,-0.0016106978122503665,-0.005492097356825017,-0.006278379043127306
2019-11-22,0.0006443361866047884,0.0022216734741304965,-0.0018857951599790925,0.001286777793189605
2019-11-25,0.011772083560368332,0.007720445573714573,-0.004803179633254922,0.0029262965116630085
2019-11-26,0.0019077177509697033,0.0022630403382043604,0.004803179633255016,0.005827284495081856
2019-11-27,0.006964760298860074,0.004447632142419017,-0.005314014225370608,-0.002909333289281293
2019-11-29,-0.00457262185895088,-0.0037153712614985722,0.006184806112979683,-0.0021339153242200797
2019-12-02,-0.010291754689573529,-0.0085312264921191,-0.0005079436043828876,-0.013422605787263026
2019-12-03,-0.007863263532414745,-0.006729178484452497,0.009534253178573626,0.02075040567875127
2019-12-04,0.005051274883080337,0.006151462991436077,-0.0013667767637935283,-0.010035102681675128
2019-12-05,0.001974278478623135,0.0017962065074755198,0.0005757184354598549,-0.004876003546429646
2019-12-06,0.010641643330302857,0.009092563249098665,-0.009977704836757457,-0.005550313789279254
2019-12-09,-0.004546700654678548,-0.0031488851370648032,-0.0002906488870483782,0.0021661354597041407
2019-12-10,-0.0008333934814353067,-0.0011157962469403454,0.002830699660654389,7.193048390935705e-05
2019-12-11,0.005282578480546678,0.0028344929059888288,0.006861935627691577,0.00783031747742917
2019-12-12,0.007436414654050388,0.008581964949897661,-0.0035334849047766476,-0.016594691405311304
2019-12-13,0.0032875579745223786,0.0005989368261793763,0.004468872836715887,0.011501182566324005
2019-12-16,0.009989077076366341,0.006846760678468335,-7.198939739749056e-05,-0.009030588039042097
2019-12-17,0.0005731900336280849,0.00021898323675281905,-0.00021577975709612248,-0.0013802098552156373
2019-12-18,0.0007636671337190674,6.243850774840326e-05,7.200493236905694e-05,-0.008245771671181453
2019-12-19,0.006232183248431754,0.004090717392459137,0.0025862126377012157,0.0015988492117425303
2019-12-20,0.0040230768486051675,0.004374640947439318,0.0010039397404910592,0.0013175315141582668
2019-12-23,0.002637820398018074,0.0015264023711537593,0.003077203372165587,-0.0014647949558321206
2019-12-24,0.0005191138982671134,3.1217532347571904e-05,0.009387789011397068,0.002854484232847642
2019-12-26,0.008785209775788136,0.005309419915625091,0.00782659080315549,0.002408463911399962
2019-12-27,-0.0008421180708150492,-0.0002479305498665339,-0.0003512560225688557,0.0010933611623772496
2019-12-30,-0.006575409849936187,-0.005528510299255535,0.0021055808220621446,-0.003648228891032073
2019-12-31,0.0018829453332577881,0.0024263988183458474,0.001891143454574884,-0.009841762557500562
2020-01-02,0.016559671578682364,0.009308481310538623,0.007320953634035891,0.011229528831301122
2020-01-03,-0.009202425155971349,-0.007601314642440922,0.013181265882528811,0.015283206703361486
2020-01-06,0.006422306102019133,0.0038078798018689308,0.010434868967011986,-0.005694899877936309
2020-01-07,-0.00013899288649162,-0.0028155545935528415,0.003927428056507489,-0.004927723945559015
2020-01-08,0.0074882159222565674,0.0053155096561039285,-0.007529802584635164,-0.006632925591283938
2020-01-09,0.00843787306240263,0.00675756708300172,-0.0056676844863565315,0.0035037897174077254
2020-01-10,-0.0025605510694428246,-0.0028817284403413806,0.006008107616788398,0.008851826951182857
2020-01-13,0.01147084048056292,0.006853527533771805,-0.007447144703816297,-0.003038123247243776
2020-01-14,-0.003945107708938975,-0.0015256785182768894,-0.0008919411826434922,0.005131004167212096
2020-01-15,0.00040873320719153313,0.0022574453365526203,0.005817289492435278,0.006609201835975205
2020-01-16,0.009537804305434104,0.00828384210169275,-0.0015707412123407796,-0.0031555859572023233
2020-01-17,0.004936554394447054,0.003107639976670621,0.0018437252860089575,-0.008584620045984882
2020-01-21,-0.00044770128839797044,-0.0019598975360243104,0.0010909837309721073,0.010451125695739754
2020-01-22,0.002638834189188752,0.00012076477086831208,0.0003405975107135845,0.0035068576207847417
2020-01-23,0.0032110633842200253,0.0011460880799639302,0.002245598875511729,0.006977803287124113
2020-01-24,-0.00845117752587229,-0.008932662986996437,0.0058285535187767275,0.008055497595723257
2020-01-27,-0.020871810338151314,-0.016159406420209438,0.006802125843070944,0.015435000224284179
2020-01-28,0.015243441101603854,0.010424744061411105,-0.00896686803661793,-0.00786257098003955
2020-01-29,0.0016241872526256463,-0.0008265760823522083,0.005403248480831511,0.009731682250849106
2020-01-30,0.003555184220232727,0.0032401989680315223,6.731894098032181e-05,0.00013850327395215442
2020-01-31,-0.015985015628741116,-0.018324843434580594,0.005775708477189364,0.009088613224050732
2020-02-03,0.014996297292687538,0.007401077838715685,-0.006516877595597702,-0.0008106047853940235
2020-02-04,0.022630812269027845,0.015126120779880112,-0.013094308186782415,-0.013558177509740438
2020-02-05,0.003291675222948853,0.01148225020195342,0.0012285555646719122,-0.010994990798525872
2020-02-06,0.008595029818855888,0.0033589244312411284,0.005373934234125879,0.00449642120620763
2020-02-07,-0.004310260961892083,-0.005343743820720865,0.002642363450658169,0.012400519199651613
2020-02-10,0.01201315196541172,0.007437356655223018,0.0025679490647931946,0.002766006348738453
2020-02-11,0.00017230028858170258,0.0017317612836601195,-0.0034478924308700464,-0.005053280702922029
2020-02-12,0.00969389876968202,0.006421914296966669,-0.000813078481224605,-0.005078757678003148
2020-02-13,-0.0012812712091010371,-0.0010673114082616732,0.005677303718111386,0.0038288311414998383
2020-02-14,0.002859319911671391,0.0016005402335116593,0.0041697222765956264,0.004368173959051984
2020-02-18,0.00038357709118060936,-0.0025799436189358877,0.012737350951843347,0.006825254834041908
2020-02-19,0.009539786561721714,0.004769494955966277,0.005814285510176441,-6.775022271219703e-05
2020-02-20,-0.009326796580527664,-0.004116518492852957,0.0040763395182913265,0.007802292602000419
2020-02-21,-0.019396333794626804,-0.010352060038843359,0.014913455926308593,0.009297246959094988
2020-02-24,-0.039326508910355586,-0.03372762034281242,0.008945002656717951,0.014817870333004992
2020-02-25,-0.027568596381967132,-0.030770529037647674,-0.01803593472393269,0.0053103036088677285
2020-02-26,0.005140864007903001,-0.0036849576205737382,0.004360980385151266,-0.005310303608867756
2020-02-27,-0.05137105416701133,-0.04595176415280962,0.00019481624361363943,0.010790300355651906
2020-02-28,0.0007775176805212849,-0.0042100375950729265,-0.03717601874476565,0.02233257954545168
2020-03-02,0.050316275308552864,0.04239505355057168,0.005511083646655957,-0.007384398552100355
2020-03-03,-0.03259271141149396,-0.02905069997625127,0.030950390194086085,0.015405776042916161
2020-03-04,0.040875406233239264,0.04117360461733417,0.001752990351755443,-0.010675543735687189
2020-03-05,-0.030853308542895756,-0.03380669877846854,0.021370951204574475,0.024587364936082542
2020-03-06,-0.017016187335662698,-0.016669430800813446,0.0003808885074389379,0.050734635367508225
2020-03-09,-0.07199506009399312,-0.08131230302220713,0.0016488747161249012,0.02674234837408724
2020-03-10,0.0530199664151835,0.05045060199667422,-0.02132715182628954,-0.05261818591543527
2020-03-11,-0.04453196462744251,-0.049976913403378946,-0.0035667044227174947,-0.03749218818269796
2020-03-12,-0.09617106423591376,-0.10056863742900977,-0.04070560424243849,0.006177782804198626
2020-03-13,0.08130848767457304,0.08202818698312592,-0.03099155256530076,-0.022861989690972372
2020-03-16,-0.12759223000248965,-0.11588669677612072,-0.011512126298224866,0.06275414537391831
2020-03-17,0.07310321442662583,0.052584958707680186,0.01346442633870517,-0.06901011968194612
2020-03-18,-0.030888284645590496,-0.05195982124219772,-0.02012310684271081,-0.058066476473803016
2020-03-19,0.005984360350209778,0.002122507546751461,-0.019086492837834465,0.026861453320744744
2020-03-20,-0.039964152049309164,-0.04405009802972661,0.014884383146683595,0.07250273779597412
2020-03-23,0.0007219404918923876,-0.025900609182391128,0.043231496146295734,0.040382780285714986
2020-03-24,0.07458560354372462,0.08673100471066832,0.047389520259250466,-0.018789286471272593
2020-03-25,-0.007432460624238619,0.014859059938495534,-0.013784208180364264,-0.002274725207564392
2020-03-26,0.051320486042564305,0.05674872628756906,0.012740714714697083,0.004909864347919437
2020-03-27,-0.034998296623867,-0.030238177386107574,-0.006481449089244015,0.026342958297192645
2020-03-30,0.03572760940535057,0.031959456385883184,0.004390990264267052,-0.008263382367923094
2020-03-31,-0.008576550478687398,-0.015017605381217602,-0.032364821693651916,-0.008149743350343347
2020-04-01,-0.04341852864829153,-0.04604897826850176,0.009411793149400162,0.01391334491741315
2020-04-02,0.02009197679162973,0.022813155185114523,0.01626050111056189,0.006325638772613398
2020-04-03,-0.014294508839732491,-0.01455990026326772,0.004925309776577716,0.0023767294108426804
2020-04-06,0.06905454797921663,0.06500707791775621,0.02733353381543522,-0.002614328684974992
2020-04-07,-0.0004073013781209027,0.0010187417328966163,-0.005368871400719198,-0.010527606394067296
2020-04-08,0.021010104784342197,0.03301748713070191,-0.008947881947437637,-0.007302784669062067
2020-04-09,0.0014448535640411014,0.015102664101951211,0.025788169295063085,0.0018152306313485133
2020-04-13,0.010745529428401833,-0.009171964839659588,0.01699510551392902,-0.00917151938964198
2020-04-14,0.0425717846466351,0.02906643628571331,0.007837301543346824,-0.0002441566520324425
2020-04-15,-0.011535970088416407,-0.021477317617921612,-0.005115017933585634,0.026144319168550166
2020-04-16,0.018075659379058782,0.0048123647700004735,-0.0008653689753940822,0.011293295352607612
2020-04-17,0.00952055911889705,0.026657188258652566,-0.019608466717140425,-0.01349562204588518
2020-04-20,-0.011914855211280117,-0.017774757530517115,0.007100853720992193,0.008012638185751394
2020-04-21,-0.03759760976824629,-0.030833984632676472,-0.006848673348053854,0.012513252355874313
2020-04-22,0.029242881423624485,0.02195155390454099,0.019479888950845802,-0.010269062804809489
2020-04-23,-0.002135472513007704,-7.144097393650637e-05,0.009905643795524405,0.00529416710862922
2020-04-24,0.015647377332177238,0.013842569185267882,-0.004294729942651925,0.002344241591772452
2020-04-27,0.008010893092292165,0.014315493601138032,-0.00666258998355511,-0.018789458051676946
2020-04-28,-0.019013728912886958,-0.004608986711049732,-0.004466516323334757,0.0114456591484512
2020-04-29,0.03484660425092523,0.025841846563354157,0.005518192454017435,-0.005202303161517544
2020-04-30,-0.0004111231023940896,-0.009354632889912645,-0.018282683683788697,-0.011745182744266293
2020-05-01,-0.028589821802484157,-0.026830292028734222,0.0061522933833428935,0.008525875136710015
2020-05-04,0.011589864820308804,0.002754467986323463,0.003498676361159418,-0.004714257565636803
2020-05-05,0.011273333985369593,0.00919701027157023,0.004232069630406605,-0.006422046789186548
2020-05-06,0.006137746099199923,-0.006802044621648712,-0.012938939248234135,-0.016267261316484902
2020-05-07,0.012794278103887913,0.01199488269607378,0.015234124108560072,0.016568787784356165
2020-05-08,0.01361179941192721,0.016410799792470978,-0.006028427741239837,-0.013086503243175486
2020-05-11,0.008899232524433245,0.0002050823290839157,-0.006253147010599243,-0.007836665617371744
2020-05-12,-0.021159519291236852,-0.020133003230456657,0.0038815245238018456,0.010212279152810484
2020-05-13,-0.012594805307276602,-0.017844152976496504,0.009576645345897673,0.0069718257507200825
2020-05-14,0.011288405677546052,0.011896157724106104,0.008811127536123346,0.009739741982923995
2020-05-15,0.006470601397575764,0.004586890976218925,0.005627947839551041,-0.0025757326214796944
2020-05-18,0.018460481147336297,0.03000490524952432,-0.007592898231851983,-0.02219907465873647
2020-05-19,-0.002509274411772976,-0.01032424849673117,0.009603940342589153,0.0037341273996883153
2020-05-20,0.019771565378174805,0.01684521192010346,0.0023714668825757603,0.00298939983230653
2020-05-21,-0.010950512602569054,-0.006927805015894595,-0.014683616168536867,0.0024947837353682706
2020-05-22,0.0034458019552055384,0.001897254069867788,0.005899400714775776,0.005997567457562832
2020-05-26,-0.0027033832165035514,0.012245181052000035,-0.014316858429627,-0.013500229303280622
2020-05-27,0.005442796674268623,0.014769269732435268,0.001800809585778032,-0.0018384024796154357
2020-05-28,-0.0013034651450198036,-0.0018464222578846844,0.0033447448656947374,-0.0036874169313387563
2020-05-29,0.014546348973544702,0.00444589719061666,0.007331471236597383,0.007116525783865468
2020-06-01,0.002995231713115814,0.004033581361550442,0.004593203918142176,-0.006755559503027324
2020-06-02,0.006685530951545675,0.00824596955633492,-0.006497892824854574,-0.0036422348195563987
2020-06-03,0.004488381605212243,0.013220755419079265,-0.01862251139241922,-0.013386254336804182
2020-06-04,-0.00703822087956175,-0.0026298869159440234,0.010471254055873179,-0.01458539566252216
2020-06-05,0.01963323821031958,0.025306158865681706,-0.02048368991541374,-0.0071489926533039394
2020-06-08,0.0077301938704211134,0.01201487835792323,0.010764002439043798,0.0038367560113849743
2020-06-09,0.007218685903942153,-0.007484557347643733,0.009595645355064148,0.011294246527550946
2020-06-10,0.011930278013269397,-0.00559540896261489,0.014223142854853236,0.01471862670162622
2020-06-11,-0.05081905425725426,-0.059377545305025446,-0.007240232329265166,0.018724514240224026
2020-06-12,0.007916680596736706,0.011904229986607307,0.0014153150353447643,-0.009687772601793246
2020-06-15,0.01209384532209342,0.009293025344657703,-0.0017848491512042477,0.0005538221481096626
2020-06-16,0.017027063986961664,0.01906468430218104,-0.0004929560183834836,-0.01545186440933698
2020-06-17,0.0031656100961286273,-0.004162940421493553,0.0019087937874243815,0.004119410088393924
2020-06-18,0.0027054176728604435,0.0003850471296116675,-0.0019703951105462295,0.010531850868597715
2020-06-19,-0.00016374869708625676,-0.005730952791331021,0.010972576221366465,0.0008006034523452134
2020-06-22,0.011921423969462237,0.006394377015956184,0.006441427074830093,0.00012318923829102878
2020-06-23,0.008474912966744358,0.004593033788402518,0.008384398864595731,-0.0068577818253998295
2020-06-24,-0.02083125924870035,-0.02583949583598742,-0.0034899960158010397,0.010668261660120242
2020-06-25,0.009474415906552748,0.010663402696312876,-0.0006028992986150158,0.002879006777063792
2020-06-26,-0.02389805703189915,-0.02403796782992495,0.0044532193863769335,0.010646101593908212
2020-06-29,0.010847391239197753,0.014590374694236338,0.0005403343600226875,-0.0031515574186185757
2020-06-30,0.019411881580239317,0.012728277306861735,0.004431086497931087,-0.0048688346097935245
2020-07-01,0.011604585230205114,0.006980561438901597,-0.004491160110102202,-0.0019442509988354516
2020-07-02,0.006763459849318566,0.005491746253337301,0.0021582779375089872,0.0010402912440447838
2020-07-06,0.02428766061047698,0.015319409771367885,0.005970880083946397,-0.004103326240687051
2020-07-07,-0.006913005213470246,-0.01036751878830904,0.0062904343270385864,0.013958044579345023
2020-07-08,0.01308582778972692,0.007619604411907576,0.006192353605402356,-0.004003535710659577
2020-07-09,0.008388021128348506,-0.0057090443427850164,-0.002708063902871328,0.015797195334956386
2020-07-10,0.0068043607331738,0.010158677782826692,-0.0025972650920347735,-0.005037910771844037
2020-07-13,-0.02078489806185612,-0.008696884175894407,0.0012403879870823364,0.003301931805974377
2020-07-14,0.007053129342990569,0.012875900436418354,0.004652728164010819,0.001436724755213474
2020-07-15,0.0020335385629034267,0.009145442082783872,0.0008809438623464781,-0.004678320657967772
2020-07-16,-0.006845906882271765,-0.0032992926267962105,-0.009496639325154646,0.004737622061758518
2020-07-17,0.001157252049036536,0.00289523983705255,0.008204262794308569,-0.0020965226374976666
2020-07-20,0.027975489819435914,0.008048881229160101,0.004808590336846309,0.0024560022574352516
2020-07-21,-0.01047513726735859,0.0021253392838409676,0.011978962477666387,0.000597419859349236
2020-07-22,0.0035169431060556207,0.005675986923051216,0.015087942737564556,0.0029846360283078753
2020-07-23,-0.026467428649287836,-0.012003220217609302,0.008786586410813348,0.011613582214987553
2020-07-24,-0.009541218516563579,-0.00646144133510278,0.008542281441677423,-5.9018432843827366e-05
2020-07-27,0.017685663602868027,0.007266079430245935,0.019561196964697856,-0.003717901701892461
2020-07-28,-0.012806482410913039,-0.006362793740299158,0.008306536040413818,0.006894460070302538
2020-07-29,0.011460021813294734,0.012223791147663665,0.007482169283186,-0.0017046672062735351
2020-07-30,0.005221985932458016,-0.00357411439495792,-0.007427778888433271,0.006567244048324038
2020-07-31,0.01768836179409395,0.007871059445345276,0.00904688435302792,-0.0006432895818118925
2020-08-03,0.013416187463836595,0.006928125265424389,0.0011318982444248418,-0.005047494358080811
2020-08-04,0.0037056633362916487,0.0038549391602221285,0.021054515412853636,0.009486968120207634
2020-08-05,0.0024746757151418433,0.006191945046578492,0.009240417270834574,-0.0087810570741521
2020-08-06,0.013157770473444429,0.006662202907474421,0.013186741026147062,0.005570386599533904
2020-08-07,-0.011609508189144123,0.0007177566757381276,-0.016012829047696152,-0.0066884495814154565
2020-08-10,-0.004282359351623337,0.002984401651043567,-0.0034649534714480275,-0.004483949367010627
2020-08-11,-0.019122709245115464,-0.008288822676980952,-0.0551897267189793,-0.011956054358678058
2020-08-12,0.024840647081633555,0.013845902331091465,-0.004679132411383586,-0.009137331854286945
2020-08-13,0.00227798260203592,-0.0018093472122100707,0.023343474417206588,-0.010746137850590138
2020-08-14,-0.001175047671479221,2.975981826635166e-05,-0.004318527254207777,-0.003914803191565218
2020-08-17,0.011544017835469322,0.003171413183758304,0.02146194877539166,0.002509406116290265
2020-08-18,0.00957911048349313,0.0021582645032986645,0.008967673573403242,0.007126194039052946
2020-08-19,-0.006750075758425546,-0.004172463883097755,-0.03207438281593019,-0.006270713284520473
2020-08-20,0.013776407704648878,0.0031086817731255296,0.006890137653281628,0.008999156715891113
2020-08-21,0.006906426910409781,0.003540999790462266,-0.008043165542872153,0.00597400482074733
2020-08-24,0.006224718144804981,0.010082221660400053,-0.005674470685927035,-0.0016259238849100973
2020-08-25,0.007831317065151264,0.003493170655609965,0.0012147382641175607,-0.00768320628390155
2020-08-26,0.02111470138112171,0.009975602213263454,0.011739667325137685,-0.0038331322423637935
2020-08-27,-0.0031217398194305435,0.002184208004193823,-0.011629286747359606,-0.017155231656437547
2020-08-28,0.005072273006876519,0.006438650249471499,0.01723092629924,-0.0007446939241503835
2020-08-31,0.008001212522646255,-0.0036292696539161444,0.00238341719432408,0.006618464230361035
2020-09-01,0.01694737945802536,0.009374560323824808,0.001189581722410416,0.01137340311237539
2020-09-02,0.009424756452987702,0.014360720609767612,-0.013218610873058246,0.009475295160597228
2020-09-03,-0.052031174611412316,-0.03502085237613358,-0.008137254873336977,0.0028367468379684887
2020-09-04,-0.013415457756084366,-0.00819812210687617,0.0027564932922231992,-0.019170694283022895
2020-09-08,-0.049256896452254985,-0.027702973372541274,-0.0019287808618004912,0.006126042697657442
2020-09-09,0.028952483205754095,0.019555000386602517,0.009661434230238847,-0.002691273645302655
2020-09-10,-0.020138166714928473,-0.017516525249440442,-0.0032283485242562797,0.005070104748140527
2020-09-11,-0.006963855761110828,0.0005090685508778703,-5.4861557792618405e-05,0.0021303471493843867
2020-09-14,0.017265404165095637,0.013085524271108488,0.00786160327773618,-6.131574806839152e-05
2020-09-15,0.014073819187231912,0.0050394443206451,-0.0023956152677241513,-0.002434503395599847
2020-09-16,-0.016074737271045265,-0.003976324676051026,0.0028305733071044767,-0.002991225766472911
2020-09-17,-0.015745316134464168,-0.008834229659713817,-0.005505121062685115,0.00305149433367003
2020-09-18,-0.012845131755580611,-0.011579595061760851,0.001310849171618332,-0.0031126018395786475
2020-09-21,0.0023954530135091197,-0.011191709586852797,-0.020291789448272826,0.005061429763775815
2020-09-22,0.018408119168990912,0.010132817249661712,-0.004858095828927072,-0.0007909409546237044
2020-09-23,-0.031009983066299717,-0.023464166393016617,-0.021843335368817322,0.0013378904603117694
2020-09-24,0.004645189698988661,0.0026619069158394086,0.0037119030895910897,0.0038233198618716495
2020-09-25,0.022982773889889778,0.01603765894553709,-0.0028540460781505306,0.0
2020-09-28,0.020556333283197514,0.016472866097999285,0.010010290107421884,-0.0028505348245941105
2020-09-29,-0.00451969776481067,-0.005461089995707348,0.008397048385655496,0.001152905487672467
2020-09-30,0.006825419012099551,0.007553631143897814,-0.006022969047958764,-0.009631131633250915
2020-10-01,0.015748114552868567,0.006399411033601568,0.008880963695329078,0.0016479009819518203
2020-10-02,-0.028534592594910556,-0.009539818045010418,-0.0008957769408936138,-0.003740937651728407
2020-10-05,0.021101821988329092,0.017577644734644817,0.004861081696310086,-0.019732592317455597
2020-10-06,-0.018007585207993712,-0.014317893832990666,-0.011830479550692698,0.0053752536806341445
2020-10-07,0.01715087510756599,0.0172569864488389,-0.00045132478533539146,-0.007320028500066189
2020-10-08,0.005308978020564049,0.008823411266512945,0.0035486272055745486,0.005385689383238452
2020-10-09,0.01516450654208033,0.008890459152376963,0.017998399966815504,-0.00018699042310480377
2020-10-12,0.030403520889249844,0.015959552721907883,-0.002875813691634357,0.003180309178308421
2020-10-13,-3.4078664350364436e-05,-0.00654740092545287,-0.01585383405158326,0.007135382305116143
2020-10-14,-0.008387483114497227,-0.006303269034964134,0.0030899939936110464,0.0022845952876993664
2020-10-15,-0.0067335255531742995,-0.0012367602604043174,0.003639489400711449,-0.0017282713314741305
2020-10-16,-0.005495950501573298,-0.0006044854131113654,-0.0034712263457632483,-0.0027847199196539647
2020-10-19,-0.01645988601402794,-0.015319987084255133,0.0005046193567768562,-0.003786908673585268
2020-10-20,0.0021468469846200908,0.003997805254590147,0.004809318137998378,-0.00956122613094923
2020-10-21,-0.0007734855014026916,-0.0018949877063216796,0.00750319529892231,-0.003459856143776797
2020-10-22,-3.5540035549269666e-05,0.005470488063714046,-0.009849030639627157,-0.010451523025361432
2020-10-23,0.0019688514255371907,0.003389435786632583,-0.0010630400237792174,0.00609363575962283
2020-10-26,-0.015109643522063922,-0.018652963585575263,-0.0005039129828936211,0.009260417997990471
2020-10-27,0.0077781775002463745,-0.0034531688845983693,0.002628864176270774,0.006686995009636655
2020-10-28,-0.03976760995874421,-0.03477683493373869,-0.01627516884164325,0.000933812814645867
2020-10-29,0.017335349977112183,0.010112328653979055,-0.004153341326592121,-0.009754675928473327
2020-10-30,-0.02568985979561553,-0.010479871046894488,0.004550651041840146,-0.00991470215662087
2020-11-02,0.0022251619687095486,0.011146194246419454,0.00965812884851217,0.007462833522099206
2020-11-03,0.017149492978150754,0.01750203675632885,0.0056609432999779495,-0.005818473174576933
2020-11-04,0.04367094813364018,0.02210312045234994,-0.0005590140649358909,0.021460023435409294
2020-11-05,0.025737057372205767,0.019314822007797973,0.022723771699055755,0.0017368765730454974
2020-11-06,0.0007468026458039086,-0.0002281730327977536,0.0014203529597109255,-0.01215872400028209
2020-11-09,-0.02064537093343734,0.012487425955939773,-0.045280856143465276,-0.02123899572713536
2020-11-10,-0.018077236912781364,-0.0014677635672222674,0.0033073065556014952,-0.005783096518125791
2020-11-11,0.022123414294886286,0.00740116719154381,-0.00433598220930235,0.003602353415429132
2020-11-12,-0.004704588001403915,-0.009748277434525577,0.006042387508780373,0.0168743373081774
2020-11-13,0.00873391903666152,0.013749377527174235,0.006796565090032186,-0.001326670166296242
2020-11-16,0.007772504168660313,0.012405463977229678,-5.650286865533134e-05,-0.0024051620115573256
2020-11-17,-0.0031768740764182807,-0.0053928564038265795,-0.0036759204841880807,0.006506201772854713
2020-11-18,-0.00741820872468899,-0.012107859609414337,-0.005738783845972931,0.00289240304084168
2020-11-19,0.007794388265894678,0.004201472659524161,-0.0018822296869570197,0.005135959766688751
2020-11-20,-0.0068641648677076955,-0.006871484781414761,0.003021229432643738,0.008830075780324858
2020-11-23,3.467287282548385e-05,0.005976447965018257,-0.019890324232127853,-0.004592344023039937
2020-11-24,0.01395196339220864,0.01598512495384265,-0.015447030279527764,-0.010001948403696514
2020-11-25,0.006128137423626289,-0.0015427694426624063,-0.0004718480371509017,-0.003083121984499051
2020-11-27,0.009172399266942022,0.002781124447088541,-0.010198732236165305,0.009658436558588012
2020-11-30,0.002037647126699191,-0.004436937408268257,-0.006697358920117144,-0.0012488947815755195
2020-12-01,0.0127347773932506,0.010878090897437622,0.02084085881536413,-0.014854207787075364
2020-12-02,0.0012843404113823847,0.0021014818878395906,0.007493385024315116,-0.007968307931255386
2020-12-03,0.0014143359165613475,-0.00027268772029460166,0.007842668530553789,0.008031685204491504
2020-12-04,0.004066591445439667,0.008580740496880545,-0.00283945502654119,-0.01477404369500456
2020-12-07,0.0056466635812605975,-0.00205729176239127,0.014803945459514797,0.00898008780692194
2020-12-08,0.0033791863271133973,0.0029220039186319186,0.003481841534737405,0.004714073057907359
2020-12-09,-0.02290138757196612,-0.009009277218358966,-0.017241806434506103,-0.003310201667375856
2020-12-10,0.004007897341772382,-0.00032709142345113874,-0.0019148863181888906,0.008824189702939694
2020-12-11,-0.002217167445650262,-0.0011733218689929663,0.001856945469586849,0.003534370175645391
2020-12-14,0.0072290301074590625,-0.0044873252145548655,-0.005522859199322822,-0.0027752704997211614
2020-12-15,0.010632589808963318,0.013428941453408437,0.013893989774039692,-0.00335407725249328
2020-12-16,0.005484809152528248,0.0015680742719494088,0.005503920929853093,-0.0026645893250636515
2020-12-17,0.006516022687748798,0.005576534230754304,0.01046541004295572,-0.0026492624854063096
2020-12-18,-0.0030267396728404306,-0.004001026079717085,-0.0016988680965652808,-0.003002236446784585
2020-12-21,-0.0018724829229442453,-0.0035818401204735727,-0.0031789169989821435,0.003957531685641436
2020-12-22,0.002715402529722772,-0.001686961834171991,-0.007934507183398202,0.0051479089339714025
2020-12-23,-0.005049050100534003,0.000898464964792051,0.006625879072275585,-0.006932901767543795
2020-12-24,0.004403179667801103,0.0038828397389298794,0.003977347328631379,0.003949299088367613
2020-12-28,0.010028099245431923,0.008554272925293482,-0.003635744312567208,0.0004452673974292974
2020-12-29,0.0008950646994368066,-0.00191001159564465,0.003635744312567162,-0.0012717010184267305
2020-12-30,3.191236023181669e-05,0.0014260814992052193,0.007626026694655132,0.0021606257451403763
2020-12-31,0.0024572016876169343,0.005067792568684215,0.0037072651943418997,0.0014596531712226068
2021-01-04,-0.014220406169564773,-0.013707447880412199,0.02201425891234798,-0.00120530395628025
2021-01-05,0.00821026933477268,0.0068638238626157755,0.0029572490918935946,-0.007455036172489453
2021-01-06,-0.013949249864914387,0.005960678129375291,-0.016374384156319522,-0.02074180150336649
2021-01-07,0.023904059761758953,0.01474799577931456,-0.0023373497260989994,-0.008852932416227996
2021-01-08,0.012776310814753392,0.005681480523776187,-0.03480879472366203,-0.0032329807625358325
2021-01-11,-0.01455564647511834,-0.006763385359751216,-0.001963368081678198,-0.0016538925255495161
2021-01-12,-0.0015913973748229438,0.00021120791121847384,0.006453094143516468,-0.0007945301902145716
2021-01-13,0.006730539895273978,0.0026892124759483947,-0.004316677807613859,0.011199021873589463
2021-01-14,-0.005361919632872449,-0.003508128587466078,-0.0005192346256867747,-0.00941145181808388
2021-01-15,-0.007952697124058238,-0.007319368977975747,-0.012485246085867416,0.00395998586063242
2021-01-19,0.014484591914700666,0.007821284322051885,0.008437377567923208,0.003221765924169379
2021-01-20,0.022994343636456673,0.01374388336193018,0.016151154600027997,0.0009847258651692605
2021-01-21,0.007967826284678977,0.0009115172095643917,-0.0006273739671711188,-0.007042794709156319
2021-01-22,-0.0028845499697725116,-0.0035459187256934224,-0.007904302060517928,0.0032306679647315394
2021-01-25,0.008232504536743412,0.0039361572710569425,0.0008622455288576803,0.011716757275021996
2021-01-26,0.0014617421645941747,-0.0015622084592043033,-0.002473656951145883,-0.0018883704602807086
2021-01-27,-0.028272517888138154,-0.024744099729991875,-0.006355778295441206,0.002539384370914298
2021-01-28,0.005899107323761116,0.008563262839655961,0.000926931727635592,-0.005543106227661984
2021-01-29,-0.021262467908740756,-0.020222463652850752,-0.0004054103376829626,-0.006034647009012733
2021-02-01,0.02468010273031787,0.016508410692512913,0.00934152297824149,0.0011584529078780598
2021-02-02,0.01618255961343327,0.014041088780088327,-0.012242430084677477,-0.0064679856244337225
2021-02-03,-0.003974892443734437,0.0007859951180042078,-0.0015117720158050482,-0.008912629507718385
2021-02-04,0.011757005394847664,0.01130171236026418,-0.021765636924135134,-0.0026756513131389516
2021-02-05,0.0033857584437957367,0.003928129248473847,0.009823748692690917,-0.008409008002985118
2021-02-08,0.006677252763785823,0.007195947456747099,0.01001975221091292,0.00438122372478664
2021-02-09,-0.00020979169870561417,-0.0006661497252882656,0.0032595928083516256,0.0007398564182900702
2021-02-10,-0.00228126359470041,-0.00043568378668549146,0.003654430629279855,0.006631523056683733
2021-02-11,0.005484638435284804,0.0016137941458318624,-0.008723013798522866,-0.005489688034533053
2021-02-12,0.005573467417611373,0.004927599947240737,-0.003041852351548402,-0.012496929275817397
2021-02-16,-0.002708528345755936,-0.0008663330028544387,-0.014457496034195686,-0.015344115190012112
2021-02-17,-0.004809753136662028,0.00022946734681489282,-0.011417786234196115,0.006330407185770273
2021-02-18,-0.004381633324469689,-0.0042650388563524,-6.0090224343136566e-05,-0.004055253923370206
2021-02-19,-0.004371123884748162,-0.0017676827524220498,0.004139970385631239,-0.013380932542246898
2021-02-22,-0.026261549697717473,-0.00772123044508869,0.014858231751961605,-0.0076372499805620565
2021-02-23,-0.0029818016438531987,0.0012134783336758296,-0.0023033964742125187,-0.0028876834656578073
2021-02-24,0.008209444781164893,0.010958888413566284,-0.0007097783269727351,-0.006581592143673534
2021-02-25,-0.035484703690964875,-0.024390538928708547,-0.018995808065307287,-0.016465343465997
2021-02-26,0.004178899508700055,-0.005166132509430203,-0.024480114534154506,0.032523980624243394
2021-03-01,0.029638569812113897,0.023951056482347542,-0.0017319159550744983,-0.013295405144843958
2021-03-02,-0.01616898483652249,-0.007833817686622125,0.005433148366520264,7.102577182549771e-05
2021-03-03,-0.029449387515475312,-0.013333960432140735,-0.011082728374520621,-0.01090493341707253
2021-03-04,-0.016502532071448812,-0.012452125843333819,-0.00988559566723337,-0.006470998173474766
2021-03-05,0.014948749970588586,0.018229492736182556,0.0006286134207733884,0.0019458276519351877
2021-03-08,-0.028723076159756923,-0.004991274988966509,-0.010422315048141234,-0.0078049094796678025
2021-03-09,0.03868342041789248,0.014176514239797206,0.02104806019448947,0.013762234441156677
2021-03-10,-0.0028587952331909855,0.006205171975083311,0.005085327698430273,0.002001766634229721
2021-03-11,0.022770365703726637,0.010088299469958747,-0.0008663865026826478,-0.007239223256760512
2021-03-12,-0.008145558917243497,0.0013458263190737818,-0.00018574519969141986,-0.021450131090535337
2021-03-15,0.010626485744428388,0.00594596511338932,0.004386867610048303,0.005862909495409193
2021-03-16,0.005473718414105966,-0.0012622588190478246,0.0009244132771239594,-0.004027022563298748
2021-03-17,0.004108912787922769,0.0034040633042745397,0.0071195808075622735,-0.00751117552136965
2021-03-18,-0.03110945891848012,-0.014656720334910722,-0.0058269675795917875,-0.01017804517814027
2021-03-19,0.003519095269008081,-0.0018519169702672965,0.004174394816826358,0.006178484949325928
2021-03-22,0.018579502166080116,0.007953315826862909,-0.0014713433816878438,0.011143671732492644
2021-03-23,-0.004372201669454665,-0.007901848205094788,-0.007327408483150656,0.008986430180387563
2021-03-24,-0.017009012884342197,-0.005096534216766474,0.003454859203276189,0.00536781990034566
2021-03-25,-0.0017330625600626938,0.005609814232785485,-0.0036402714825327686,-0.007916704579633088
2021-03-26,0.01488873061805501,0.0159864738792148,0.002839374216722469,-0.003506550835042518
2021-03-29,-0.0002848293071183608,-0.0005053018432442477,-0.011967328788777756,-0.008523984199878362
2021-03-30,-0.005045740461811391,-0.002656352769816679,-0.01723957501602924,0.005226376585869276
2021-03-31,0.01518700415454392,0.004045011505206478,0.015053975494509144,-0.005595635262375326
2021-04-01,0.01690247851906078,0.010741173868143838,0.012549018493591777,0.016460962310341963
2021-04-05,0.019768335448470783,0.014251295097721694,-0.00037046965366193687,-0.004373106168925153
2021-04-06,-0.0006948640576838915,-0.0005909466334602652,0.007996616729269289,0.006770232772852964
2021-04-07,0.0024150171352054052,0.0011566133645405769,-0.0028223021365765604,-0.006989306799502282
2021-04-08,0.010379726048661431,0.004735685660239088,0.010694635856861524,0.008221647985491099
2021-04-09,0.006040000661538706,0.007243792060756453,-0.007566026934120144,-0.003629467789916605
2021-04-12,-0.0013061319379558502,0.0003644741407581416,-0.006082067490100263,-0.00043621912648559474
2021-04-13,0.011605631764808264,0.002959261374612955,0.007061488473290135,0.007465422273120471
2021-04-14,-0.012081003647876832,-0.003421014230257201,-0.0043537794872208335,-0.0031825831894512547
2021-04-15,0.015041789564652784,0.010685342984045014,0.0160335365383925,0.016595631308374954
2021-04-16,0.001170418197876611,0.003336830180946229,0.0060295628147861114,-0.007796521791001707
2021-04-19,-0.009194104500946357,-0.004925269903727509,-0.0027691247303623773,-0.002875894235588115
2021-04-20,-0.007315220587121372,-0.0073483573498910855,0.003550241996940974,0.0045980023359878126
2021-04-21,0.008524369245878889,0.009417616330451743,0.009862362310853667,0.0020052583225633317
2021-04-22,-0.012127653937525962,-0.009175098491256398,-0.00650425423162094,0.004354401370678042
2021-04-23,0.012510879460635827,0.010784035854984074,-0.0038387727937765547,-0.0023533457208991366
2021-04-26,0.006489984939319017,0.0020854764433664696,0.002640755671589698,-0.0014287630011841266
2021-04-27,-0.004341615200618591,-0.00021552663276766873,-0.0025205449092440876,-0.008761702637442107
2021-04-28,-0.003386478737159593,-0.0002874930131138191,0.002940064461277065,0.0006489309881762632
2021-04-29,0.003592377103668905,0.006352704281724625,-0.004142547462168167,-0.0029594229267737226
2021-04-30,-0.006576455902846361,-0.006592241136767163,-0.003374702192485256,0.002310491938597492
2021-05-03,-0.005339618582046578,0.0021543904049502417,0.01289485518814097,0.0005995289759085446
2021-05-04,-0.01815966559755877,-0.006188338158984491,-0.007356686965198023,0.006763129399242676
2021-05-05,-0.003367875761347535,0.0003125592204602181,0.00413361336698124,0.0016478833652307024
2021-05-06,0.007509059470890361,0.007953982122873094,0.016542002735280385,0.0016451723125315537
2021-05-07,0.008081766459171453,0.007251586091370611,0.00895658735382193,-0.004943468536538354
2021-05-10,-0.025578635798464165,-0.009951730129633294,0.0030259218728549953,-0.010179083888084419
2021-05-11,-0.0013827180017255561,-0.00896481112197874,0.0001742848474817966,-0.005675236913745635
2021-05-12,-0.02622346713396506,-0.02147424408548336,-0.009983483413452903,-0.01056361005733773
2021-05-13,0.007701612273174486,0.0119409687744391,0.004098917859921596,0.0015472416967638664
2021-05-14,0.021836498943195528,0.015238682909643714,0.009074563611959028,0.009308139716986465
2021-05-17,-0.006084958847589145,-0.0025477129883566796,0.011572105937362132,-0.002117871488645047
2021-05-18,-0.006773939490487479,-0.008653128602313617,0.0019442812059788442,-0.002561883208057438
2021-05-19,0.0011480471084582835,-0.002625078240014556,0.0006853819629941132,-0.002421905884163158
2021-05-20,0.01915880156747176,0.010700291158992037,0.004556871795741219,0.008195287206643705
2021-05-21,-0.005550060292894682,-0.0008188358040637505,0.00045446916842239933,0.0032014100695691014
2021-05-24,0.016679185355597842,0.01014253729354399,0.001759487487714246,0.0036971912883368204
2021-05-25,0.001382377921098115,-0.002221097481766748,0.009031903514378268,0.009220734320509415
2021-05-26,0.003477648772291217,0.001982572225621329,-0.0017435678186662285,-0.0017223643029496648
2021-05-27,-0.003748053826574904,0.0005247269757509511,0.0003940189892895408,-0.004030615540938753
2021-05-28,0.0031493084319202903,0.001787274736197712,0.0037630876338542248,-0.0015878363432420143
2021-06-01,-0.0033295876824224442,-0.0008813157579246837,-0.0026945732480542135,-0.00022412862585861204
2021-06-02,0.001951092446994348,0.001571339918363758,0.004878526963101577,0.0023128334352402816
2021-06-03,-0.010460328126474221,-0.003718175947365243,-0.019772420864664846,-0.003760819553704444
2021-06-04,0.016827418244348247,0.009104290006280005,0.010725633264657355,0.013601044315704035
2021-06-07,0.002975197869135548,-0.0009706249254684239,0.003999619209610979,-0.003078346748891129
2021-06-08,0.00047543110771123534,0.00021314285060691386,-0.003096867753862795,0.007002016920264263
2021-06-09,0.0002373980108925842,-0.0014930319173230898,-0.0019193434836643904,0.008790815068428059
2021-06-10,0.010366791304842644,0.0046374907544609704,0.004285131517665339,0.005981104684024609
2021-06-11,0.0026110492491721402,0.0016511523996674015,-0.011316177890912231,-0.0016151281382136668
2021-06-14,0.009537062429929891,0.002236421484443536,-0.005878166410042197,-0.00768878927028845
2021-06-15,-0.006552309573921952,-0.001835731287548325,-0.0037848631237422004,-0.0012050121776346426
2021-06-16,-0.003658584278736586,-0.005599002607441738,-0.01703600368035545,-0.0008506943690935483
2021-06-17,0.012617529701572192,-0.0003317943035106303,-0.03122282591641038,0.01486073028244244
2021-06-18,-0.007878448981885097,-0.013581917773036498,-0.005562705142465907,0.018631447496762935
2021-06-21,0.006195758790211629,0.014214233466100247,0.012173251058176099,-0.01688474090483185
2021-06-22,0.009278547088974859,0.0053318520653642875,-0.00420166857422807,0.0024394389673276454
2021-06-23,0.0004889079943271378,-0.0012060373780271765,-0.0006618767987564016,-0.002578821709049196
2021-06-24,0.006163935636322918,0.0058984613420104085,-0.0006021199876096117,0.0016035755349275834
2021-06-25,-0.001230038244334351,0.003545783459140235,0.003306999189259349,-0.010437702059553413
2021-06-28,0.012088450905147532,0.002013897302934251,-5.999643961855651e-05,0.010228618916061595
2021-06-29,0.003612079144582336,0.0005378794245239922,-0.010561034647227364,0.0016715652545512192
2021-06-30,-0.0015785247638318237,0.0008412290340686605,0.004841763592293601,0.004443344705786065
2021-07-01,0.00039506367137148084,0.005521418011555685,0.0034354496150826534,5.535054957020891e-05
2021-07-02,0.011413326450209023,0.007614287079984781,0.0065369291506959725,0.006016740767975177
2021-07-06,0.004312257281790056,-0.0018229651739044086,0.004949187883217545,0.011652952672864751
2021-07-07,0.0021079452826622824,0.0035278314671376375,0.0037995736126820853,0.008819878969132666
2021-07-08,-0.00605806989783213,-0.008181483991192229,-0.0006520293887520076,0.003910223325529517
2021-07-09,0.006224021189252271,0.010618211624564791,0.0033150614410246745,-0.014162302529863662
2021-07-12,0.003898345608585321,0.003575573655859955,-0.0012418718351821449,-0.0012977135163282222
2021-07-13,0.0,-0.0034147535697316004,0.0013009357869861221,-0.007682795109825563
2021-07-14,0.0017917073054971896,0.001491130532520731,0.010697757313475486,0.011297773313331328
2021-07-15,-0.007048069284978046,-0.0034214143389261946,0.00017546425482688882,0.010970399726592696
2021-07-16,-0.008132470402041243,-0.007874374404067283,-0.009751038308664077,-0.0018876829810327872
2021-07-19,-0.008227064779912457,-0.014878232025066425,0.001179853512608669,0.02169107406414407
2021-07-20,0.011549419527016803,0.014228755192305976,-0.0012979424872485647,-0.009685837180712142
2021-07-21,0.007690612182571886,0.008063706600543489,-0.003726190289074976,-0.012748329964170996
2021-07-22,0.006588579570382722,0.0020918907139478725,0.0019535411866020086,0.009409349274077328
2021-07-23,0.01160978155810242,0.010235476176906493,-0.003139340880551927,-0.006711951296698826
2021-07-26,0.0007873926072513214,0.0024518652919680024,-0.0023758261058627853,-0.0029671334292723337
2021-07-27,-0.011079286680684173,-0.00456801758331393,0.0016636888817755746,0.010614755985041293
2021-07-28,0.00383425464738957,-0.00041014560153356487,0.0050335632022407,6.705268511094193e-05
2021-07-29,0.0017752778356891759,0.004138736145301081,0.011044023020098688,-0.005561888533953924
2021-07-30,-0.005225393209690326,-0.004867881016650439,-0.007918108309762988,0.004692329515083001
2021-08-02,8.215518844717678e-05,-0.002100488169197274,-0.0012374082182159806,0.00887990762291122
2021-08-03,0.006043149453822258,0.00810264419251012,-0.0007077270423842932,0.0005306971487652125
2021-08-04,0.0014440099238522553,-0.004931248355036161,0.00023593466942563418,0.002054218053892565
2021-08-05,0.006322953659031637,0.006312923588225486,-0.003959922253451811,-0.005110195228017518
2021-08-06,-0.004392020063795134,0.0016510300162679292,-0.025308704477345147,-0.01684159395567659
2021-08-09,0.0018458989622984197,-0.0008138578855708998,-0.017894816057729707,-0.003593379163323196
2021-08-10,-0.005138761919312241,0.0012432896633532099,0.00030914743149373187,-0.0046280324081955
2021-08-11,-0.0017191193362629637,0.002481805661381733,0.01369082807188368,-0.000614972939116238
2021-08-12,0.0035981248859499283,0.0029925697058956952,0.00024383177142714218,-0.0016395911814193031
2021-08-13,0.0035039313241466024,0.001818007008004477,0.014224167163591615,0.01567214559533303
2021-08-16,0.0004335736939566539,0.0023518638506994523,0.004975891262677384,0.002421055783738769
2021-08-17,-0.008847107522849649,-0.0065768621111597925,-0.001496155150116038,-0.0004030630241290872
2021-08-18,-0.009671083181235525,-0.011005119910144088,0.0007783092556947036,0.0033535904235662186
2021-08-19,0.004819643247787673,0.0015469801317578812,-0.0029367165231408677,0.007338337662399311
2021-08-20,0.010304945816457191,0.007925587305380576,0.0005400158455303154,0.0006640335729570572
2021-08-23,0.014846187580216387,0.008758081280385365,0.012104007439095057,-0.0006640335729571316
2021-08-24,0.0030497146862045626,0.0015860694324534436,-0.0004742535717267673,-0.007807345523575176
2021-08-25,0.0011479056250878667,0.0020963779348291186,-0.006961609676564189,-0.008341120870735835
2021-08-26,-0.006370399069996844,-0.005920807294760271,0.001133835388463418,0.002765805855112232
2021-08-27,0.009673263333848063,0.008901238125359862,0.014917723322635659,0.0067805375560557254
2021-08-30,0.011159759386959909,0.00438807111065575,-0.004947859047149437,0.0026059316783409218
2021-08-31,-0.000815620424250573,-0.001482902944259768,0.00200564206756742,-0.00683016668084758
2021-09-01,0.0016569203847719564,0.0005314119651737733,5.88968847449306e-05,0.001673995986167155
2021-09-02,-0.00047323164525991685,0.003071802394195135,-0.002655242464544409,0.004355765357844677
2021-09-03,0.00307106590513876,-0.0002426983610048591,0.010637446088029513,-0.009135788076148992
2021-09-07,0.0014140195068179416,-0.003581853651864955,-0.019778020504279115,-0.00847189585440638
2021-09-08,-0.00348667818685359,-0.0012190953956982473,-0.002507544166051433,0.006783213123747539
2021-09-09,-0.0034461169427612236,-0.004289214566513683,0.004413734414974538,0.012027599745146163
2021-09-10,-0.0076185290936738505,-0.007915988928997395,-0.005071495164425335,-0.008855639202141767
2021-09-13,-0.0006906894072826706,0.0025561522127635194,0.0033441618437189445,0.006046593894032839
2021-09-14,-0.0028472695000484414,-0.0054113936969094525,0.006417907636002404,0.012050254705257156
2021-09-15,0.0074072718296423826,0.008317987180232824,-0.005881528710091136,-0.003513379994635515
2021-09-16,0.000687548112059815,-0.0015863159615567422,-0.022902242747818987,-0.004592803350378148
2021-09-17,-0.011912829817920474,-0.009788941643422363,-0.0015862999324902439,-0.0048153892517702876
2021-09-20,-0.020879687374775156,-0.016814738910227518,0.007118755657039398,0.012325373187223956
2021-09-21,0.001229534430302216,-0.0009451161484189856,0.00664689654260444,-0.0008608075306543999
2021-09-22,0.009297364701785948,0.009707688145376855,-0.0037409995549623856,0.005947455790232517
2021-09-23,0.0091846171050394,0.01207660973951293,-0.011613566243419594,-0.0228566482680465
2021-09-24,0.0009378316163439347,0.0016458743096800133,-0.0012850982867509395,-0.009821537256018533
2021-09-27,-0.00801427946662269,-0.00286504988617571,0.0020798706668898187,-0.003682745695862893
2021-09-28,-0.02870551144742731,-0.02035774826226212,-0.009763940911599527,-0.015699708019841753
2021-09-29,-0.0016410006211819963,0.0016818915479897758,-0.0045149330127863515,0.0017337086044003597
2021-09-30,-0.0036807501242424093,-0.01229761297719346,0.01781698430701417,-0.00013827166113258515
2021-10-01,0.006182690218771079,0.011814090270819297,0.0022505110921036547,0.008380136157752946
2021-10-04,-0.02121281151832452,-0.01297986626717684,0.004667408258473528,-0.0025489536474194636
2021-10-05,0.01340855570151811,0.010351260862818117,-0.004667408258473519,-0.009702801908634802
2021-10-06,0.006387275803939508,0.004147429789098516,0.002669757352534067,0.005625319835969637
2021-10-07,0.009133295959728208,0.008608307310265961,-0.005285683868044846,-0.010513177024876192
2021-10-08,-0.004999104533768505,-0.0018251864373766405,0.00042627404378714777,-0.007023165177179874
2021-10-11,-0.007699160631712218,-0.007266068865066341,-0.0018893655741350408,-0.00254079818495929
2021-10-12,-0.003494032903920892,-0.0024647710256722275,0.004504271350483098,0.01695535486359717
2021-10-13,0.007976146790098797,0.0035911881697093155,0.01763773443447277,0.00967896021752483
2021-10-14,0.018249275981204807,0.016680971287175026,0.0024434808580754102,0.0037091015429160535
2021-10-15,0.0062808322363113725,0.007586672908941127,-0.0160204917648545,-0.0058436762242829055
2021-10-18,0.01000544984693162,0.00295636142516365,-0.002482990902389477,0.004677645556725479
2021-10-19,0.007538920289973794,0.007685211199138882,0.003208519186409284,-0.013890561128387564
2021-10-20,-0.0013058213069102383,0.003920039518883559,0.008725778175468667,-0.00677342772510319
2021-10-21,0.006088311278838481,0.002604801119350118,-0.0008991093021597419,-0.0011914722599315054
2021-10-22,-0.008437757893509373,-0.0010365755119369957,0.006098334452755203,0.0109526980231277
2021-10-25,0.01018574955768784,0.005348339624115642,0.006890365329616705,-0.0015273310919253623
2021-10-26,0.0031438238982111535,0.0008996598091092163,-0.007427027125168416,0.00823439667132991
2021-10-27,0.0023182086065276866,-0.0044402079303248135,0.0026206236403640355,0.018031166775204922
2021-10-28,0.011044241188348255,0.009602780034982095,-0.00023791366260843256,-0.0033901171111636397
2021-10-29,0.0049068927056785516,0.0020269436688244136,-0.008544299301700552,0.003051984926089714
2021-11-01,0.0034129372465577542,0.0017187795351582896,0.005207004497418708,-0.007225920768807173
2021-11-02,0.004172834929441069,0.004034886300710364,-0.0021513131388870075,0.0044285295514882314
2021-11-03,0.010559573133912509,0.0060866729311920414,-0.0083501482773226,-0.01038747319094315
2021-11-04,0.012737031790286435,0.004701499930471182,0.011277125295739413,0.010455465229220884
2021-11-05,0.0009538727518068612,0.0034636556813234876,0.012978359326946427,0.01484491942872585
2021-11-08,-0.0013557095412054776,0.0008532006818270929,0.003585184846901929,-0.0018771863911090255
2021-11-09,-0.0069071879658429815,-0.0033106729253410162,0.004916006634195484,0.012934755792866669
2021-11-10,-0.014806085566435945,-0.008077470882898726,0.010800248284572371,-0.0184523349213502
2021-11-11,0.0027691389207506563,0.0003235723079020495,0.005586453042738802,-0.0014856562992796912
2021-11-12,0.010467569828271291,0.007518561296807161,0.0018934614978916627,-0.004402372126174466
2021-11-15,-0.00022814809074896627,0.0003421774565381968,-0.00154894492430588,-0.01263587962892768
2021-11-16,0.007095670290182546,0.003950104801941462,-0.007260156004477963,-0.0025469935085274172
2021-11-17,0.0005283447717714601,-0.002431956954007769,0.009095692432078762,0.00789359958860129
2021-11-18,0.010307965437503827,0.0033905239979741156,-0.0032143154449525086,0.0037533801066221163
2021-11-19,0.005560145016269802,-0.0017901333011473227,-0.007675708262916443,0.010502745745562432
2021-11-22,-0.011677079348959363,-0.0028187977965114333,-0.02267561664312034,-0.011797462517612945
2021-11-23,-0.004568425485314145,0.0013248669732041345,-0.008690053468478977,-0.014564586497831484
2021-11-24,0.0032152511961992076,0.0026662092120217566,-0.0009569597921073518,0.0159279030357494
2021-11-26,-0.019140936060128514,-0.022555412898518156,-0.0016168462526691021,0.02495490485113616
2021-11-29,0.02147022622071593,0.012191849408795032,-0.0013795005365548109,-0.008070732937981082
2021-11-30,-0.014795105017992785,-0.01964925410071131,-0.006744546424564762,0.01508770077673538
2021-12-01,-0.017159227217842802,-0.011169430457126105,0.003980006790395922,0.006149915248258662
2021-12-02,0.0071810930131830505,0.015200230905470798,-0.005552205835401061,0.0012466901501157078
2021-12-03,-0.017541569254093312,-0.008739504773091059,0.008376819081740972,0.01186126009111243
2021-12-06,0.00798123221799589,0.011774001280637714,-0.0024635953850727986,-0.013830071765435024
2021-12-07,0.02966916433614337,0.020473517255980955,0.0035432060613326127,-0.008112795636146843
2021-12-08,0.004464252655930785,0.002644590929323073,0.0005393685677794685,-0.017436059691876643
2021-12-09,-0.014823524229439148,-0.006774381425035012,-0.006130129283900702,0.005578326530734182
2021-12-10,0.010811745161800638,0.009369345106011041,0.004211020685246302,-0.002415778357551612
2021-12-13,-0.01455223634690309,-0.008897797728492534,0.002518126917516811,0.014670584647096677
2021-12-14,-0.010404188762592458,-0.006903951149882705,-0.009385206339641532,-0.002385388672353084
2021-12-15,0.02254131004786175,0.015504438404324049,0.004282351988516796,-0.009668610560039767
2021-12-16,-0.02605093470178987,-0.008857755427691148,0.012024970840539904,0.0003888169167434991
2021-12-17,-0.005001597652775874,-0.010699817166196156,-0.002143116686188639,0.011267993128802683
2021-12-20,-0.009747691007625191,-0.010690465679207511,-0.004240244730917084,-0.007520243510601449
2021-12-21,0.022133619548301817,0.017603186644023692,-0.00041897618344674124,-0.0038145374223973747
2021-12-22,0.012104915736541964,0.00994884041103244,0.00935611880010715,0.004616036198972473
2021-12-23,0.00751088934003284,0.00620302961241627,0.002251481491211197,-0.0087148154751023
2021-12-27,0.016392140069373867,0.014052898937320386,0.002364450476828884,0.002420578134325784
2021-12-28,-0.004645640858839631,-0.0008173559873624434,-0.004319380340024978,-0.003970977745840758
2021-12-29,-0.00014928522526630147,0.0012781979562738201,-0.0002965516280151311,-0.010984120594044963
2021-12-30,-0.002992814409705817,-0.0027683103920671825,0.007151581744182501,0.0083514102100673
2021-12-31,-0.006264163146031895,-0.0025232763934267795,0.006808358432551388,0.0019587924516393236
2022-01-03,0.00958066009611652,0.005772956322414256,-0.015503300973700684,-0.02660118569035958
2022-01-04,-0.01305550518614561,-0.00033471823031721237,0.007339514803169255,-0.004166279512286005
2022-01-05,-0.031202822379426214,-0.019388991152502817,-0.003012197052209778,-0.005443254331702045
2022-01-06,-0.000702824712088068,-0.0009397473062170649,-0.012319703780209438,0.0025854915581824426
2022-01-07,-0.010892007939680799,-0.0039614143477886025,0.004540812572282988,-0.007213749761360374
2022-01-10,0.0006581397733692164,-0.001245257073188609,0.0030355936239956378,0.002457424403190409
2022-01-11,0.014910089719117012,0.009067272525010115,0.01199245713664559,0.006639382412426091
2022-01-12,0.003957913500481226,0.0026997742288401706,0.0026391371424113854,-0.003838455756975577
2022-01-13,-0.025334474363097194,-0.013874295111551754,-0.003402771341298051,0.008840834186834278
2022-01-14,0.006203382362101166,0.0004087505065039045,-0.002883829150556528,-0.01522474157861547
2022-01-18,-0.025209254202411595,-0.017868215394522335,-0.0016516182679313014,-0.014174777314291682
2022-01-19,-0.01104452954613917,-0.010437747947959073,0.015755750605134237,0.006899777658979197
2022-01-20,-0.013073402416423968,-0.01112981870625883,-0.0025020112544038944,0.006148298344894376
2022-01-21,-0.028120476084325843,-0.01982589314135901,-0.003267771913809988,0.011836322791674002
2022-01-24,0.004567600098444732,0.004237798339907932,0.005479160681096094,-0.008249432952784064
2022-01-25,-0.023454569756966952,-0.01228421840248455,0.003192034576976311,-0.0016160871581191699
2022-01-26,-0.0015657257082727417,-0.002511930203090958,-0.01629856790431354,-0.012167654187831358
2022-01-27,-0.010121396710840428,-0.004950221155555482,-0.01298211532059733,0.018196408480033052
2022-01-28,0.030886883656139903,0.024532056503055892,-0.002987752337666492,0.0003494169442338528
2022-01-31,0.031477632745109764,0.017850785900670164,0.005907056331230696,-0.005183487118205932
2022-02-01,0.006780639838324897,0.0067341862121545965,0.0008325368758188378,-0.00332520860958152
2022-02-02,0.00809255531274306,0.009667224904801344,0.00361943388995412,0.0033813280866721402
2022-02-03,-0.041388773964049615,-0.023785594820963374,-0.0014224174555621005,-0.007836360149583471
2022-02-04,0.012536146745189792,0.004691194700825639,0.0015408910869810946,-0.014852174476303237
2022-02-07,-0.008077100196480247,-0.0032145779599740162,0.007375317353577323,0.0006476005739638759
2022-02-08,0.011172721659855004,0.008194289896583676,0.0030522079460774463,-0.006708619067838426
2022-02-09,0.020969339426618255,0.014530065328843171,0.003393414275398407,0.0018798453843871068
2022-02-10,-0.022892602240175725,-0.01812905004780827,-0.0038037857675304026,-0.016020126558956852
2022-02-11,-0.03223549335069045,-0.01991583634794035,0.018875607865561438,0.01471905215994846
2022-02-14,0.001237929246913109,-0.003274521619801279,0.005336451777182292,-0.012519408540349958
2022-02-15,0.024559899976025375,0.015998292091352888,-0.009545260370239185,-0.011417761312776014
2022-02-16,-0.00025280122321887403,0.0011201439579186438,0.01023173130733765,0.005909038537355885
2022-02-17,-0.03019476135318022,-0.02159296089886816,0.013575508168976262,0.007411447276247923
2022-02-18,-0.011471244404497863,-0.0064960966576256005,-0.000733724019731723,0.010471896232754623
2022-02-22,-0.010094390568977008,-0.010789666144659423,0.002086858856896338,0.0026012126540964024
2022-02-23,-0.02594898438272458,-0.017897841604074538,0.004497100140272996,-0.013877695437703761
2022-02-24,0.033052190032886196,0.014937024955757034,-0.006471023453826176,0.0006586367097965943
2022-02-25,0.015387887923410804,0.021824112348701595,-0.0033362372759372606,0.0007307496059679782
2022-02-28,0.0029745981688619025,-0.002561892210383735,0.010311993951243732,0.021681558785316343
2022-03-01,-0.015429878505803782,-0.015347405773824692,0.01800043176575384,0.011495320692730373
2022-03-02,0.016640379902827997,0.018229266353050954,-0.010460864384517259,-0.03478012993397838
2022-03-03,-0.014387899881805416,-0.004991095499761414,0.005935763844875876,0.010133697783457886
2022-03-04,-0.01459802988391828,-0.00815765681489745,0.015803608419049087,0.01711668297108074
2022-03-07,-0.03757868389955459,-0.029922573049759617,0.014753495270293054,-0.0076589400172606854
2022-03-08,-0.00465870762102844,-0.007610591985790771,0.026991429368426304,-0.01011081293947069
2022-03-09,0.035365296384957536,0.02645768089795962,-0.030161495266205762,-0.009847193949700848
2022-03-10,-0.011166903407967367,-0.004525658301256582,0.003116366878477797,-0.014471630977593802
2022-03-11,-0.02095630404960751,-0.012796635462924595,-0.007052696024243029,0.003341172728888547
2022-03-14,-0.01939162916362971,-0.007335176329675747,-0.01518847505814139,-0.023625826606778203
2022-03-15,0.03088493000031685,0.02175209336320464,-0.018882610033681094,-0.0017470235661387775
2022-03-16,0.03641561872691839,0.021932001388200624,0.006241285995487705,0.009759710255293614
2022-03-17,0.012033594352259024,0.012433234404442543,0.004876733952655098,-0.007481586221493637
2022-03-18,0.02026125118406352,0.010893246132466795,-0.008828710707897394,0.01213869055326724
2022-03-21,-0.0027839560237778666,-0.0002924983361291593,0.00761175501954624,-0.02342887600485144
2022-03-22,0.019461997755326366,0.011633638598806144,-0.007277189924242526,-0.012894282925695224
2022-03-23,-0.014475822243084302,-0.012962140668960865,0.013567209576051467,0.02167815994560299
2022-03-24,0.021983557322006915,0.01496184605396312,0.007234137513108609,-0.007863739953837387
2022-03-25,-0.0008345903834257802,0.00487162035235353,-0.004103860537691329,-0.013969702966127063
2022-03-28,0.015353994138966166,0.007087952485902367,-0.018371517706821095,0.008513230941822157
2022-03-29,0.01706317392391041,0.012294894909633411,0.00044668806848975184,0.007523973812990457
2022-03-30,-0.011107019853228189,-0.006193880685118771,0.008006283379257595,0.007771446129167307
2022-03-31,-0.012472089819847836,-0.015511039914208888,0.00038752078804877134,0.002425767952569983
2022-04-01,-0.001905163391656085,0.002830136254480194,-0.00638621587890147,0.00379920667600994
2022-04-04,0.020379549695086787,0.008529999244442142,0.004835061682683925,-0.0069737894019722855
2022-04-05,-0.022454237712954565,-0.012711591183658952,-0.006284549046099261,-0.02285150873343577
2022-04-06,-0.02195068719130197,-0.010049944451371667,0.0023404756196963713,-0.00812714793899469
2022-04-07,0.0023748847927204317,0.005026450144919046,0.0037777415804506904,-0.007560877751953348
2022-04-08,-0.014077653241793869,-0.0026774235567177196,0.006246419748615932,-0.010889643221008579
2022-04-11,-0.02394162197618461,-0.01724012861755939,0.004947206140849894,-0.01595168497383695
2022-04-12,-0.004233424113179919,-0.0037120998811835497,0.007647435301758943,-0.001381457269825411
2022-04-13,0.020123162645563547,0.011388583740926743,0.004777109287769396,0.002030907525848964
2022-04-14,-0.023132403366880543,-0.012530030159013055,-0.0033090194372706765,-0.020249142543893314
2022-04-18,0.0007679994417168434,0.00041120847204580586,0.0030924062818564585,-0.004981394508243903
2022-04-19,0.022104784365518434,0.016013513682495352,-0.015228268112133887,-0.007518491347514329
2022-04-20,-0.014691980092067089,-0.0007417283041247094,0.0048830061930919995,0.019925972534373223
2022-04-21,-0.02090810165385678,-0.01506657395186192,-0.003563943502360224,-0.007426086678615173
2022-04-22,-0.02653480748390644,-0.027822552183564053,-0.009769661352400816,-0.006313575702880331
2022-04-25,0.012763870723228835,0.005780715834518735,-0.018134432520229594,0.009951064393815727
2022-04-26,-0.0384757696136629,-0.02938822372783463,0.0015238553873300224,0.010016573008877396
2022-04-27,-0.0011990749236201056,0.002807774829040641,-0.007585723242633687,-0.012908887171626379
2022-04-28,0.03489979102458671,0.024945608251783612,0.0053838047894630165,0.0014883251834629835
2022-04-29,-0.04604263895864101,-0.03765560048696339,-0.00011298334784093811,-0.013057839406261491
2022-05-02,0.016558275905363556,0.006001414590429325,-0.01871452290294498,-0.01748566242657346
2022-05-03,0.0010671790295088907,0.004573450403371491,0.0026457593569150124,0.0067192323337188714
2022-05-04,0.033252856662348014,0.029998328201771174,0.009774616775434711,0.005494896569786273
2022-05-05,-0.051676592728172314,-0.03618985501332555,-0.0038184194446891804,-0.02778088955460234
2022-05-06,-0.012053141049549798,-0.005986760988333804,0.0016545049194706565,-0.014845178038249793
2022-05-09,-0.039912832172373056,-0.03254091498163422,-0.014585347642546313,0.008759087971111992
2022-05-10,0.012075460651818809,0.0023078788808471146,-0.00848106565352078,0.009028907304310456
2022-05-11,-0.0301068444024353,-0.01601376669618091,0.008133958004822058,0.019088621363778705
2022-05-12,-0.0023672475140443356,-0.0010445103139430335,-0.015452706170676834,-0.00186691624914807
2022-05-13,0.03638982754583327,0.02362656492687531,-0.008142627698810948,-0.014891239988552137
2022-05-16,-0.011659502025830389,-0.0040658061392714875,0.009493279652076629,-0.0010353421550462572
2022-05-17,0.02557156246293374,0.020361756220484327,-0.006299094085683991,-0.012157042899245374
2022-05-18,-0.050335985398613045,-0.04114682810227695,0.000531343704844183,0.021093553717157185
2022-05-19,-0.0053728330222010245,-0.006143327666501911,0.014590277160260899,0.0023923096249803956
2022-05-20,-0.003113047329293448,0.0004365474133427982,0.000697767757192036,0.011285760445925714
2022-05-23,0.01649090967479586,0.018537196518855215,0.004639589893868967,-0.01659088732091465
2022-05-24,-0.021491574624431062,-0.007663091503474822,0.007493711725538028,0.019540103379067347
2022-05-25,0.013898317135611956,0.008796031697811959,-0.006048248796558386,0.00394636795925186
2022-05-26,0.027330462098112563,0.019784339925124923,-0.001850609639927292,-0.004535222775232532
2022-05-27,0.03211815825390762,0.024252831049134137,0.0005208853826908474,0.0024383205475763435
2022-05-31,-0.002656390292231575,-0.005627142522853554,-0.009942270255165302,-0.021389569110662834
2022-06-01,-0.0074233572895215155,-0.008121215321537742,0.0063488366174163004,-0.0011435477685094037
2022-06-02,0.027017172707635293,0.01886440725173454,0.012234040087981134,0.0005159571399362952
2022-06-03,-0.026363442798403348,-0.016547610478608962,-0.010203900438868029,-0.002152403276548585
2022-06-06,0.0033253588077117825,0.003040216882689915,-0.004413447852864014,-0.018615706679844777
2022-06-07,0.008588731457319225,0.009546475003189286,0.006497267812168451,0.010742132503977951
2022-06-08,-0.007222751274622399,-0.010931719366578373,-0.0009256257836888652,-0.00889964514131057
2022-06-09,-0.02714957865138748,-0.024070264031670528,-0.0031883338247287547,0.0033246828558894004
2022-06-10,-0.035907626023805775,-0.029424098180961866,0.013323135228160962,-0.006221328212181877
2022-06-13,-0.04761224303625051,-0.03870800878149963,-0.02676735882447253,-0.03188190329506739
2022-06-14,0.00181389155980063,-0.003017798483741648,-0.008035407203286724,-0.012693711288961204
2022-06-15,0.024665134475193355,0.014155625431240776,0.012966509676610984,0.018484335754507333
2022-06-16,-0.041182763676345505,-0.03365615190544359,0.011180446816136464,0.007908276187690058
2022-06-17,0.012086221818484627,0.0021534249626212272,-0.008256810144045654,0.0032170211181806203
2022-06-21,0.02491634058622193,0.024861778299856988,-0.0037437854344901486,-0.017097366001775256
2022-06-22,-0.0014595319232613812,-0.0018144909014615438,0.003977268335422712,0.027129247949064374
2022-06-23,0.014783133131747726,0.009754891533724703,-0.006148118298448717,0.008181060320923247
2022-06-24,0.03368971093415736,0.03129881177781507,-0.0009989609969459391,-0.01393961654427453
2022-06-27,-0.007358728300358853,-0.0038269654222067885,-0.0011176944418580068,-0.008565068984617879
2022-06-28,-0.030940417705211224,-0.020644490908591166,-0.0016493806069405818,0.0046488360795912545
2022-06-29,0.0009164960136771592,-0.0008144919249480812,-0.0007666517068580592,0.015487786791975046
2022-06-30,-0.012480598487262752,-0.00815766257445734,-0.006095587698335223,0.008743277050976432
2022-07-01,0.006578766987342283,0.010521012969333424,-0.0008313996785857856,0.010214223816911698
2022-07-05,0.01697484005348385,0.0018866670288318734,-0.021437799680384485,0.007826363318295592
2022-07-06,0.0063915913899570305,0.0033718603549166663,-0.01596901758740465,-0.016933301832886348
2022-07-07,0.021173164274469667,0.01486581481799264,0.0005548992912700342,-0.008839236809440633
2022-07-08,0.001253435393679756,-0.0008224888073569977,0.00043143823725389326,-0.01113747034921129
2022-07-11,-0.021595992559006343,-0.011489627484525184,-0.0053749265251639535,0.017097089595540772
2022-07-12,-0.0097345182967114,-0.008888184672714934,-0.0037236489059839332,0.005924387791392448
2022-07-13,-0.00206314488549704,-0.005265565863427648,0.004776265963686179,0.011401389632443488
2022-07-14,0.003564511848455844,-0.0024314616788197654,-0.014146649261641277,-0.008192471015235996
2022-07-15,0.0179765233214587,0.01892482987540505,-0.0020104758163567997,0.0056124809355407495
2022-07-18,-0.008498753470948755,-0.008291258360136512,0.000942949789432323,-0.010473018817268444
2022-07-19,0.030290003214249683,0.026660701354916636,0.002384623832616704,-0.005409182020199711
2022-07-20,0.015732440978762818,0.0063527849432444255,-0.009446509339211243,0.0026210877765593063
2022-07-21,0.014252651276200267,0.010131854210577688,0.01401179660226555,0.017128197430489562
2022-07-22,-0.017690839714248438,-0.00932142249412337,0.0024926409954947677,0.016671381154288577
2022-07-25,-0.005711782480396764,0.0012142559680341422,-0.0027423043036363935,-0.009833240551059564
2022-07-26,-0.01984454574481323,-0.01190166942909608,-0.001186514317386386,0.0007666052217754922
2022-07-27,0.04139125225043652,0.02563487009418907,0.010133467249785824,-0.005633908592381864
2022-07-28,0.009730498032624069,0.012464515802527311,0.01211168004371747,0.007929615539788082
2022-07-29,0.01807270300432639,0.014473668948179875,0.0028071459585694595,-0.0027215261816966544
2022-08-01,-0.0006024813164064601,-0.0029657160837894382,0.005651232868696488,0.023798398009902407
2022-08-02,-0.0029861428445106617,-0.006619393287897764,-0.005955990148902209,-0.021386981768050674
2022-08-03,0.026868248592770455,0.015538205639946468,0.002435276067987767,0.015622055047258209
2022-08-04,0.004665743280259741,-0.0006758029925872392,0.016404693683584038,-0.0003352746520992621
2022-08-05,-0.008202439987661158,-0.0016915469029867368,-0.011309781450742627,-0.02409151654734989
2022-08-08,-0.0032378247321440895,-0.001161580450084495,0.008434348290836127,0.016012624728528005
2022-08-09,-0.011383088444835442,-0.003979041637382722,0.003054867797077557,-0.0038942079733618744
2022-08-10,0.027528708046027413,0.02078646276531729,-0.0025151110588634198,-0.006552900397096932
2022-08-11,-0.005692255798806487,0.0,-0.002641706914863643,-0.023585284757101498
2022-08-12,0.019283360175506234,0.01678747325907933,0.009155976822720392,0.010089590086642527
2022-08-15,0.008048948349907927,0.004112047880751708,-0.012950528089989187,-0.0008658312089244966
2022-08-16,-0.0023447892779328737,0.0019570066649344025,-0.0017516299628300418,0.004149214573016519
2022-08-17,-0.011471584278652427,-0.007123343882040575,-0.006489345947105167,-0.010492264378709102
2022-08-18,0.0024019016432248797,0.0029021286302189525,-0.0026198444873023344,0.0014807031442940172
2022-08-19,-0.019689417173529684,-0.013529150683838207,-0.007347552958114958,-0.016233523366778777
2022-08-22,-0.02668015654504739,-0.021042251878419075,-0.00665930336783302,-0.0033672388848385443
2022-08-23,-0.0008272643709219199,-0.0024222843332010907,0.006966551217581505,-0.005518707676412778
2022-08-24,0.002892881240594055,0.0031960696896633682,0.002944580504679446,-0.007345630521251041
2022-08-25,0.01752754535622276,0.014018843097378225,0.0030581063588208724,0.01384022374071778
2022-08-26,-0.04185186324696333,-0.034435205031492784,-0.012227153201929956,0.007509386816478733
2022-08-29,-0.00990474820798708,-0.006634079402533697,0.0006180465249853886,-0.00830764910336638
2022-08-30,-0.011198639061725892,-0.011038688017671067,-0.008375556136480044,0.0024817333939274825
2022-08-31,-0.0058302889720701885,-0.007638079793860939,-0.0077553096129762645,-0.009606980227445374
2022-09-01,0.0004341625288096978,0.0031329575201264723,-0.00882902347465035,-0.018477972507091416
2022-09-02,-0.01422915336820663,-0.010600323859833354,0.00876617372318804,0.005641028977443186
2022-09-06,-0.007208188250436962,-0.003780355598792586,-0.005856578259356107,-0.025080284715812196
2022-09-07,0.020000064559319502,0.017805391283131765,0.010117286090114818,0.015691468125735224
2022-09-08,0.0051710279267391124,0.0065151855745180665,-0.006020378897494643,-0.010310263643870353
2022-09-09,0.021626586267642318,0.015415592965680994,0.005269846503477033,0.002218251696435432
2022-09-12,0.011815901839861727,0.010690476301443768,0.005055386193321507,-0.008251099084667987
2022-09-13,-0.0563980286986737,-0.044456247621237385,-0.013096728906648173,0.002324604199393399
2022-09-14,0.00790215975684775,0.0038086309207673624,-0.003855034555311845,0.0034309750437580637
2022-09-15,-0.016794079533720786,-0.011418369227439997,-0.018855801737618274,-0.0006484842946637591
2022-09-16,-0.006133598425426405,-0.007658111210376861,0.005533767627080334,-0.008370646003925482
2022-09-19,0.007757504939678736,0.007724977129869714,0.0007697907679810017,0.002332355105868103
2022-09-20,-0.00800307728765715,-0.01154484269638165,-0.005722932055293624,-0.010020161266403503
2022-09-21,-0.018068620245265864,-0.0175977096806873,0.004632228320962459,0.016613990479492656
2022-09-22,-0.012383725362695433,-0.00843525044389356,-0.0005778441890031698,-0.025880412151462397
2022-09-23,-0.016415888097868116,-0.016896862504808728,-0.017427816406674814,0.004076601113413768
2022-09-26,-0.004146426838766679,-0.009941855444927336,-0.01170141432179742,-0.0192955776264186
2022-09-27,0.0004009812647688368,-0.002556026640368578,0.0020477436877313054,-0.026684022398497192
2022-09-28,0.019696920811712267,0.0194852940823931,0.020573557832177892,0.03293364322590801
2022-09-29,-0.029251408105622698,-0.02111026059014335,-0.0001939471718055397,-0.005189495426590634
2022-09-30,-0.017102226443582783,-0.01558429918359718,6.462035224685361e-05,-0.01299465418827969
2022-10-03,0.02318968266867667,0.026058747198646388,0.024019005945363412,0.015764464070404053
2022-10-04,0.030956590188147382,0.030516079285804503,0.014226444596111972,-0.002796929489494034
2022-10-05,-0.0005318306495639239,-0.0023308809690021416,-0.005553659432976476,-0.009607543212116237
2022-10-06,-0.007903855044552816,-0.010369380426901864,-0.0011269264553861384,-0.0055736708965587025
2022-10-07,-0.03884914447787626,-0.02829026590494975,-0.011023386142689101,-0.00975539987646151
2022-10-10,-0.010046779785207901,-0.007664627801509112,-0.015318203217156916,-0.015668381887571317
2022-10-11,-0.013833243337416699,-0.006353022327548598,-0.002060212330939929,0.004415941833778315
2022-10-12,-0.000342744200456233,-0.0033039414839262813,0.005335071671709423,0.004895178722408474
2022-10-13,0.02318167447829802,0.026048819642187724,-0.006947611087114204,-0.009612578060868784
2022-10-14,-0.030518395657371356,-0.023052392157172346,-0.012537160793022467,-0.008284605237877121
2022-10-17,0.032488075304459844,0.025372441077679886,0.0028720806307473926,-0.0048815792700242335
2022-10-18,0.007876696864005018,0.011681023370306349,0.002148660090392182,0.0023421934062767126
2022-10-19,-0.003653384973117847,-0.007111806048609167,-0.013488925988338462,-0.018373959287167972
2022-10-20,-0.005114914333180836,-0.00842065724659219,-0.0015834633753089122,-0.017240938950618415
2022-10-21,0.023177090347569523,0.02401088522708693,0.01767059741452654,-0.018186836596604253
2022-10-24,0.010941077452826293,0.012162227808752427,-0.0032488658845126403,-0.008298940718276297
2022-10-25,0.020474959286944233,0.015842395144657778,0.002275353560635257,0.028697077898391
2022-10-26,-0.022343948917192026,-0.007562515935884774,0.006343446354353355,0.014304191814568573
2022-10-27,-0.018373915854439003,-0.005354282907883258,-0.0015497241473593686,0.01041633751116781
2022-10-28,0.03014173701608987,0.02351200256968916,-0.01026317410117862,-0.006897659385415434
2022-10-31,-0.011695644215976575,-0.007249639251508478,-0.008194886192774814,-0.0071536467972109705
2022-11-01,-0.010270659427683541,-0.004385367359332193,0.010151726172797497,0.009302310509431611
2022-11-02,-0.034878115765418584,-0.0254165460572156,-0.006996970202892216,-0.004349663512913762
2022-11-03,-0.019728019201140118,-0.01035011165462534,-0.003813297433937162,-0.005411972124756163
2022-11-04,0.015956775119156608,0.014290444529883647,0.0302345832528433,-0.016942783836953426
2022-11-07,0.010934436307662141,0.00952013055441446,-0.003970260739379374,-0.010026878858316645
2022-11-08,0.007260763092158321,0.005380927376610334,0.022836328940686813,0.010875631220126868
2022-11-09,-0.02334673435148362,-0.020817267421504512,-0.005029894759161607,0.003281934990245727
2022-11-10,0.07119327520265,0.053497172889326906,0.029990153003992607,0.037752289064152594
2022-11-11,0.0182583856873525,0.009632177246944804,0.00658459794711783,-0.0036711384418915793
2022-11-14,-0.00878968486494825,-0.00854317768454699,0.0021852662272774694,-0.002455110419465071
2022-11-15,0.013743192388475987,0.008493065150777307,0.0035106980811025834,0.016051132022401805
2022-11-16,-0.013743192388475866,-0.007658035094673262,-0.0022987420952167376,0.02163243666265007
2022-11-17,-0.002209682647442393,-0.0030647078386335943,-0.007293959961673216,-0.010607969845355308
2022-11-18,3.5162757707341084e-05,0.004530196248764649,-0.006917507382313755,-0.0069011512270933965
2022-11-21,-0.010340277468150545,-0.0036428538397377044,-0.0056056352070885974,0.004206257786070767
2022-11-22,0.014299852999905044,0.01336744439712224,0.0011730356909015207,0.014091879243197946
2022-11-23,0.009986612287559713,0.006281686208137333,0.006212503317279542,0.017291152138605
2022-11-25,-0.006600107086745747,-0.0002237298863343485,0.000858102340972588,-0.0033955986250967436
2022-11-28,-0.014782059941531672,-0.016085625076645522,-0.007934893665371402,0.0028143951546460012
2022-11-29,-0.00759832271573019,-0.0017190194345340093,0.004928261563008794,-0.011794907445190959
2022-11-30,0.04457727439899683,0.031014500353448042,0.012700921015012894,0.007327310070206999
2022-12-01,0.0012264327156967347,-0.0007360467569426803,0.01821784239630758,0.031446442469743506
2022-12-02,-0.00399123217486192,-0.0011543579147430501,-0.0034616677176241193,0.012496716836791481
2022-12-05,-0.016925777008163202,-0.01815300548546934,-0.01730780530272015,-0.01410597967034061
2022-12-06,-0.020938038035988805,-0.014519589488574972,0.0027336344458788004,0.01279800080592033
2022-12-07,-0.004091005699329511,-0.0017028709913099712,0.008998493556537802,0.023289081579449186
2022-12-08,0.011765130746926955,0.007803513453871136,0.0008413425277820795,-0.0027441689552930933
2022-12-09,-0.006397091008925034,-0.007498234770679308,0.0035378943750204003,-0.026358965209048436
2022-12-12,0.012473445586027568,0.014314203755324743,-0.008294841833501867,0.003192469057487085
2022-12-13,0.010692560605508748,0.007541428356895101,0.016936889733695327,0.009609833519787763
2022-12-14,-0.007441375979377097,-0.006414050124492778,-0.0024359858905979824,0.004261914191279442
2022-12-15,-0.03415326641911124,-0.02476575164863814,-0.016494600382901816,0.0038940067576217277
2022-12-16,-0.00958013938342312,-0.011876391412637362,0.008671019495160068,-0.011233419042300227
2022-12-19,-0.014153077312042317,-0.008515867356212967,-0.0028218082489996433,-0.01694794180142483
2022-12-20,-0.0007790184164058907,0.001367518023456995,0.016458298941440037,-0.017916466338668984
2022-12-21,0.014402113612013975,0.014841711966948438,-0.0016573862871153066,0.002510390991878949
2022-12-22,-0.024769424878686913,-0.014368938805969202,-0.012158980168932585,-0.00019273114983876525
2022-12-23,0.00224651548378175,0.005735771053899825,0.002993835039254722,-0.014769304480612332
2022-12-27,-0.014239008792570434,-0.00395122791952178,0.008394677302769623,-0.019970879307400175
2022-12-28,-0.0132908894092324,-0.012505750494466407,-0.004515989032750605,-0.005909117933169124
2022-12-29,0.024082887082858207,0.01784026897465023,0.005582639597805041,0.011287031273831417
2022-12-30,-0.0006004973882914688,-0.0026377119603027918,0.004667758029330661,-0.01118687789133349
2023-01-03,-0.0067830534845618245,-0.00421873903301415,0.008335816871946341,0.018904371456442418
2023-01-04,0.004752905715645456,0.007690539273817254,0.009367889939565922,0.01360680580848818
2023-01-05,-0.015778084907602796,-0.011478835509646979,-0.01252963086748756,0.004172215087854794
2023-01-06,0.027227407255410306,0.022672847433256565,0.01853466381119925,0.018229384640522674
2023-01-09,0.006452274419695458,-0.0005669563185534541,0.0022426010679794787,0.005310129885998205
2023-01-10,0.00842896297767375,0.006988385056668351,0.003669304474491391,-0.016688412754450436
2023-01-11,0.017152040606667474,0.012568574791718296,-0.0006870298860052756,0.016121025194849575
2023-01-12,0.0053900264232447075,0.0036341476951912643,0.011501603213231942,0.01949086918481384
2023-01-13,0.006856933160405763,0.0038721054232500785,0.011930333702592914,-0.00941685905266272
2023-01-17,0.0020268955242512578,-0.0018337857873670916,-0.006566591290624395,-0.006484771237816353
2023-01-18,-0.013085207949134151,-0.015913928429430586,-0.0028758838411488395,0.02394260015987719
2023-01-19,-0.00987335269359402,-0.007306289172804494,0.015743931377470842,-0.006279420278173845
2023-01-20,0.02699929991346747,0.018457526103742454,-0.0033409804213138158,-0.016343950737920422
2023-01-23,0.021972762352547894,0.011927162276459612,0.0018946378029897782,-0.004719222178256762
2023-01-24,-0.0020438724204273058,-0.0010738478473293165,0.0036119840879409123,0.014277857338606967
2023-01-25,-0.0022220916023253604,0.0003748393928280588,0.004593393795208086,0.002422074600322737
2023-01-26,0.01930997791838697,0.010930348465984452,-0.009096515003608066,-0.004663288319620868
2023-01-27,0.009905200861535643,0.0022950483218364083,-0.0013939615756237058,-0.0025270035081392576
2023-01-30,-0.020425870712071675,-0.012626340944803156,-0.002570014931290955,-0.0036613553508689518
2023-01-31,0.01487489534295324,0.014596439188913938,0.0036296165072691286,0.007962821075276523
2023-02-01,0.0211580032050255,0.010571622669187552,0.012518134528387544,0.011950029519989013
2023-02-02,0.03526083944677791,0.014452022070092189,-0.0209702840085377,0.0012927530854133086
2023-02-03,-0.017932248207944028,-0.010685944242512594,-0.025274496401227434,-0.015068483365600856
2023-02-06,-0.008495114835088935,-0.006130111565232442,0.002073259184240806,-0.007431585330718586
2023-02-07,0.02050719958985404,0.012993873208603212,0.0009200023760844002,-0.008057877848587244
2023-02-08,-0.017941109140298717,-0.010994910719194059,0.002468544755507998,0.004747787821350506
2023-02-09,-0.008877074072737511,-0.008707066038422213,-0.007943887464013586,-0.009518387854441807
2023-02-10,-0.006584807775173903,0.002330977588438958,0.0019053779351280687,-0.011252912099759009
2023-02-13,0.01588902602565376,0.01167046128552215,-0.005089097798950408,0.008379687751786874
2023-02-14,0.007361839732966733,-0.00046007959137658557,0.000753454984742333,-0.0023045710188094584
2023-02-15,0.007631820687176833,0.0032419653576259127,-0.010014646847400324,-0.009368764836253362
2023-02-16,-0.018942541609498893,-0.013864422702815318,-0.0008195726363130796,-0.014269341715292328
2023-02-17,-0.00708059266160918,-0.0025012051941571724,0.002982339072148569,0.007746132775461427
2023-02-21,-0.023959807968954597,-0.020264989745629538,-0.0037440046605545256,-0.01962870364625076
2023-02-22,0.0007477945868119822,-0.00137904601648441,-0.0056423768979153,0.009122332118425312
2023-02-23,0.008696058458091628,0.0053052657087606465,-0.0005305918526508475,0.009724781279500487
2023-02-24,-0.016885842740072605,-0.010740081172068306,-0.0072206822499255125,-0.013086081075941796
2023-02-27,0.007135706162670133,0.003400279175855961,0.003912670406128105,0.002768929814179877
2023-02-28,-0.0012936099309630938,-0.003702664016938752,0.004545621851780495,0.004533120057651591
2023-03-01,-0.008071545575011104,-0.0038433556662187613,0.005755555600934512,-0.010800985221369096
2023-03-02,0.008241805769672384,0.007747113444497443,-0.000585735153896139,-0.008906984636183776
2023-03-03,0.020463110232096477,0.015910654288187012,0.010666001055863707,0.023937173219223222
2023-03-06,0.0011338067382576167,0.000692448127626306,-0.0050565936951402655,-0.007783510451340568
2023-03-07,-0.012341778714412766,-0.015447378829774934,-0.017635068390636166,0.006113598109953943
2023-03-08,0.0049818218711881815,0.0016307534663686652,-0.0004745630282821619,0.0009827619509634306
2023-03-09,-0.01747761343888623,-0.018622232289646625,0.00980112770009771,0.002452229228474388
2023-03-10,-0.014143280454010395,-0.014534515741722013,0.021333667247723984,0.033904483094641655
2023-03-13,0.007389097096276532,-0.0014262603531740507,0.022688861946558777,0.00227079992830459
2023-03-14,0.022719789912534868,0.016394955071063665,-0.005807897981361377,-0.016578208276781584
2023-03-15,0.005232231280763325,-0.006273869771758553,0.007773838437142398,0.019125857612978414
2023-03-16,0.026019276840841817,0.017392819415576792,0.0020180543660701534,-0.007853471746585962
2023-03-17,-0.004737332125580516,-0.011761475369881558,0.028704276731304653,0.014897435022688732
2023-03-20,0.003542470374058753,0.009569738250930137,0.0003807952240648717,-0.008836252212068827
2023-03-21,0.014181480508454133,0.01304502951162131,-0.01905552456933767,-0.008629025653476065
2023-03-22,-0.01369124043132396,-0.017193554747041238,0.016877382247649345,0.013245048693039645
2023-03-23,0.01178825263673101,0.00269982561770399,0.012460224063675791,0.0
2023-03-24,0.003673722549484885,0.006540453455513668,-0.011316136891165252,0.004220229172505199
2023-03-27,-0.006874743068976839,0.001868108105423092,-0.009299831745516636,-0.02377100577276199
2023-03-28,-0.005325865844396074,-0.0022470590168480247,0.008155744573006158,0.0018193140907882077
2023-03-29,0.018069815713682526,0.014430166618561984,-0.0049731154716589265,-0.0020112066902393554
2023-03-30,0.009420631746077436,0.00583831073567316,0.008998964139577773,0.004590824501459076
2023-03-31,0.016493904453549375,0.013996102355903161,-0.0052258772770236855,0.014869845821816394
2023-04-03,-0.0024333333178356174,0.0038032805558098136,0.00717858251921089,0.004692204687796762
2023-04-04,-0.003379185197994547,-0.0055633949292324255,0.018469345695108493,0.004959485362794457
2023-04-05,-0.009921309791492241,-0.0026218175548809344,-0.0007982432900847153,0.010400386409515714
2023-04-06,0.006719359571564319,0.003893317663126675,-0.007159660374899705,0.0025830873054344464
2023-04-10,-0.0005660871845517275,0.0010257219704915101,-0.007427401530065852,-0.016255694396597176
2023-04-11,-0.006438184199907464,0.0002685611546398381,0.00630066529229045,0.002057833790971973
2023-04-12,-0.008873167260165507,-0.004084230681255864,0.0048732452945133,-0.0010286257541212095
2023-04-13,0.019392857185340468,0.01319538607607356,0.013425150587981827,-0.007889282418898427
2023-04-14,-0.0018817020766390877,-0.0024459189260851427,-0.017869017219899228,-0.009188903260022424
2023-04-17,0.0008471458376488475,0.0035818552784805577,-0.00446370276447651,-0.011967023721434298
2023-04-18,6.276618548623323e-05,0.0006521056873768985,0.0038732698004284223,0.0035569441286911235
2023-04-19,-0.00047045363102173575,-0.00016894464719965568,-0.004789973842758077,-0.0009599945587087719
2023-04-20,-0.007653796181197276,-0.005472112239369973,0.003930524556986942,0.008513270163555546
2023-04-21,0.0010427299418349768,0.0007767028723817888,-0.009936876904451757,-0.0056353965079474575
2023-04-24,-0.0020865483044292346,0.0010425376530177153,0.0030347260178608367,0.009627763981813524
2023-04-25,-0.019044035266088225,-0.016001189368550692,0.005073426510561733,0.014597440040474585
2023-04-26,0.006046439009385845,-0.004244590442592144,-0.005452222698837164,-0.010715500337399531
2023-04-27,0.026827799098080116,0.019712604259657995,5.4098929279836664e-05,-0.009971983667540261
2023-04-28,0.006874955159588388,0.008498929458782447,0.0002706158931134578,0.016001940861447652
2023-05-01,-0.0011478049876568527,-0.0010103558533018984,-0.004501468248394752,-0.02925855798095983
2023-05-02,-0.008759812281808955,-0.011302694381354228,0.01911282169964576,0.02461455029780968
2023-05-03,-0.0065655166746249865,-0.00688780980972488,0.00844333039400089,0.0055664038461188305
2023-05-04,-0.0035360894238993888,-0.007108204772439692,0.007008337579460111,-0.009927890320840684
2023-05-05,0.021031758391455675,0.018343310909523132,-0.015771672012865213,-0.003331079008336832
2023-05-08,0.002474538743494049,0.00026644300995539485,0.0012261535425393925,-0.014114012155725995
2023-05-09,-0.006353456538530821,-0.004394862280112467,0.007061173494320752,-0.0035838988998098485
2023-05-10,0.010823087371410784,0.004661463456646563,-0.0014294640409972018,0.009657169946478987
2023-05-11,0.0032548536151641677,-0.001745426878504617,-0.008619799546280105,0.010516300059979038
2023-05-12,-0.003593160636679402,-0.0013111489604975724,-0.001711544099310757,-0.008404320169446382
2023-05-15,0.005400173977871737,0.0034441284187962267,0.0021389727993926496,-0.010411571216081739
2023-05-16,0.001131562511086081,-0.006705137126535506,-0.01257816833072297,-0.0030087424875202577
2023-05-17,0.012031506208414314,0.012065952161799872,-0.003467895133703326,-0.002920107332599381
2023-05-18,0.01840285817048449,0.009586918256083456,-0.013057794413406836,-0.0074365606388414295
2023-05-19,-0.0022559251256098894,-0.0014561415926526494,0.009850156652287684,-0.007096390424705507
2023-05-22,0.0033526212116859024,0.00040615642716842717,-0.002344243508491738,-0.003567127509308232
2023-05-23,-0.012757322661037936,-0.011286241554553,0.0012000108481294142,0.0028744104670622547
2023-05-24,-0.005142965456673786,-0.007271236307929698,-0.008101176111367243,-0.004961273589671606
2023-05-25,0.024041581044488596,0.008622614294147426,-0.00966457904681634,-0.002489855558028467
2023-05-26,0.025229504787922605,0.012867498680235148,0.003987606250000357,0.008044951876024704
2023-05-30,0.004524777978050464,0.000380863054988171,0.006171471778321201,0.009941499772992947
2023-05-31,-0.005702243731897775,-0.005560533856066652,0.001537018842589403,0.008678763033125937
2023-06-01,0.011485957608195835,0.009456151637992112,0.007867103377943253,0.0039160804302745995
2023-06-02,0.007471835764335849,0.014357683486097788,-0.014857275420164701,-0.011018656553375084
2023-06-05,0.0007045186498523669,-0.0019181461157270017,0.0060023657211361265,-0.0018646017251687961
2023-06-06,-0.00016901127657973118,0.0021749963595220686,0.0010974372841257363,0.005876565238405827
2023-06-07,-0.017110889281777977,-0.003463742301760538,-0.012083252758880945,-0.014954676038763848
2023-06-08,0.012336674384806654,0.006030312879869576,0.013124733073092816,0.011628747698783483
2023-06-09,0.0038153909249265816,0.0017926806654509529,-0.002688130119841765,-0.0013726241536821332
2023-06-12,0.016756101446045463,0.009031025211275454,-0.0008792504640156504,0.0029392226695840154
2023-06-13,0.007654707925217973,0.006571302987121067,-0.00739483312084137,-0.009929680247604267
2023-06-14,0.007241102186150643,0.0011901174467763007,0.0005537743402144653,0.00797113108714595
2023-06-15,0.011845427518060848,0.012321478886480164,0.007005982383036308,0.009560193833255085
2023-06-16,-0.006312832170939452,-0.0034121504072170297,-0.0015404017609150433,-0.003890944440403161
2023-06-20,-0.001432686066698388,-0.0052016318482247725,-0.010404681043488588,0.006896241695232022
2023-06-21,-0.013721273459358337,-0.005136946646690263,-0.0014474699268161662,0.002416715366501307
2023-06-22,0.011729818145451116,0.003603309739865633,-0.009966480697039254,-0.012143729262981653
2023-06-23,-0.009963013616269936,-0.007588712818548632,0.0027534519339434175,0.009920520444927357
2023-06-26,-0.013496147229064372,-0.004094116268130581,0.0017380933759117798,0.0010639436986127173
2023-06-27,0.017048140011004506,0.010903711247514516,-0.00460411859047838,-0.0026136184082556045
2023-06-28,0.0019495978791508465,0.0005042170858548278,-0.002310076023493695,0.004255901376470883
2023-06-29,-0.0020045304872288844,0.003933686599007802,-0.0010723394318449203,-0.018213271758697677
2023-06-30,0.015302309773010185,0.011731597944055256,0.006641221688667137,0.011725584391170848
2023-07-03,0.0023525023741639405,0.0011497540933342115,0.001121247777740352,-0.005685198119512888
2023-07-05,-2.723740675321262e-05,-0.0014883731454260571,-0.003536277643963551,-0.009547723178140658
2023-07-06,-0.007645032096053972,-0.007861426703559271,-0.002984649764026069,-0.01424413763560447
2023-07-07,-0.0033254927580778078,-0.002527977451823485,0.007473004815488796,-0.006037453964674614
2023-07-10,0.0003276175405783464,0.002527977451823526,0.0007833887164984092,0.0013112103981956452
2023-07-11,0.0049282325821772485,0.006348397783909797,0.003740607755698653,0.0051274080128793495
2023-07-12,0.01255099615120771,0.00801362567918413,0.013450555215707776,0.011069891576856825
2023-07-13,0.016836216994509545,0.007905612672480506,0.0007144446386035077,0.010457760852774545
2023-07-14,-0.0002110316345556945,-0.0006230635416328478,-0.0031917364290746223,-0.0059060302007992675
2023-07-17,0.009295269545037406,0.0034663410551877124,0.0007163001287566721,0.0004935036389463651
2023-07-18,0.008147379331111239,0.007402955466768187,0.011391151915954547,0.004528710303366958
2023-07-19,-0.0002334174368609989,0.0022213745072375175,0.00016334311378929522,0.011233506835790495
2023-07-20,-0.023321668167767734,-0.006656679270247492,-0.005076251540707524,-0.012216129132527044
2023-07-21,-0.0030039008630841427,0.0,-0.003069238517008006,0.0002950370713459652
2023-07-24,0.0015962082834291053,0.004457370028261105,-0.0042906650791519445,-0.0036439745545753127
2023-07-25,0.00675470483556752,0.0027263941487012514,0.0055524167407640206,-0.001876207323265004
2023-07-26,-0.003331985008141137,0.00015360893602427535,0.0048672507195615744,0.0009880169752377102
2023-07-27,-0.002386910512251351,-0.006651856829195976,-0.015836715414990758,-0.01964453038222291
2023-07-28,0.018050922902669176,0.00974260619992196,0.007949707574281263,0.005122434183609941
2023-07-31,0.0005213503737698487,0.0019022932887149731,0.002690787072192315,0.0024019534551731527
2023-08-01,-0.0023222762905553782,-0.002865707198315933,-0.010418766955581948,-0.016522926835286837
2023-08-02,-0.0221884397932746,-0.014008478144440025,-0.004776993918500052,-0.010756357650919026
2023-08-03,-0.0016039766503551836,-0.002869957064166507,-0.00033420291832367705,-0.023341578875521622
2023-08-04,-0.0046927022995522615,-0.004533078850744249,0.003613876354074006,0.01755684544143253
2023-08-07,0.008430990438676707,0.008690757320111592,-0.002277988932518744,-0.009890030746693814
2023-08-08,-0.008538517181899628,-0.004358235275934895,-0.006361270240024672,0.011546502096539988
2023-08-09,-0.01105548496357602,-0.006707713725160881,-0.00476956334967285,0.005157626993592881
2023-08-10,0.001846501043232347,0.0003588931711232599,-0.0010691758408616784,-0.016599588294705262
2023-08-11,-0.006396079220092213,-0.0005831875206847337,0.0,-0.002304186783974916
2023-08-14,0.011159751018684784,0.005504758624095333,-0.003045220530389694,-0.0022044068575380014
2023-08-15,-0.010668407164807112,-0.01171726498710179,-0.0026580037072091345,-0.006113774657227772
2023-08-16,-0.010645453914029074,-0.007365214062101481,-0.005792775189194925,-0.007854672467128346
2023-08-17,-0.010983002916602534,-0.007649040915198148,-0.0015390561619561794,-0.0042715440690808916
2023-08-18,-0.0012556962835996253,0.00048119097853108536,0.0001711135895520659,0.003525335300286098
2023-08-21,0.015983102382981645,0.006485101544522095,0.00273392964256731,-0.013420032519152171
2023-08-22,-0.001429890792385018,-0.002712145696264852,0.0016481975934526548,0.007644707481818668
2023-08-23,0.01564537065984911,0.01107607681571564,0.010113328144583607,0.024475233928127074
2023-08-24,-0.02160744039706865,-0.013955872566613499,-0.0002248455933195227,-0.006615578431714052
2023-08-25,0.007721599411412681,0.007025025110922505,-0.0012941233726573686,0.0032606141849561565
2023-08-28,0.007498885115200109,0.006321303733091763,0.002867238875764686,0.001049834162088551
2023-08-29,0.021604768148082973,0.014351364958790094,0.00972069237763269,0.010332585901997966
2023-08-30,0.005561286161722134,0.004110350886107214,0.002498750315822613,-0.0010388623434286837
2023-08-31,0.002993947581351194,-0.0014645289400973122,-0.001665111347163996,0.004459062612763451
2023-09-01,-0.0010586812350636633,0.0018633840564082457,0.0004997991755412262,-0.015700758715389937
2023-09-05,0.0012702339538284018,-0.004331210579402962,-0.008195174622491511,-0.014121435175893335
2023-09-06,-0.008846781056260421,-0.006745150651221146,-0.004544556063018457,0.0024563823204680497
2023-09-07,-0.007177283329330233,-0.0030748614834071545,0.0010678794784509471,0.0027695840219920677
2023-09-08,0.0013964724519275812,0.0015049765644156706,0.0003369702787594387,0.0038220118232025232
2023-09-11,0.011713970484227978,0.006555021402548966,0.0018513951035425602,-0.007231732048299415
2023-09-12,-0.011150400007625818,-0.0055006437562316055,-0.005169992663578624,0.005747060322509642
2023-09-13,0.0038019543089976046,0.0011652171062420044,-0.002312682045193072,-0.00021227601417186993
2023-09-14,0.008144031282691496,0.008585381228076092,0.0005080950731221542,-0.007243969421146399
2023-09-15,-0.017271347355851313,-0.012121406471282462,0.00658210689497754,-0.006113189685328279
2023-09-18,0.0010417735590656804,0.0005862429320656907,0.00587038313631886,0.005685235075289894
2023-09-19,-0.002133576924724535,-0.0020758781402667277,-0.0009480950413542692,-0.007407583425081858
2023-09-20,-0.014515258855420477,-0.009235908788924073,0.0007251297423292754,0.0031198226841734557
2023-09-21,-0.018494418345079672,-0.016666559483889627,-0.0072748111459232075,-0.02600938743947451
2023-09-22,0.0001396661308451396,-0.002251063437673534,0.0031961900557462815,0.008016141682956923
2023-09-25,0.0047385395603057115,0.004196388063376429,-0.005163898932470834,-0.024916594673327477
2023-09-26,-0.015130198213920242,-0.01480019024182423,-0.008023084937964609,-0.0034819543809154305
2023-09-27,0.0023405735261356714,0.00039900425120884117,-0.012443751217319037,-0.00518980392364719
2023-09-28,0.008330531463087557,0.005780709776433153,-0.005009715204337903,0.003049444992640267
2023-09-29,0.0007258675567775351,-0.002429822717814767,-0.010328505518099336,0.00011262067617066876
2023-10-02,0.008310980054974892,-0.0003978157324747702,-0.0105542058560987,-0.01688177707790025
2023-10-03,-0.01770539052815243,-0.013476401254703847,-0.002892421000056923,-0.02174643362921447
2023-10-04,0.013516887116176256,0.007255617500643067,-0.00011826350756014561,0.014009167591889367
2023-10-05,-0.0029508145949537438,-0.0003769318909832566,-0.0018344684108627424,-0.004997443305950089
2023-10-06,0.01661665582307147,0.011802934387630335,0.005139851922273756,-0.012190845702668072
2023-10-09,0.005087005143767511,0.006381661598519808,0.018218478536943455,0.02319850627622892
2023-10-10,0.005522756690250996,0.005191446168238536,-0.0016795054754092334,-0.0013838668191915478
2023-10-11,0.007109935250264376,0.004087876546173084,0.007276507826110017,0.020671169127289286
2023-10-12,-0.0034810454168535676,-0.006115105417340214,-0.0030543103873241243,-0.027502626732896693
2023-10-13,-0.012649622017196258,-0.004993253990147181,0.03164231938177581,0.01773407296134461
2023-10-16,0.01124291559991983,0.01046648646875101,-0.004876800474351656,-0.016224831028340204
2023-10-17,-0.0032808016426593796,-4.595102210601599e-05,0.0018525567250013085,-0.011082040950355813
2023-10-18,-0.013204708501706946,-0.013414673117698344,0.014367113783494704,-0.00883694470693842
2023-10-19,-0.00940079185025174,-0.008825270683920815,0.012199301049654077,-0.020685535257278894
2023-10-20,-0.015030439638120705,-0.012364151396989632,0.0027271753020748097,0.005662476851448201
2023-10-23,0.00301302817748238,-0.0017346139418539638,-0.0033827788768209456,0.01194162384153983
2023-10-24,0.00968106036742101,0.007510963341328775,-0.00010933686369138149,0.013090668992122405
2023-10-25,-0.024780407305879174,-0.014455972720305353,0.004199991317574014,-0.02251295766667113
2023-10-26,-0.01925129748503123,-0.01204686171456709,0.00157720800379265,0.015222351499890775
2023-10-27,0.0047897992844398146,-0.004543208992438795,0.011562693424814757,-0.00425786189075225
2023-10-30,0.011202378864888554,0.011884912808626037,-0.0056565149769635704,-0.0045142148675792245
2023-10-31,0.004770867389331043,0.006260527263720634,-0.005471503988171267,-0.004893485429608708
2023-11-01,0.01720795855513113,0.010608331914816969,-0.0031556165767174377,0.021450520825384338
2023-11-02,0.017990474155371344,0.018983092596027325,0.0033185604405963163,0.022540883638851445
2023-11-03,0.011680422214654504,0.009082050494181796,0.0036323164276059108,0.006755226257160362
2023-11-06,0.004070908451240191,0.0022978143691925676,-0.00782308105070571,-0.009746893320944479
2023-11-07,0.00940833345295459,0.002841899127881704,-0.004153745714032089,0.014642227837039494
2023-11-08,0.000643674175275993,0.0007321442059450977,-0.010017653470627112,0.016890316191399055
2023-11-09,-0.0077253582397438314,-0.007829325852549595,0.003975057413790778,-0.023270199846827405
2023-11-10,0.022233219228521294,0.01548436540227918,-0.010969699953245399,0.005584703298171445
2023-11-13,-0.0031232902236315793,-0.0009536902939947482,0.005555261386915847,-0.002275556063077785
2023-11-14,0.021297955474835272,0.019214943922814785,0.008879636186604733,0.022414226500837846
2023-11-15,0.00075229246574032,0.002114894003463433,-0.0026390807860946154,-0.014133422363307774
2023-11-16,0.0008554684535523157,0.001222319843332755,0.011222864579353571,0.012349952009217461
2023-11-17,0.0002332990224949021,0.0012430510828984733,-0.00010890827769753537,0.004675408559409154
2023-11-20,0.012101192192695245,0.00766809773669842,-0.0016347162383040547,0.0060897497326157105
2023-11-21,-0.005826342580772299,-0.0021818132268856157,0.010740019593542038,-0.0004414238161281545
2023-11-22,0.004084670433196715,0.00385351592138836,-0.004271361889171939,0.003527594074711065
2023-11-24,-0.001411070062672791,0.0006149695582361684,0.005188115339681599,-0.011844812147977135
2023-11-27,-0.0008733655153983834,-0.0018025089210125633,0.006715220224108336,0.01656564805776498
2023-11-28,0.0026175740492022205,0.0009897140438139371,0.013243765854618068,0.0019697222193744758
2023-11-29,-0.0009743879963620013,-0.0007036807223913613,0.0014783465644929395,0.012492492482792742
2023-11-30,-0.002517076651043799,0.003929640013678439,-0.004176660491012712,-0.01161844551360244
2023-12-01,0.0028505080042391835,0.0058985253633653196,0.0171240372669512,0.01865886780967968
2023-12-04,-0.009326781450988236,-0.005263341150422619,-0.021850417580745678,-0.003986758151301612
2023-12-05,0.002507645924327139,-0.0001970333124301093,-0.003786606077863042,0.021258077493443505
2023-12-06,-0.005800650598634158,-0.004037848802542808,0.003680115406357525,0.013229937394293314
2023-12-07,0.013875731852199662,0.007601341411487771,0.001648967455985853,-0.005753531248682011
2023-12-08,0.004446647428498099,0.004289891718893049,-0.013430173514668298,-0.008216808475786767
2023-12-11,0.00850595054583891,0.0038820677548469826,-0.011104320560253362,-0.0021177201982389942
2023-12-12,0.007932513360719037,0.004556827759051625,-0.0005447904909059331,0.0029637118626753703
2023-12-13,0.012637302462348584,0.013695995144767858,0.02231176448891427,0.023191536782961507
2023-12-14,-0.0008672296790207377,0.0032042046284152777,0.005845435089187853,0.025680070226534256
2023-12-15,0.004822180375586157,-0.0016479533758232859,-0.009208782757507668,0.0011102485881213007
2023-12-18,0.006278903497332702,0.005609476881247664,0.004535187656823467,-0.007999628262597938
2023-12-19,0.005096606300293569,0.006062377980568466,0.006790830606181505,0.00537392408690887
2023-12-20,-0.014971280737541547,-0.01395416980826934,-0.005460866362358439,0.006752315608281253
2023-12-21,0.011568315645020609,0.009437269653014094,0.007045755720440373,-0.006348175561112559
2023-12-22,0.0014948842333498032,0.002007624002352986,0.004424614031362936,-0.004558768107284355
2023-12-26,0.006103097040424258,0.004213706702836963,0.007591842151508473,0.0028389768708299424
2023-12-27,0.0020336048303244048,0.0018063608956665977,0.0045275772625212145,0.017564472376915368
2023-12-28,-0.0004862676306972287,0.0003776781591773214,-0.005832413160524644,-0.007289481095001847
2023-12-29,-0.0043370419497497864,-0.0028992062758209074,-0.001568069797763166,-0.00906071404404708
2024-01-02,-0.017066912998614823,-0.005611970885816265,-0.0023566846852945507,-0.005781330472953261
2024-01-03,-0.010637965969705154,-0.008200262167733624,-0.008371755159892112,0.00416204998739063
2024-01-04,-0.005159836939735133,-0.003226345423194257,0.0010041086074332737,-0.015311125984916359
2024-01-05,0.0011853778484533018,0.0013686873642282191,0.00015844285681933427,-0.009612080712271959
2024-01-08,0.020457256282755472,0.014175150244641138,-0.00784697829301582,0.0098179396871923
2024-01-09,0.0019734937994218688,-0.0015182964573830914,0.0003193058065587502,-0.006396712553422495
2024-01-10,0.006754748295028806,0.005639450367432988,-0.0022906686849215973,-0.004668272155028637
2024-01-11,0.002078694118844515,-0.00044068227018107274,0.001971362878362661,0.005599453863775729
2024-01-12,0.0005128106825766687,0.0006924789559921716,0.009746417465784744,-0.001966741390915682
2024-01-16,-9.766511902555213e-05,-0.003677984833470364,-0.009533481464917172,-0.01776972737410047
2024-01-17,-0.005656743915537503,-0.00557422090068083,-0.011077075533253638,-0.0015829548032413468
2024-01-18,0.014094398500341119,0.008853580159479445,0.0081991767942437,-0.009339308025893897
2024-01-19,0.019636820766052082,0.012389062769554024,0.0029842685447011067,0.0031935699046833
2024-01-22,0.001305113245332178,0.0021121024160343275,-0.003785111631635069,0.0059341154987308485
2024-01-23,0.004141085843375551,0.002912197310490956,0.0038915513093621982,-0.007955413752697005
2024-01-24,0.005533791023081096,0.0010926212844049338,-0.008281084265806402,-0.005874529284161303
2024-01-25,0.0012204762340791693,0.00542418729289526,0.003962127078988696,0.0065133634445819
2024-01-26,-0.0059755383715407095,-0.0012712454625672064,-0.0006949345993064864,-0.0019177281136285192
2024-01-29,0.01018851614563674,0.007888228686132159,0.007033690942252051,0.011450717144438972
2024-01-30,-0.0066788241736019435,-0.000773846025234142,0.0013795741766668092,0.009025015716638895
2024-01-31,-0.01978048397901206,-0.016451798302875343,-0.0007426235867567754,0.009772499913335949
2024-02-01,0.011706535512716542,0.01300317225823186,0.010346957700093572,0.019426099493621233
2024-02-02,0.01675943176101734,0.010472449114522624,-0.009498266920115546,-0.022336362009579155
2024-02-05,-0.001306182587147866,-0.0036478814776335308,-0.005529246178959096,-0.020400253768428415
2024-02-06,-0.0020092845335771643,0.0028989941340208636,0.0052110917695982265,0.009726179609525381
2024-02-07,0.010237507517397328,0.008305922275241068,-0.0002652330017039186,-0.004851265030146594
2024-02-08,0.001850221696316279,0.00044165381261616015,-0.0009022539588233346,-0.005831714793300462
2024-02-09,0.009795004810061944,0.005762639588255239,-0.003883683822386861,-0.002022552324342131
2024-02-12,-0.003920157565093598,-0.00043905324499585115,-0.0026153866387210066,0.0011716252269778772
2024-02-13,-0.015720076520425594,-0.013868758008529557,-0.01388463719494907,-0.017283526690705802
2024-02-14,0.010838412078593738,0.009046606827469368,-0.0005962900909107332,0.005076389919497144
2024-02-15,0.002973218104473421,0.006876064896467465,0.00670130851432818,0.005158118605604705
2024-02-16,-0.009108966778003337,-0.0049924261687469265,0.0036558786728406838,-0.005804414085620427
2024-02-20,-0.007576737523436622,-0.00552061056940258,0.006045896751115412,0.0008617528236674848
2024-02-21,-0.004009814643363906,0.0009054356807234696,5.331114505738622e-05,-0.007134092562206482
2024-02-22,0.028855314196691843,0.020484264176965597,0.0004266309391015458,0.004869471832229284
2024-02-23,-0.002949090854319068,0.0006894057831889809,0.005635602023986148,0.013297680159994996
2024-02-26,-0.0005267960966164601,-0.0036692302736837036,-0.002229172292928307,-0.002986914069695256
2024-02-27,0.002402447764965943,0.0018559805583433426,-0.0010632481058260926,-0.007077161372245424
2024-02-28,-0.005338884536845699,-0.0013224805336457346,0.001806857807827473,0.0063288165515715585
2024-02-29,0.008533009033521022,0.0035884833867536377,0.0051370494877010335,0.007032494449452661
2024-03-01,0.01494468545857052,0.00934453172990632,0.018734204946424127,0.006211787716403
2024-03-04,-0.0035745669848747277,-0.0010730390801268377,0.016045575240364,-0.004030477265421011
2024-03-05,-0.01811262749831704,-0.010044451878340023,0.006002093012312608,0.014140896456885007
2024-03-06,0.00626409645213258,0.005054502642797866,0.008181839163568716,0.005851065941087831
2024-03-07,0.015063995192238291,0.009877480133949573,0.005667751261581818,-0.0009379660588340465
2024-03-08,-0.014540098300179976,-0.0060203370254526085,0.008417025116951235,-0.0017741748338699838
2024-03-11,-0.0037196227603049315,-0.00086017441588475,0.0018333385345244608,-0.0005222844705376977
2024-03-12,0.014233268389163738,0.010699815542633186,-0.011000916093968595,-0.008396547300854451
2024-03-13,-0.007715848900235911,-0.0015686703006867425,0.006982966028737541,-0.004860025667793067
2024-03-14,-0.0025243728792506115,-0.0019787303896829905,-0.004183879789555109,-0.015475955331119852
2024-03-15,-0.011958122583217164,-0.0068902792259121085,-0.003199519647615261,-0.0003227121773317269
2024-03-18,0.009492220676085386,0.005925566112634229,0.0016010012977577042,-0.003017219772367582
2024-03-19,0.002488356396093714,0.005541802050476984,-0.0011504677080451668,0.002801873157374921
2024-03-20,0.011787008737575719,0.009206712805990377,0.011841472011166752,-0.0003228858902215064
2024-03-21,0.004721025880360575,0.0032994802163860155,-0.0010391759354036452,0.002150752967534273
2024-03-22,0.001143156369778119,-0.001897868533603882,-0.008053310017860683,0.009515349423895378
2024-03-25,-0.0036357657529232875,-0.002766557789295234,0.0031893153617754324,-0.005013900796639894
2024-03-26,-0.00324285711498542,-0.0018487529897716125,0.0032287432792988957,0.002776790795696247
2024-03-27,0.0034003277440288306,0.008368715990755206,0.007214572450621008,0.009868969682357792
2024-03-28,-0.0018451940685625383,-0.00019109168192570612,0.01281752820240996,-0.0008450366401272414
2024-04-01,0.0021148291483777423,-0.0017412335489163395,0.01015632882706488,-0.018817037369239165
2024-04-02,-0.008667588686514105,-0.006378516787242571,0.014664311961913869,-0.0055256671991174445
2024-04-03,0.002241769578546032,0.001097832548339859,0.008734121015036823,-0.00021762492496919502
2024-04-04,-0.015408744899104874,-0.012281140054213439,-0.005751211782367559,0.007146842553510372
2024-04-05,0.011714940146502359,0.010392672722596046,0.01696939930469014,-0.014016576870926353
2024-04-08,0.00029507386141933243,0.0005591787165810059,0.006209168519561672,-0.00010953569103366542
2024-04-09,0.003692786566567164,0.001156086594016761,0.005482001328254476,0.009259000161126634
2024-04-10,-0.00876683284032635,-0.010063537038209922,-0.009508923035404604,-0.0220342855683221
2024-04-11,0.015842023319429053,0.0075186680192664244,0.01924683287449554,-0.004554866258660791
2024-04-12,-0.01607020422364341,-0.013899352318913212,-0.013327746093360097,0.005330308986104787
2024-04-15,-0.01658787327006146,-0.012607193948803358,0.01854610800435578,-0.015626938885153353
2024-04-16,9.287667002204132e-05,-0.0018255019023188741,0.0012212692273934644,-0.006659495520687021
2024-04-17,-0.012276520820338376,-0.005935834916087598,-0.007395532411290297,0.011037275801490722
2024-04-18,-0.00572262775510254,-0.0020598087613339336,0.0034096367107846366,-0.005053116800339777
2024-04-19,-0.020906279438815865,-0.008766740708629676,0.0031266420969041134,0.0035958933013576035
2024-04-22,0.01000659191864068,0.009167149185368376,-0.025012716627157542,-0.0016838990155455386
2024-04-23,0.014812627496927943,0.011796682378481346,-0.0024616906480957905,0.0003371721987448263
2024-04-24,0.0033819955041759766,-0.0004747991615612476,-0.0018618228395408355,-0.007101545239287813
2024-04-25,-0.004841663362392539,-0.0038061604126816426,0.005945756955740473,-0.0070385771740841315
2024-04-26,0.015313775708860278,0.009429361179062387,0.0032366836371748075,0.005227131975381648
2024-04-29,0.004052192514063847,0.0035351822739511604,-0.002033283758808563,0.008350942937170834
2024-04-30,-0.019036202898090278,-0.015968045383426152,-0.02013850411793736,-0.008577755241499962
2024-05-01,-0.0072568599100117205,-0.0032523165538709863,0.009021337418355644,0.0073439504959768075
2024-05-02,0.012682598423878243,0.009309844530377863,-0.003091862325121168,0.004281823862368758
2024-05-03,0.01989909999373019,0.012319211485962201,-0.0007979449099420573,0.01006830691294057
2024-05-06,0.010893819945000355,0.010273852942172897,0.010463427933373832,0.003887937234499639
2024-05-07,0.00015908366723078624,0.0011028344525631402,-0.00461094049941965,0.006080008502120626
2024-05-08,-0.000590680128099587,9.652581598264104e-05,-0.0029453952906236033,-0.006080008502120555
2024-05-09,0.002179079735148814,0.005745344237548735,0.01565541986116323,0.004866816535946534
2024-05-10,0.0023554976217162707,0.0012874513449065777,0.008079783894319735,-0.005642942229640775
2024-05-13,0.002304609036573118,0.000134269087626677,-0.011265319955387511,0.0025488486748156615
2024-05-14,0.006411652375723276,0.0045775615492293165,0.008426442720749588,0.00562879742139332
2024-05-15,0.015509417582996761,0.012307024812643657,0.012757032448187955,0.01355521314446891
2024-05-16,-0.002033341808399965,-0.0020597496573343944,-0.003900942141432421,-0.0009778873938898153
2024-05-17,-0.00048687669432330373,0.0014365753842527883,0.016363162829441925,-0.006761180425235924
2024-05-20,0.006948439141112796,0.0011516700310504932,0.004015863208074463,-0.002958757093230314
2024-05-21,0.001954431939824147,0.0024492508085879683,-0.0014706294501547247,0.005144844940357556
2024-05-22,-0.00019730405212548417,-0.0028832889797911817,-0.018544867564565665,0.00120021654969947
2024-05-23,-0.004508679343412038,-0.007331025034720593,-0.02014614803918644,-0.006454717233346256
2024-05-24,0.009412033240460622,0.006594488809649494,0.0009266841017383871,0.0029589025655380914
2024-05-28,0.0037705294386647025,0.0006986369235108239,0.01045829379441463,-0.01443931027306753
2024-05-29,-0.007073346314924534,-0.007027101006655498,-0.009347362870368763,-0.012175657631983788
2024-05-30,-0.010771136275515056,-0.006656001635242231,0.0018949634848045166,0.009618875213675196
2024-05-31,-0.0018620213572035128,0.009067084787084987,-0.005881436093592545,0.006766522421444111
2024-06-03,0.005354996139152809,0.0008150465314614736,0.008878251926791354,0.016045371031765263
2024-06-04,0.002732888948654158,0.0011171494054715702,-0.00901759641821021,0.011613645452902525
2024-06-05,0.019959087339185437,0.011815100104059055,0.011775993219294973,0.007310938595870392
2024-06-06,-0.0003452265426575075,-1.87197994266453e-05,0.0073641743967564136,-0.0015008916756506206
2024-06-07,-0.0008851583152134425,-0.0012163751047980704,-0.036335512840658196,-0.018516029012482758
2024-06-10,0.0040311480688350705,0.003084997781907804,0.009126408480625946,-0.006689011402835472
2024-06-11,0.006839206501792198,0.0024053841823281933,0.0028525382508942246,0.010289035154064404
2024-06-12,0.013012656885615871,0.008179462845992174,0.002658183908153708,0.007485901129773662
2024-06-13,0.005405690953754413,0.0020114768991622927,-0.008183543017197694,0.01459252474795475
2024-06-14,0.005167800454352499,0.0006082441963093793,0.012876289526632455,0.008379755712046903
2024-06-17,0.012175416431487045,0.007927325744803558,-0.005205175700450875,-0.009978829086076682
2024-06-18,0.0003092425387212965,0.0025374158553277495,0.0039992641040523845,0.009133436707374983
2024-06-20,-0.00773791071793454,-0.002720148485951859,0.012407060942233438,-0.006682580128077125
2024-06-21,-0.002682942527086671,-0.0013416295661494864,-0.015614512577113812,0.0
2024-06-24,-0.011449869712018381,-0.0032558398127564467,0.0039497558204108826,0.004036134662933592
2024-06-25,0.011370716722033743,0.0038435715946311586,-0.004974590412272679,0.0016945454837534206
2024-06-26,0.002062980124650556,0.0012471311182357223,-0.009271011435783051,-0.014388663903422553
2024-06-27,0.002577986070060634,0.0015753301544397802,0.011273144249924162,0.003963998231044814
2024-06-28,-0.005204383188700124,-0.00394293137277552,9.297215668029186e-05,-0.018780830542895657
2024-07-01,0.005847890420866042,0.002055964221219133,0.0026012036358740546,-0.017409610986162238
2024-07-02,0.01044495359196768,0.006707386103364593,-4.643502198142268e-05,0.007755593390402783
2024-07-03,0.008302458074121801,0.0044524947675489345,0.01120993363706169,0.013047505083194251
2024-07-05,0.010372902375062006,0.005749847142849864,0.013396660734694752,0.008244960527567577
2024-07-08,0.00237545927257247,0.0011534450368184438,-0.012479622087256387,0.0021585670954313435
2024-07-09,0.0008641682406444579,0.0009718579697441702,0.00169431118809057,-0.004430154253733464
2024-07-10,0.010372543528860544,0.009846720986538215,0.003653653384415314,0.0031355732062689446
2024-07-11,-0.022174125957870328,-0.008659977850654699,0.017578001160184497,0.009668102287135397
2024-07-12,0.005857629838231411,0.006287657188911254,-0.0006272936376368344,0.004266968686091073
2024-07-15,0.0026841368714612948,0.002746377872796011,0.0032219172131206842,-0.011563343799360288
2024-07-16,0.0003828872007477715,0.005912540552019239,0.01972987782004887,0.014008556270805989
2024-07-17,-0.029794319336163357,-0.01412021962055724,-0.0046540195707980275,0.00021258798854684394
2024-07-18,-0.004743800912291101,-0.007714711404336674,-0.006401633154546632,-0.007673461698758357
2024-07-19,-0.008903031237107001,-0.0066624902633928415,-0.018100662230646155,-0.0059015851230797564
2024-07-22,0.014787836339555422,0.010257010403390235,0.0003156824791686295,-0.002909988140168313
2024-07-23,-0.0035309322222834656,-0.0015699219610917938,0.003510507096461622,-0.001404183208235394
2024-07-24,-0.03652946309415781,-0.02292314690370711,-0.0035105070964615765,-0.01086738854320601
2024-07-25,-0.011088859429155513,-0.005224052800104803,-0.015768400613655725,0.008161812762875727
2024-07-26,0.01020366545358681,0.011137465421574703,0.010479424389843233,0.007772608147166935
2024-07-29,0.0020067466229655552,0.0005875797822236205,-0.0014060442276131696,0.005362643942037588
2024-07-30,-0.013826464839786798,-0.005079321840049524,0.009935936183544776,0.0038433567574407894
2024-07-31,0.02916419245269128,0.016124125495200158,0.017948680176279857,0.010177173914227976
2024-08-01,-0.024519614167506535,-0.014262286187124633,-0.003448883709883457,0.008587876512414178
2024-08-02,-0.024021155357851626,-0.018793921947173414,-0.0019064443892985788,0.03068558141844409
2024-08-05,-0.03026973895437818,-0.02955626962300191,-0.01277316576262444,0.0052770709400297424
2024-08-06,0.00950980827253762,0.009177305991731135,-0.008032891286850252,-0.02262238570234849
2024-08-07,-0.010888909698203901,-0.006706508546842464,-0.0006798590470787476,-0.007064762758610134
2024-08-08,0.030132475653051573,0.022854217682008363,0.01556622880577821,-0.006170782247311268
2024-08-09,0.005208706138156684,0.004399965431595691,0.002452251987911254,0.009813143398733267
2024-08-12,0.0021513474622876947,0.0005253679003666672,0.01699935451192235,0.003629476851522638
2024-08-13,0.024509803283032247,0.016311858042216153,-0.0015335341694870399,0.006911319326197174
2024-08-14,0.0003242850872189317,0.0031497286166253516,-0.008189191333501105,0.006250699463113906
2024-08-15,0.024949402900440468,0.016994947562942137,0.0031339290416113642,-0.008103063551092358
2024-08-16,0.0012848714517828897,0.00223943705910252,0.0221408117352879,0.0034957856821172207
2024-08-19,0.013050398091457456,0.009516145672642091,-0.0016393656726291592,0.004607277868975245
2024-08-20,-0.002100766256872812,-0.0016274215360631377,0.003663270802502215,0.007936775567244004
2024-08-21,0.004653305705541391,0.0034305035703592764,-0.0013345079227065216,0.000607762689512006
2024-08-22,-0.015981910387227218,-0.00787931525420633,-0.012047289256477975,-0.00997565674097533
2024-08-23,0.010787152214731177,0.010569148533023003,0.011487194343258993,0.006525953171447873
2024-08-26,-0.00975582602142619,-0.0023864677928622418,0.0031842629268953445,-0.002544131535868846
2024-08-27,0.002982892416503875,0.001372007176515326,0.00270301522962425,-0.0017336513647110354
2024-08-28,-0.011412311794434757,-0.005822071263092202,-0.007051666972008083,-0.0012254980314778782
2024-08-29,-0.0014648880319587596,8.934434409351605e-05,0.005164620716356872,-0.0032757425663342376
2024-08-30,0.011848946964350598,0.009500823854980536,-0.0071515197828322195,-0.010720757746243117
2024-09-03,-0.030831469640807904,-0.020793485649196607,-0.00433295027353233,0.01622294132753531
2024-09-04,-0.002601877235334257,-0.0020490586721779993,0.0006077417877377091,0.012807761854646112
2024-09-05,0.0009332466660962932,-0.0024351786107218686,0.008297784905920138,0.005639925684795913
2024-09-06,-0.0271526728897827,-0.01697337801131114,-0.007430165851405754,-0.00010033057761440249
2024-09-09,0.01277763882590961,0.01113389946873222,0.004197056104325384,0.004309739470487251
2024-09-10,0.009199378791312966,0.004346501080100283,0.004394427867847918,0.006976463533498733
2024-09-11,0.021483022316224346,0.010206523620056668,-0.0015918222264343484,-0.0007950317693688457
2024-09-12,0.009768172121902743,0.008388041810298615,0.01741476344611925,-0.004682544788777461
2024-09-13,0.00446992149001786,0.005209170178961895,0.009894570827460453,0.002692716710477726
2024-09-16,-0.004427654025587112,0.0014757200282552762,-8.375168155570817e-05,0.0091205547633929
2024-09-17,0.000528030393066043,0.00040859449128810647,-0.005546263478781612,-0.004847380376381693
2024-09-18,-0.004338884333819197,-0.002970293866462126,-0.007740344731775493,-0.012473232699027722
2024-09-19,0.02496989693473785,0.016920386339447844,0.015421236419487627,-0.0033192174271038013
2024-09-20,-0.0019051150341930967,-0.001730003415834439,0.012630557682531525,-0.003835434575625962
2024-09-23,0.002647166624114835,0.002495693010498627,0.00193852671610104,-0.002126238840035111
2024-09-24,0.004811919411873933,0.0028572046691960396,0.013872405171650835,-0.00020258338347879358
2024-09-25,0.0009267332673437553,-0.002207945405217551,-0.0013827232563758825,-0.008347048540372165
2024-09-26,0.007485040019910641,0.003956787190888746,0.005073989582052931,0.0023483194682112096
2024-09-27,-0.00557255893855182,-0.001451300124129885,-0.00796748708764577,0.0051874132500314375
2024-09-30,0.002708157752495713,0.003999234807808444,-0.008031540905021974,-0.004779686360334733
2024-10-01,-0.014030376489560216,-0.00899890168157346,0.01043659814331518,0.007194228283925504
2024-10-02,0.001411954639589657,0.0004221018038386247,0.000203566476664949,-0.00846301178222411
2024-10-03,-0.0007472982752387359,-0.0018298157376937965,-0.0006922454344502302,-0.009464979050531536
2024-10-04,0.011827878217174573,0.009046239327263806,-0.00199802503899798,-0.012377273436916409
2024-10-07,-0.010769317371241904,-0.009081490218413237,-0.0033935140367649104,-0.007563960164996131
2024-10-08,0.014824101520236352,0.009413081443210061,-0.007399232494344503,0.0016859533459373563
2024-10-09,0.007837614694865045,0.006902599996154912,-0.0054610705017173605,-0.005701383404616305
2024-10-10,-0.001136228713604231,-0.001751640588350014,0.007316064767089658,-0.003925007555217278
2024-10-11,0.0015618885760054961,0.005970389101344098,0.01085428686886074,-0.004047077972251983
2024-10-14,0.008356531365414706,0.00814503772500351,-0.0016308312397319176,0.000746674037702612
2024-10-15,-0.013456944349256416,-0.007800066760368178,0.0034623584364339233,0.01208404671832648
2024-10-16,0.0001221965770665366,0.004337083756177991,0.0049891427128232555,0.004205477968197222
2024-10-17,0.000692331916229217,8.571841104107273e-05,0.005970452161761758,-0.015969728778263796
2024-10-18,0.006533283469751231,0.0038391758442182893,0.010562207979593495,0.0007460494039181904
2024-10-21,0.001919498945911092,-0.0016434507484425413,-0.0001990210805239133,-0.01762546673608099
2024-10-22,0.0010894069875950051,-0.000531296026432911,0.010729555523637746,0.0009752613440202031
2024-10-23,-0.01544250284487272,-0.009179374864803833,-0.012123752431615111,-0.0027115371313116915
2024-10-24,0.00807608994488564,0.0021602247995510912,0.007663817134299539,0.00638776930909136
2024-10-25,0.006075087688586327,-0.00034529265495347684,0.0020548662166116312,-0.005627706929095196
2024-10-28,0.00016147590623487594,0.0030867580515396625,3.945329776617785e-05,-0.0027169283126184103
2024-10-29,0.009562566841168777,0.0016168559496225485,0.010835937036952448,0.0015222601487845057
2024-10-30,-0.007586275682421091,-0.003029785042517763,0.005490789207931537,0.0029297128474223035
2024-10-31,-0.025566881447421527,-0.01979774486380912,-0.01561647178727062,0.0016235602853831234
2024-11-01,0.007371766615150746,0.004211575116980859,-0.004110813705942248,-0.014198440593104739
2024-11-04,-0.0029174410672197022,-0.002156259753305118,0.0014248987496042703,0.015402594396522428
2024-11-05,0.012676190115818806,0.012019354352281757,0.0022519104403696992,0.005297397896585884
2024-11-06,0.026800867444862757,0.024561442389958485,-0.030857976694085517,-0.027770251778561513
2024-11-07,0.01562157033831353,0.007702339320328504,0.01594864539186116,0.012449924571113751
2024-11-08,0.0011677229507856754,0.004322340448045738,-0.006792442588197375,0.012621100816487804
2024-11-11,-0.0005835118930825785,0.0009524511677883233,-0.02375140115119195,-0.004877339514534425
2024-11-12,-0.0018117416227836332,-0.0031111308201852463,-0.008668821068980244,-0.015107016319502585
2024-11-13,-0.0012874371917007074,0.00048559213523055963,-0.010132384997697268,-0.009531079652658926
2024-11-14,-0.006974060067396946,-0.0064508910698272475,-0.002612551531378293,0.005773863884696379
2024-11-15,-0.024114377015191257,-0.012891288247465191,-0.0017736414154014318,-0.002660854915373794
2024-11-18,0.006923652428714537,0.004088909489383745,0.01884162282592499,0.0017747488036795568
2024-11-19,0.0068561167854080335,0.003648813718772716,0.00891942849470824,0.00508450877743372
2024-11-20,-0.0005760757199600417,0.0003387072934337503,0.005616245032295766,-0.003202426706465764
2024-11-21,0.0035907570842301072,0.005354137007700684,0.008304918886222272,-0.0007746605783765188
2024-11-22,0.001602702163576128,0.00309452440508385,0.012809813332372074,0.00055351659434312
2024-11-25,0.0015803326351065121,0.003386398097854572,-0.029901483187305778,0.02555826436189416
2024-11-26,0.0053549601789159365,0.005207799166820229,0.001936433160954421,-0.0038897666762884903
2024-11-27,-0.007904596681746187,-0.0030346804875694806,0.0022202481870022992,0.006904819933596574
2024-11-29,0.008748483619189342,0.006192959849574734,0.008587567442534243,0.010268523483191473
2024-12-02,0.01082892824210459,0.0017907594778547762,-0.008792948302693988,0.002399747526815335
2024-12-03,0.003061690793508338,0.00046371009005398835,0.0020107532444556663,-0.008666399275585168
2024-12-04,0.012287107535991599,0.006190333520745398,0.00302908748607766,0.010688373856055118
2024-12-05,-0.0027750207849321948,-0.0016469919824309846,-0.0074252082091734815,0.002018063549362968
2024-12-06,0.008909859084494152,0.0018938019044668598,0.0003705001517975754,0.0014842858802130206
2024-12-09,-0.00781795664825898,-0.005162946150536153,0.009870874002918592,-0.009259965475097229
2024-12-10,-0.0034134207937716776,-0.0031138291967242886,0.013078415980993926,-0.004715759056587221
2024-12-11,0.017744036890591414,0.0077008246428850935,0.009488652360594872,-0.009499280819496622
2024-12-12,-0.0064746628174354205,-0.005165928305660837,-0.01477229774782158,-0.012222047880242183
2024-12-13,0.007625165280789083,-0.00019853923443790628,-0.01216527622337442,-0.01026315781649174
2024-12-16,0.014297893797176994,0.0042608471955477715,0.00241229791280552,0.0029905613403416287
2024-12-17,-0.004413579786032943,-0.0041285514802842085,-0.003846011153453628,0.0024301096115545285
2024-12-18,-0.036743679205277074,-0.030256668259468975,-0.01937149963953244,-0.012583008969403115
2024-12-19,-0.004463144315163748,-0.0003072050461853431,0.0014200879312812307,-0.015257123982119196
2024-12-20,0.008694461833242986,0.01193952489053526,0.01037999743966833,0.005677804115559527
2024-12-23,0.009695620637275384,0.005970514162665004,-0.004719916680210798,-0.009214544392455257
2024-12-24,0.013468744521047862,0.011053661206948525,0.001990032656870636,0.004219933127414177
2024-12-26,-0.0006796385722478243,6.655437751065188e-05,0.0067284927019149185,-0.0005693853471546883
2024-12-27,-0.013382172525832202,-0.010582299946406014,-0.006894214453703814,-0.008232348024873196
2024-12-30,-0.013389122241982977,-0.011477180228152799,-0.0031947790408758405,0.008004539243324007
2024-12-31,-0.008531102871737471,-0.0036448119558877942,0.006214287831739849,-0.005367591876019851
2025-01-02,-0.001957942893181035,-0.0024599179407126417,0.013496228917030742,0.002744416583224724
2025-01-03,0.01623276771392682,0.01242582368869542,-0.007895124609843816,-0.003202461562921272
2025-01-06,0.011427253960616505,0.005744077916984511,-0.0012328556129918074,-0.0044778359877207866
2025-01-07,-0.018005334904620172,-0.011368405897311777,0.0056176267350635505,-0.011341309993723129
2025-01-08,0.00017467983187404302,0.0014598647261119056,0.005301603121984425,0.0012795058779999466
2025-01-10,-0.015805298633426643,-0.015385165785878356,0.009512918374949771,-0.006647823870910178
2025-01-13,-0.003219034241522094,0.0015492649761759255,-0.01000110030367562,-0.00035098551760045024
2025-01-14,-0.0009498062001392091,0.0013750300536738498,0.005235693007988435,-0.001640152695305932
2025-01-15,0.022745547639188467,0.018026643000819152,0.007461090407550896,0.017088289057281564
2025-01-16,-0.0070306176697460514,-0.0019251471495716124,0.0068871946090514665,0.0032223583872454118
2025-01-17,0.01673761656646132,0.009989865080218893,-0.005321403332684962,0.0017217414677283263
2025-01-21,0.005847819933359453,0.009111944356567505,0.015366546556984287,0.008906211625683893
2025-01-22,0.012704794905832295,0.005605651571983345,0.005122510213068569,-0.005242708372688736
2025-01-23,0.002123734908637961,0.005443244418531695,-0.0014158718257654048,-0.007800856685346797
2025-01-24,-0.005667100165212366,-0.0029235796672487865,0.006199449222329872,0.004481437296083204
2025-01-27,-0.02954675113191617,-0.014246386412346617,-0.010459313683880304,0.011739963641963015
2025-01-28,0.014671592886365638,0.008555786438487667,0.008619165823801737,-0.0006800701999507591
2025-01-29,-0.001879740337336473,-0.004493079310707627,-0.0038478030414185464,-0.002042989983947235
2025-01-30,0.004253301865010305,0.005352725532306574,0.015031970539815968,0.003742299090344076
2025-01-31,-0.001454193463283712,-0.0053360494695819,0.0019744486005825435,-0.006587028690546422
2025-02-03,-0.008035257507144754,-0.006752350703360224,0.005323078655223283,0.00810896233351152
2025-02-04,0.012200535499595546,0.006685849410039085,0.00980023748604468,0.00305786691934484
2025-02-05,0.004527749301366111,0.004046265706256761,0.00619034264242983,0.016375559437528497
2025-02-06,0.005206079774847174,0.003469678562349469,-0.0026537744373774834,-0.00044517547760276806
2025-02-07,-0.012693498098385318,-0.00919569809493369,0.001782570144409176,-0.006476085594346885
2025-02-10,0.012032497818458422,0.006768218284159845,0.01679638680250656,-0.003029049542473619
2025-02-11,-0.002383666202312468,0.0007603140854027565,-0.003658285589870855,-0.006425248823105226
2025-02-12,0.0005869691172215144,-0.003226660939431782,0.001046607072714827,-0.013662884079039084
2025-02-13,0.014283421580321202,0.010502148918423042,0.009814510830150894,0.01648605808151841
2025-02-14,0.004189613588181691,-4.917801771869773e-05,-0.014983466926549421,0.005285983152992963
2025-02-18,0.0022644327686943055,0.0029315069126367678,0.01642526914447792,-0.011847881611805012
2025-02-19,0.0002781374710954131,0.002352132731397898,0.0005539429240083393,0.0012476457971038707
2025-02-20,-0.004253645958759668,-0.004168892495178946,0.000516699154436362,0.00373433946259988
2025-02-21,-0.020972904968208698,-0.01725204363148729,-0.0009229691054979344,0.01201225351781191
2025-02-24,-0.01187455158961546,-0.00456086026082417,0.0054148811569904014,0.00289739413606046
2025-02-25,-0.012679377457721196,-0.004985552275621882,-0.013276072540975698,0.017100118459741385
2025-02-26,0.0024127119163997756,0.0005045632209197029,0.0015251697060953886,0.005889471776522135
2025-02-27,-0.028164205981419995,-0.016090623826156274,-0.015357280506670757,-0.0070934560732114574
2025-02-28,0.01566809776321374,0.015485034506379109,-0.006285532695668532,0.012191380161148218
2025-03-03,-0.022125376972184082,-0.017675241088365032,0.01309428477593445,0.0046559694011366224
2025-03-04,-0.0030223686573411382,-0.011907462830710888,0.008660029400338953,-0.012391455729234736
2025-03-05,0.012951814254559482,0.010690447516776258,0.0020791481693780457,-0.008016407805581494
2025-03-06,-0.027894835827860447,-0.01791057096849695,-0.005094160642131142,-0.0033128402654204474
2025-03-07,0.0073266176352659255,0.005589195542359562,0.0005218196474086795,-0.0032133276187358726
2025-03-10,-0.039527381748525305,-0.02699664468575546,-0.008794495623060066,0.010377703251152469
2025-03-11,-0.002393267040050231,-0.008347645654197202,0.01165930639065754,-0.007164375632416697
2025-03-12,0.0112176200075235,0.0052924924931273,0.004337373317600702,-0.005991507219790349
2025-03-13,-0.018154287805841045,-0.013420057692316668,0.01760034574283983,0.008753027015274573
2025-03-14,0.023882958149482422,0.020445237353771503,0.0003996778676249641,-0.005309248707513245
2025-03-17,0.0064628376591263645,0.007681735692096666,0.005398932434643415,0.00497831046849468
2025-03-18,-0.01719440204179265,-0.010867206200916149,0.011604364010877142,0.0009925732633249463
2025-03-19,0.013292603132392345,0.01083192348293608,0.00409929439969153,0.005168164620643107
2025-03-20,-0.003395255549109468,-0.002895903099589065,-0.0012814060805390753,0.0006577038902952934
2025-03-21,0.0032912910951761443,0.00032984887668741254,-0.008082476604942154,-0.005936183065308349
2025-03-24,0.0217070180520431,0.01775002554157155,-0.004462490783133984,-0.01030648999419447
2025-03-25,0.005690356572019219,0.0024009669224084934,0.004390711790074645,-0.00011146974984733406
2025-03-26,-0.018572046610728372,-0.012010105517123584,-0.0008263225124260293,-0.006594826904934822
2025-03-27,-0.005714325509091598,-0.0026592550291813675,0.013316671121389569,-0.0029197770698006
2025-03-28,-0.026680557631610955,-0.02034379099894221,0.007384788228782128,0.013739294303269542
2025-03-31,-4.259374791611601e-05,0.006690338127343354,0.014261049112946074,0.009825160759103758
2025-04-01,0.008028705673508146,0.0028204080309040367,-0.0019801896396476866,0.00862821426393014
2025-04-02,0.007271927039316069,0.006308447249504858,0.0020495598046479263,-0.0006560484190615199
2025-04-03,-0.055019742711246315,-0.05053643159374749,-0.0060565822044141146,0.004583069539070457
2025-04-04,-0.06412140245887239,-0.06032662167136368,-0.02367020473214484,0.0108286722282237
2025-04-07,0.0024103080894647745,-0.0017827802230097108,-0.021719986685703737,-0.030620270161197467
2025-04-08,-0.018172635390950046,-0.015786715866889917,0.0054290299021522185,-0.01905889142198197
2025-04-09,0.11335620110128078,0.09986284093397199,0.036323492196158734,0.005868435779097227
2025-04-10,-0.04346317744633096,-0.04480801382078032,0.02413009288681445,-0.027955514238595464
2025-04-11,0.018255460071624447,0.017685473251810052,0.01890679950058093,0.0054238214668789145
2025-04-14,0.006755334654286724,0.00965459170866722,-0.005722318290653523,0.007110050565828147
2025-04-15,0.0011140747563589011,-0.0028048225638475327,0.005218738019025799,0.0035361573970633213
2025-04-16,-0.030617464015845627,-0.022478660978854155,0.032022570753676,0.0055641259380559
2025-04-17,-0.00018009121617100553,0.001425655061578993,-0.004400359490663115,-0.008871725879079919
2025-04-21,-0.025058109782821105,-0.024090543553597184,0.030466725196562627,-0.0176342589184775
2025-04-22,0.025913443595508928,0.025685096150561228,-0.014297390879940051,0.005565988380191956
2025-04-23,0.02242479982478979,0.015376581499883756,-0.024270798064606143,0.009666257761560144
2025-04-24,0.027748536555936974,0.02083049495830565,0.014451351409752674,0.010480718331973253
2025-04-25,0.011086262185731858,0.007199251998077734,-0.010900878955956528,0.007339350964687245
2025-04-28,-0.00031747034922701475,0.000381300157892265,0.014141637459613693,0.006280153732881113
2025-04-29,0.006582769315916778,0.006279577560275361,-0.009786658970495412,0.008349528354501186
2025-04-30,-0.00012620867173252024,0.00039692357627664205,-0.007510353244041899,-0.008125927326656021
2025-05-01,0.012976164220764575,0.007061868617130827,-0.02099106650379782,-0.005083402792119598
2025-05-02,0.014734827284796323,0.014735075985805098,0.0017466735903771576,-0.010883214058545301
2025-05-05,-0.005950220075952917,-0.005750825398621498,0.029430400577679455,-0.005601150225158847
2025-05-06,-0.009345226163096755,-0.008393511655177027,0.027638515747736927,0.003318683286665227
2025-05-07,0.003918254811520489,0.004196646774874043,-0.015106592963135799,0.004218266860263057
2025-05-08,0.010271927557408649,0.006943668378215112,-0.019890788928179075,-0.011211642192403094
2025-05-09,-0.0006555713141936432,-0.0012748839406266153,0.007228485693538802,0.0014945006975090678
2025-05-12,0.03993216403666301,0.0325130574340947,-0.028595551740996136,-0.009348551306030104
2025-05-13,0.015125721470695535,0.006582114720934644,0.004249948759953267,-0.004066748873076314
2025-05-14,0.005975340236585023,0.0012772252271015705,-0.02126227662564288,-0.00665862447813965
2025-05-15,0.0010982691372681532,0.0048724831657901415,0.015837869719407486,0.008752093301891207
2025-05-16,0.004343048836888881,0.006314107041558165,-0.012160689602209927,0.002668787196645497
2025-05-19,0.0009583729920377644,0.0010932218347505145,0.012798420816745652,-0.0029010976736375937
2025-05-20,-0.0033388126868614033,-0.0033678482890813458,0.018450974483986242,-0.007231273206689253
2025-05-21,-0.013994219384484289,-0.016994341107077825,0.007351594562024017,-0.017237675910906945
2025-05-22,0.0018695335624343216,0.0003945465027704468,-0.008900989925318167,0.005226314790975552
2025-05-23,-0.009303948777812501,-0.006849173621262901,0.021669792905121613,0.0016570508006879252
2025-05-27,0.023252787432276805,0.02057744036144188,-0.017094433359300068,0.01385997908129227
2025-05-28,-0.004441782622563922,-0.005802273498618257,-0.002268589173612519,-0.004325453983543672
2025-05-29,0.001963776191593376,0.003939718464598174,0.0059072333619440654,0.00921261669410456
2025-05-30,-0.0015783486480832518,-0.0011192004714900474,-0.006598665713002106,0.001507575980514513
2025-06-02,0.007867182575506672,0.005617178062261446,0.026233913208447007,-0.009350044413074686
2025-06-03,0.007786630582708992,0.005686417991871319,-0.008894994642019345,-0.0017630913608455408
2025-06-04,0.002783953907133931,-0.0002685047223062127,0.0064213132412345815,0.016103109773247068
2025-06-05,-0.007555401405861817,-0.0048445226173514265,-0.005062672644074125,0.0006942517938253595
2025-06-06,0.009727820978865667,0.010216642525801404,-0.01350688232494814,-0.012805596150177916
2025-06-09,0.0014709070023190482,0.0009008968562247442,0.004707437493749117,0.0010538316758078809
2025-06-10,0.006592151635518247,0.005653693855177887,0.00029346792267399537,0.005136512981260998
2025-06-11,-0.003375264916192408,-0.002856128102832432,0.005397696978330561,0.0030229186336963466
2025-06-12,0.0023451389420199426,0.003966407630085665,0.01234370232269246,0.01188633348228802
2025-06-13,-0.01263420761211029,-0.011243074969229609,0.01301549409169947,-0.00968298653095035
2025-06-16,0.013813992214316343,0.009469233755242069,-0.014361734303802328,-0.010128673511198871
2025-06-17,-0.009799096483396628,-0.008581854127647013,0.0005130624809404316,0.012095939812447333
2025-06-18,-0.00017021355366510826,-0.0001506161033653008,-0.00540018233840262,0.001732567418355781
2025-06-20,-0.00409151895820976,-0.0023513585762167215,-0.0004191069541604869,-0.0018481606788022596
2025-06-23,0.010229991694503998,0.009829016593287672,0.003058490504208936,0.0032320206126490378
2025-06-24,0.015176192833135472,0.010986704102658451,-0.015844238391270016,0.0072345020290599995
2025-06-25,0.00255325113877679,0.0005601619342149336,0.0030327025232496515,0.001257657592211291
2025-06-26,0.009306837173162512,0.007793392917548311,-0.0011076604529502278,0.005015404817013823
2025-06-27,0.0034178380946534486,0.004956008681924207,-0.018289975504647085,-0.006387733003790066
2025-06-30,0.0064560579006721405,0.004769815441853536,0.011913301279755133,0.009793066253838592
2025-07-01,-0.00846509645685952,-0.00032368220040918214,0.008883435847179964,0.0024763308958500635
2025-07-02,0.006941161930661852,0.004523030855777315,0.00551237530942954,-0.006373841101295542
2025-07-03,0.009792193273136492,0.00785045559545565,-0.006846293882020621,-0.006989379990560813
2025-07-07,-0.007561454981342333,-0.007479815896490338,0.0007485003525817282,-0.009589373310004923
2025-07-08,0.0005613884734801536,-0.0005479207089191895,-0.010498326962963742,-0.0012777075645719746
2025-07-09,0.0070540059461899045,0.005978707139298059,0.004461316177625558,0.010406960270897336
2025-07-10,-0.001439234960771626,0.0028163588264301406,0.002223316131965108,0.0006899675581540375
2025-07-11,-0.0022529321258646833,-0.0035216651004934293,0.00955577301886398,-0.013890530664333088
2025-07-14,0.0036203204297819364,0.001906389647718853,-0.0036620144241214002,-0.002100426356141431
2025-07-15,0.0009163718839960136,-0.00428242299610617,-0.004164364075514542,-0.007033151519109854
2025-07-16,0.0010233230321620675,0.0033376735176768686,0.004975696789391886,0.0014105930884272008
2025-07-17,0.008060243029934635,0.006101004139529751,-0.0021758989541098375,-0.0002349607127106543
2025-07-18,-0.0009616458388264867,-0.0007326275122662148,0.0025975477973482998,0.0015260764345932805
2025-07-21,0.0051713429627734935,0.0018943716692674637,0.015253192127432761,0.008876607692663548
2025-07-22,-0.005189198250889642,0.00014307932624502706,0.0094401831613078,0.00602826193366739
2025-07-23,0.004550933494539849,0.008471564710641907,-0.012478717461642091,-0.005563257105876482
2025-07-24,0.002126111032533959,0.0003309570071711339,-0.006137070328856787,-0.0017448841620943752
2025-07-25,0.0024040973679906323,0.004215460346697358,-0.009293039490678532,0.006267385335320477
2025-07-28,0.0031202816094910335,-0.0002511510301362438,-0.006494663067578282,-0.006500266764531399
2025-07-29,-0.0015500906103220482,-0.0026410937999173513,0.002746613677307996,0.016744888295283755
2025-07-30,0.001338939178626339,-0.0012601241922202157,-0.017424424698434752,-0.005166657551955591
2025-07-31,-0.0053132275457858725,-0.003758264215791461,0.006623418228251275,0.0005754030002724023
2025-08-01,-0.019895398463818742,-0.016526240510838598,0.020096397826572604,0.014116437905795884
2025-08-04,0.018283419881500795,0.015085436264082631,0.005806339793967675,0.0027291092908294907
2025-08-05,-0.006812615263410892,-0.005082860496476873,0.0008037680984962059,0.0030614809941624547
2025-08-06,0.012504658810873535,0.007630497853981992,-0.0021233597342562006,-0.005790590284991973
2025-08-07,0.003378634972949241,-0.0008379720638662589,0.008402586680171171,-0.0017095053439955112
2025-08-08,0.009284955664620646,0.007767324056395161,-0.00022360485625666846,-0.004343830282355611
2025-08-11,-0.0029632715702003127,-0.001979443649501129,-0.014479017992943764,0.0011449252305806674
2025-08-12,0.012490383527751878,0.010589818050777092,-0.0009078785028290671,-0.005047630115747781
2025-08-13,0.0004999522216384381,0.003417252815601217,0.003044643380447489,0.008246535167522781
2025-08-14,-0.0007756805790123659,9.300422245872846e-05,-0.006358881635978504,-0.007441843369851139
2025-08-15,-0.00440710112765581,-0.002343969928070605,0.0005856467855486066,-0.007150248648314768
2025-08-18,-0.00039856860938691145,-0.00021765951231838223,-0.0015624875893944005,-0.002897602918451889
2025-08-19,-0.013660360053868682,-0.005439914443276172,-0.005488312721199512,0.0057870126448293785
2025-08-20,-0.005955041952315552,-0.002660594798622479,0.010071289165624142,0.0021902707804689523
2025-08-21,-0.004640503105775894,-0.004019909160368552,-0.00347592916281607,-0.004963850520590801
2025-08-22,0.0153095837425766,0.015240081294933336,0.010649518982753443,0.007379215477478796
2025-08-25,-0.00288890392687823,-0.004410801816037441,-0.002417757282480456,-0.0028760244695020896
2025-08-26,0.004007258966198888,0.004178309909165952,0.0072358055476428994,-0.000576234500206851
2025-08-27,0.0015356189283573045,0.0022759229259971133,0.0020166939883499383,-0.0011533767676479415
2025-08-28,0.006240463574031367,0.003535122557784097,0.007391652350960381,0.006556650298520171
2025-08-29,-0.011642993718774397,-0.0059815359554893375,0.009603638858147003,-0.007133882610784032
2025-09-02,-0.008415519516921792,-0.007437871011363768,0.02336740250914344,-0.0074695707280511
2025-09-03,0.00783675282244587,0.005404927211009579,0.007801481349128729,0.010917733858278478
2025-09-04,0.009010742204055011,0.008322661163589809,-0.0044286747373555105,0.00759501859636072
2025-09-05,0.0014418639661317712,-0.00290045371047206,0.013257668006979742,0.015131995467007083
2025-09-08,0.004866134038716875,0.0024536162755646206,0.011323711365555902,0.013236207941157289
2025-09-09,0.0028291373973999686,0.0023091804382656847,-0.002272485609217019,-0.005699219176813373
2025-09-10,0.0003272074494409985,0.0028866921563847196,0.0035857690781288176,0.005699219176813488
2025-09-11,0.005803708708010692,0.008275888937158214,-0.0014924929949519461,0.006663862915158117
2025-09-12,0.004407395274497234,-0.0003346357786099409,0.0019696315993883206,-0.004326473376661281
2025-09-15,0.008520570600438543,0.005309758409937512,0.010351078276418409,0.0023320244127147793
2025-09-16,-0.0008454588502074913,-0.0013778180003623439,0.00200440059968761,0.002105064014465902
2025-09-17,-0.0019979267945099714,-0.001243128424584309,-0.007745087571334619,-0.00254887265605273
2025-09-18,0.008976543995876328,0.0046615708841597344,-0.004014356216469492,-0.010373086880780053
2025-09-19,0.006746549825234853,0.004940610284100535,0.010551365296973236,-0.001908009751963458
2025-09-22,0.005902585821084669,0.0047199188082894,0.017158380367683163,-0.003601269663267775
2025-09-23,-0.006664469716240992,-0.005458462106667478,0.004078048498240162,0.006965700273257938
2025-09-24,-0.003516769332558605,-0.003186637835817156,-0.009104369003754706,-0.0038137507154919464
2025-09-25,-0.004320587537941421,-0.004624179680054175,0.004156538489887818,0.0
2025-09-26,0.004102471338078098,0.005712728978095451,0.005755674720215595,-0.0008995932843100898
2025-09-29,0.004620431553650772,0.0028064678572210437,0.01636192499893196,0.008177910797898192
2025-09-30,0.0027354110657034046,0.0037597987345357456,0.008503744538253297,-0.002904955977100012
2025-10-01,0.004785580816090296,0.003401724390952921,0.0015741326049985922,0.002579185797936446
2025-10-02,0.004102605481099248,0.0011511936291651499,-0.003488904306035992,0.0029076954999252167
2025-10-03,-0.004218662483531714,-1.4866269470055505e-05,0.008000845595952238,-0.0019002681330021023
2025-10-06,0.007482183147598406,0.0035798480464479415,0.018670357712142448,-0.007975313717656926
2025-10-07,-0.005279601980486426,-0.003714384154067093,0.005146197838027116,0.005735263810782428
2025-10-08,0.011398606257687599,0.0059453328345677615,0.016356457714615965,0.0007845797627496419
2025-10-09,-0.001210974709830399,-0.00290122316948787,-0.018625225753276277,-0.0007845797627497105
2025-10-10,-0.03533114024025214,-0.027399732020099574,0.010047058859954893,0.016018131082639886
2025-10-13,0.020999352710809365,0.015227500463861956,0.024010471634505016,-0.0005520108330221587
2025-10-14,-0.0066833187376031606,-0.0012223889242512932,0.007115811676483972,0.0031968881735729747
2025-10-15,0.007032024455004099,0.004429723263551478,0.01718391083164241,-0.002203606628055512
2025-10-16,-0.0037098062713596335,-0.006833537080165666,0.02311798516943165,0.007472467239974637
2025-10-17,0.006545312916974969,0.005660264188947027,-0.018996349267191237,-0.0015339135361992972
2025-10-20,0.012522044925655833,0.010346764260710732,0.03575507474940295,0.0038305070762375388
